id,category,mediapipe_length_desc,from_landmark_index,to_landmark_index,pixel_length,length_cm,ratio,alt_cm,notes
0,pose,POSE_15_21,15,21,40.94163940297286
1,pose,POSE_16_20,16,20,69.95083956297385
2,pose,POSE_18_20,18,20,64.472190811704
3,pose,POSE_3_7,3,7,31.044767838258426
4,pose,POSE_14_16,14,16,88.04781450237738
5,pose,POSE_23_25,23,25,524.5001107274286
6,pose,POSE_28_30,28,30,64.9473497834722
7,pose,POSE_11_23,11,23,620.9238674779663
8,pose,POSE_27_31,27,31,153.64274629882786
9,pose,POSE_6_8,6,8,33.27100158843896
10,pose,POSE_15_17,15,17,108.65255533216661
11,pose,POSE_24_26,24,26,517.6236796361216
12,pose,POSE_16_22,16,22,80.12182154519633
13,pose,POSE_4_5,4,5,20.824875739020058
14,pose,POSE_5_6,5,6,20.959975892684458
15,pose,POSE_29_31,29,31,113.8355588626154
16,pose,POSE_12_24,12,24,607.5278455065857
17,pose,POSE_23_24,23,24,300.85976383343456
18,pose,POSE_0_1,0,1,53.11389255109115
19,pose,POSE_9_10,9,10,89.4702061284468
20,pose,POSE_1_2,1,2,19.930656890163657
21,pose,POSE_0_4,0,4,57.59499921965928
22,pose,POSE_11_13,11,13,321.78388234518957
23,pose,POSE_30_32,30,32,96.96915780230178
24,pose,POSE_28_32,28,32,155.12439762835163
25,pose,POSE_15_19,15,19,14.319028318668709
26,pose,POSE_16_18,16,18,13.68611366592628
27,pose,POSE_25_27,25,27,407.33953765970097
28,pose,POSE_26_28,26,28,433.8454464914029
29,pose,POSE_12_14,12,14,367.7118140403902
30,pose,POSE_17_19,17,19,97.68586310745833
31,pose,POSE_2_3,2,3,20.717239076443377
32,pose,POSE_11_12,11,12,453.549347823082
33,pose,POSE_27_29,27,29,63.84087919239825
34,pose,POSE_13_15,13,15,147.295336285367
35,face,FACE_18_17,18,17,9.286589393354651
36,face,FACE_82_38,82,38,2.2067904678096393
37,face,FACE_8_9,8,9,12.56895287881051
38,face,FACE_456_248,456,248,8.230855304237426
39,face,FACE_167_2,167,2,14.056275516719657
40,face,FACE_303_271,303,271,3.0795947731763427
41,face,FACE_69_104,69,104,21.877490405930754
42,face,FACE_253_450,253,450,7.914659896382106
43,face,FACE_41_42,41,42,6.974191049618633
44,face,FACE_315_16,315,16,11.333106002573318
45,face,FACE_73_74,73,74,7.790732127212464
46,face,FACE_339_373,339,373,11.468413104656198
47,face,FACE_258_385,258,385,7.5472642746027185
48,face,FACE_105_63,105,63,14.733140345446525
49,face,FACE_219_48,219,48,4.202794198599505
50,face,FACE_304_272,304,272,2.8375992449187764
51,face,FACE_236_217,236,217,5.372677594576125
52,face,FACE_231_22,231,22,6.096637071934759
53,face,FACE_85_84,85,84,5.717310742304816
54,face,FACE_365_367,365,367,27.33380459693658
55,face,FACE_237_218,237,218,5.7466389335206305
56,face,FACE_243_112,243,112,3.55317350683286
57,face,FACE_436_427,436,427,15.34423686216624
58,face,FACE_409_410,409,410,7.84611280972011
59,face,FACE_248_456,248,456,8.230855304237426
60,face,FACE_330_266,330,266,13.213095178033104
61,face,FACE_136_135,136,135,11.751172363910666
62,face,FACE_88_95,88,95,5.109242226793991
63,face,FACE_394_430,394,430,13.108252248711942
64,face,FACE_107_108,107,108,31.350597585194972
65,face,FACE_118_117,118,117,11.878186215892763
66,face,FACE_439_438,439,438,6.423621933811454
67,face,FACE_442_443,442,443,12.307912858182785
68,face,FACE_260_466,260,466,7.598512836143282
69,face,FACE_115_48,115,48,5.788610338901207
70,face,FACE_342_276,342,276,9.74828408811752
71,face,FACE_121_128,121,128,7.937323065049915
72,face,FACE_200_421,200,421,14.69189530101339
73,face,FACE_113_124,113,124,7.625845423529711
74,face,FACE_132_137,132,137,26.00808441222331
75,face,FACE_23_230,23,230,7.662975633434437
76,face,FACE_343_357,343,357,6.939773459548841
77,face,FACE_443_444,443,444,11.299676334180605
78,face,FACE_62_78,62,78,1.2199267362195583
79,face,FACE_26_155,26,155,5.10143234235727
80,face,FACE_228_110,228,110,9.866130123093704
81,face,FACE_432_434,432,434,13.372944410206172
82,face,FACE_364_379,364,379,28.07089907859586
83,face,FACE_325_308,325,308,4.129367858154035
84,face,FACE_424_430,424,430,18.012010954320633
85,face,FACE_36_205,36,205,17.62228579943855
86,face,FACE_363_420,363,420,6.529377016912367
87,face,FACE_21_162,21,162,18.48313096683886
88,face,FACE_328_462,328,462,7.094970783611062
89,face,FACE_419_351,419,351,9.824028833457394
90,face,FACE_366_345,366,345,26.030324391119695
91,face,FACE_193_8,193,8,16.42526023682157
92,face,FACE_363_456,363,456,8.900483652168877
93,face,FACE_183_80,183,80,7.646926986838603
94,face,FACE_307_375,307,375,2.4061492583278214
95,face,FACE_94_2,94,2,1.619978333126947
96,face,FACE_333_284,333,284,25.5017231114508
97,face,FACE_17_313,17,313,11.430548381800579
98,face,FACE_185_40,185,40,6.598973912214962
99,face,FACE_44_1,44,1,7.14230754967631
100,face,FACE_291_287,291,287,6.821079983764364
101,face,FACE_411_352,411,352,28.00385973757992
102,face,FACE_20_238,20,238,1.4005989390090894
103,face,FACE_59_166,59,166,1.2523756577253733
104,face,FACE_272_310,272,310,2.2532953661513946
105,face,FACE_420_437,420,437,8.345125904151827
106,face,FACE_387_260,387,260,11.03609524826087
107,face,FACE_130_226,130,226,7.293914802167992
108,face,FACE_51_45,51,45,11.632836849097377
109,face,FACE_175_377,175,377,20.377443870325546
110,face,FACE_202_214,202,214,20.825280222890505
111,face,FACE_353_383,353,383,8.892696465143754
112,face,FACE_339_448,339,448,10.756815116117075
113,face,FACE_291_408,291,408,6.553547885070775
114,face,FACE_466_260,466,260,7.598512836143282
115,face,FACE_264_454,264,454,21.767483045657066
116,face,FACE_457_440,457,440,7.175945147878077
117,face,FACE_355_429,355,429,6.938982967926588
118,face,FACE_96_89,96,89,5.726146777668122
119,face,FACE_128_121,128,121,7.937323065049915
120,face,FACE_187_207,187,207,13.93530497532578
121,face,FACE_360_278,360,278,10.695171441154015
122,face,FACE_306_307,306,307,5.053218233150311
123,face,FACE_446_467,446,467,11.301947486322666
124,face,FACE_165_39,165,39,10.396305468212972
125,face,FACE_337_151,337,151,25.335151283326887
126,face,FACE_168_193,168,193,10.69803172376867
127,face,FACE_73_41,73,41,3.3036257639017954
128,face,FACE_318_403,318,403,5.762801141955036
129,face,FACE_263_467,263,467,6.165794289629263
130,face,FACE_283_445,283,445,9.379234412427136
131,face,FACE_74_42,74,42,3.069576521935281
132,face,FACE_201_83,201,83,9.330343916231062
133,face,FACE_65_222,65,222,5.114630246045392
134,face,FACE_37_11,37,11,13.153486632607807
135,face,FACE_429_355,429,355,6.938982967926588
136,face,FACE_272_408,272,408,8.29584659857506
137,face,FACE_179_180,179,180,4.467884646657571
138,face,FACE_100_36,100,36,19.664870608733956
139,face,FACE_158_157,158,157,8.01589740924024
140,face,FACE_438_440,438,440,7.542376143832711
141,face,FACE_358_331,358,331,1.1797876599288282
142,face,FACE_281_456,281,456,8.945507570686402
143,face,FACE_136_138,136,138,26.96454355555822
144,face,FACE_314_404,314,404,12.321120169501087
145,face,FACE_417_8,417,8,14.70532445096487
146,face,FACE_34_127,34,127,1.9616818357205568
147,face,FACE_367_416,367,416,16.42330059634382
148,face,FACE_180_181,180,181,5.096468610178035
149,face,FACE_426_322,426,322,14.40007435056945
150,face,FACE_419_197,419,197,8.300156082863401
151,face,FACE_457_309,457,309,4.138406980522587
152,face,FACE_215_138,215,138,19.996574149145825
153,face,FACE_242_241,242,241,1.9992382821219103
154,face,FACE_33_247,33,247,6.163782461868518
155,face,FACE_53_225,53,225,8.41728654875319
156,face,FACE_126_209,126,209,7.043868058878872
157,face,FACE_467_359,467,359,4.6928046916159625
158,face,FACE_224_223,224,223,10.604685752410136
159,face,FACE_271_304,271,304,9.357782718847893
160,face,FACE_97_2,97,2,11.365088269517214
161,face,FACE_183_191,183,191,2.3451623442400957
162,face,FACE_202_204,202,204,14.056902402238773
163,face,FACE_95_78,95,78,6.221830204392506
164,face,FACE_246_247,246,247,7.353391989837583
165,face,FACE_177_147,177,147,8.328265361273939
166,face,FACE_357_343,357,343,6.939773459548841
167,face,FACE_65_55,65,55,22.49376899044027
168,face,FACE_116_137,116,137,23.91739624299945
169,face,FACE_135_150,135,150,27.914927287693896
170,face,FACE_382_256,382,256,4.8785936561025816
171,face,FACE_199_171,199,171,19.865611415382357
172,face,FACE_298_293,298,293,20.68824186328157
173,face,FACE_16_315,16,315,11.333106002573318
174,face,FACE_204_106,204,106,8.907046546819208
175,face,FACE_149_170,149,170,10.902474815875841
176,face,FACE_150_135,150,135,27.914927287693896
177,face,FACE_403_315,403,315,10.318296887673462
178,face,FACE_61_57,61,57,11.097936089494858
179,face,FACE_205_187,205,187,20.747308948051312
180,face,FACE_44_4,44,4,11.553573180934313
181,face,FACE_358_429,358,429,12.624102390904108
182,face,FACE_277_355,277,355,8.892191692808856
183,face,FACE_438_309,438,309,3.121506861198369
184,face,FACE_42_80,42,80,2.4572670441839652
185,face,FACE_236_174,236,174,8.480422853054415
186,face,FACE_128_232,128,232,7.395340696421725
187,face,FACE_302_268,302,268,3.5948973872981744
188,face,FACE_313_314,313,314,8.833828249384064
189,face,FACE_240_64,240,64,6.90982789330483
190,face,FACE_291_375,291,375,5.9198585064293905
191,face,FACE_260_387,260,387,11.03609524826087
192,face,FACE_113_225,113,225,6.685337083284666
193,face,FACE_107_65,107,65,19.194120057665398
194,face,FACE_247_225,247,225,6.1322197988204765
195,face,FACE_346_347,346,347,13.197207855111506
196,face,FACE_44_125,44,125,5.580343420736783
197,face,FACE_378_379,378,379,15.429928511007837
198,face,FACE_466_263,466,263,2.722387261509167
199,face,FACE_250_459,250,459,6.3031122822487715
200,face,FACE_50_205,50,205,17.618264986835342
201,face,FACE_111_35,111,35,11.48728336431251
202,face,FACE_76_77,76,77,5.612374308803998
203,face,FACE_122_193,122,193,9.523281670107716
204,face,FACE_209_198,209,198,6.898969223293506
205,face,FACE_201_194,201,194,14.965720298987238
206,face,FACE_408_407,408,407,2.3600612737777196
207,face,FACE_285_336,285,336,11.947872237412259
208,face,FACE_2_393,2,393,15.08235230524393
209,face,FACE_243_190,243,190,6.077927658238375
210,face,FACE_336_9,336,9,17.502910611690325
211,face,FACE_234_227,234,227,1.1458514992005897
212,face,FACE_293_276,293,276,12.7293185113667
213,face,FACE_221_28,221,28,15.11003031722738
214,face,FACE_57_185,57,185,14.125224897657146
215,face,FACE_217_174,217,174,7.8038183367348095
216,face,FACE_131_134,131,134,8.17660779353755
217,face,FACE_344_278,344,278,6.816959993004817
218,face,FACE_343_399,343,399,7.205264249142881
219,face,FACE_28_158,28,158,6.577995914597459
220,face,FACE_128_245,128,245,8.033266788685467
221,face,FACE_463_464,463,464,5.553117959261651
222,face,FACE_443_257,443,257,4.152036490637795
223,face,FACE_394_364,394,364,17.99424565473643
224,face,FACE_164_167,164,167,12.42933507323469
225,face,FACE_10_109,10,109,28.596337920762885
226,face,FACE_196_236,196,236,14.43370601892443
227,face,FACE_429_358,429,358,12.624102390904108
228,face,FACE_174_217,174,217,7.8038183367348095
229,face,FACE_452_341,452,341,7.7258999340243575
230,face,FACE_2_370,2,370,3.9120234747844194
231,face,FACE_84_180,84,180,13.246734231248016
232,face,FACE_320_307,320,307,5.9130443718813765
233,face,FACE_0_37,0,37,12.29002778592121
234,face,FACE_250_328,250,328,5.256871064483974
235,face,FACE_101_119,101,119,10.467481105296608
236,face,FACE_41_74,41,74,9.251600375506406
237,face,FACE_399_456,399,456,8.484340495213983
238,face,FACE_13_12,13,12,1.9125908498043989
239,face,FACE_218_115,218,115,5.151582276433867
240,face,FACE_343_412,343,412,9.218953331304089
241,face,FACE_16_17,16,17,5.8465211990654655
242,face,FACE_55_8,55,8,17.029900774617072
243,face,FACE_107_55,107,55,12.09930432009078
244,face,FACE_153_22,153,22,5.4715987039910665
245,face,FACE_440_344,440,344,7.525289452502144
246,face,FACE_393_269,393,269,18.51073791829324
247,face,FACE_364_434,364,434,19.01494253319545
248,face,FACE_38_41,38,41,9.212544389511327
249,face,FACE_296_336,296,336,20.049963345855286
250,face,FACE_68_63,68,63,18.701681372891457
251,face,FACE_402_317,402,317,7.840992469641024
252,face,FACE_456_437,456,437,6.90978794521277
253,face,FACE_253_374,253,374,5.529902481452601
254,face,FACE_254_339,254,339,7.724986224839823
255,face,FACE_67_104,67,104,28.75520968471168
256,face,FACE_392_309,392,309,4.896573820333362
257,face,FACE_145_23,145,23,5.523350348107344
258,face,FACE_63_70,63,70,11.192421856207169
259,face,FACE_403_318,403,318,5.762801141955036
260,face,FACE_127_234,127,234,21.904399718920914
261,face,FACE_415_292,415,292,7.257211163045154
262,face,FACE_54_21,54,21,18.9611687689644
263,face,FACE_168_6,168,6,10.255232334124093
264,face,FACE_72_38,72,38,3.69343173822457
265,face,FACE_204_194,204,194,13.772613817819105
266,face,FACE_83_84,83,84,9.909025830807352
267,face,FACE_282_293,282,293,20.16098330996501
268,face,FACE_302_271,302,271,10.083536955103822
269,face,FACE_120_231,120,231,7.0008514923649345
270,face,FACE_434_427,434,427,27.935559949046624
271,face,FACE_320_405,320,405,10.477579183424009
272,face,FACE_426_423,426,423,13.096531009361373
273,face,FACE_441_286,441,286,7.693002664368905
274,face,FACE_145_144,145,144,7.261235209500129
275,face,FACE_341_464,341,464,7.653530969981419
276,face,FACE_208_200,208,200,19.28389280529198
277,face,FACE_250_462,250,462,2.524089757021595
278,face,FACE_112_232,112,232,7.460321667421936
279,face,FACE_258_286,258,286,8.378788177546587
280,face,FACE_418_424,418,424,13.960423177118994
281,face,FACE_160_159,160,159,7.107948664427231
282,face,FACE_286_384,286,384,6.6843160165716355
283,face,FACE_421_200,421,200,14.69189530101339
284,face,FACE_274_1,274,1,7.4294057876936135
285,face,FACE_200_201,200,201,14.372695752070243
286,face,FACE_166_59,166,59,1.2523756577253733
287,face,FACE_111_123,111,123,27.9023929225372
288,face,FACE_211_210,211,210,16.03150350639863
289,face,FACE_330_347,330,347,16.904058628040083
290,face,FACE_422_430,422,430,12.270434902155781
291,face,FACE_214_135,214,135,17.118045162674772
292,face,FACE_280_346,280,346,24.4331143843297
293,face,FACE_107_9,107,9,20.040092391617627
294,face,FACE_265_446,265,446,10.720820310547017
295,face,FACE_244_243,244,243,4.746606467736386
296,face,FACE_417_351,417,351,11.178148508331732
297,face,FACE_110_163,110,163,6.486694580710359
298,face,FACE_450_348,450,348,8.606570706401682
299,face,FACE_396_377,396,377,7.435511865573859
300,face,FACE_245_244,245,244,2.951015809996508
301,face,FACE_83_182,83,182,12.97727120805206
302,face,FACE_8_417,8,417,14.70532445096487
303,face,FACE_451_349,451,349,6.9661924322912725
304,face,FACE_203_98,203,98,11.96902667596306
305,face,FACE_376_435,376,435,26.328780174792026
306,face,FACE_101_50,101,50,23.070352895518035
307,face,FACE_345_447,345,447,12.259875788125056
308,face,FACE_412_357,412,357,4.261379639088877
309,face,FACE_238_241,238,241,1.7926934038071654
310,face,FACE_90_77,90,77,6.375013012367525
311,face,FACE_369_395,369,395,16.506166649325163
312,face,FACE_276_353,276,353,10.465309268141741
313,face,FACE_253_449,253,449,16.977794181801862
314,face,FACE_359_467,359,467,4.6928046916159625
315,face,FACE_279_358,279,358,5.288328808088581
316,face,FACE_315_15,315,15,12.349502486955739
317,face,FACE_433_416,433,416,14.951530896308409
318,face,FACE_299_336,299,336,40.73565077560349
319,face,FACE_46_156,46,156,10.961977921588758
320,face,FACE_167_37,167,37,6.990750092176267
321,face,FACE_460_290,460,290,9.104523455255464
322,face,FACE_311_310,311,310,7.08208103369739
323,face,FACE_410_432,410,432,17.289357891554914
324,face,FACE_357_277,357,277,15.23458814992444
325,face,FACE_35_226,35,226,8.993296093043039
326,face,FACE_304_271,304,271,9.357782718847893
327,face,FACE_189_55,189,55,10.13122495784263
328,face,FACE_314_315,314,315,5.910086422746148
329,face,FACE_108_67,108,67,33.56017046418698
330,face,FACE_1_4,1,4,9.54884630947104
331,face,FACE_4_275,4,275,8.385123685128741
332,face,FACE_205_36,205,36,17.62228579943855
333,face,FACE_156_143,156,143,14.493226171477598
334,face,FACE_436_426,436,426,14.51019445439571
335,face,FACE_223_53,223,53,16.883921764739238
336,face,FACE_461_370,461,370,4.171509423654038
337,face,FACE_23_144,23,144,9.235032508395875
338,face,FACE_29_224,29,224,5.217796523875416
339,face,FACE_244_112,244,112,6.815858523779152
340,face,FACE_348_349,348,349,13.241428927903945
341,face,FACE_340_345,340,345,15.899420415801146
342,face,FACE_122_6,122,6,8.369695665025404
343,face,FACE_401_361,401,361,5.334968359047766
344,face,FACE_228_24,228,24,15.337664797076417
345,face,FACE_252_381,252,381,7.823054706351644
346,face,FACE_37_164,37,164,9.899345339376827
347,face,FACE_192_187,192,187,23.66155435688437
348,face,FACE_177_58,177,58,29.574170829966445
349,face,FACE_410_409,410,409,7.84611280972011
350,face,FACE_316_402,316,402,7.986536368541787
351,face,FACE_381_382,381,382,3.7000534269890384
352,face,FACE_429_279,429,279,7.447145375887771
353,face,FACE_140_176,140,176,8.76368998941416
354,face,FACE_26_154,26,154,4.779476928314461
355,face,FACE_434_394,434,394,31.10068475144923
356,face,FACE_52_63,52,63,17.759515404123754
357,face,FACE_79_166,79,166,4.208192306563874
358,face,FACE_72_41,72,41,9.405866159219219
359,face,FACE_71_162,71,162,15.072325557248826
360,face,FACE_244_233,244,233,6.112054008336014
361,face,FACE_222_65,222,65,5.114630246045392
362,face,FACE_214_210,214,210,21.145116449102478
363,face,FACE_354_370,354,370,1.7088363894184226
364,face,FACE_140_32,140,32,10.423352041075898
365,face,FACE_30_160,30,160,10.614021972786814
366,face,FACE_212_57,212,57,8.668971136152065
367,face,FACE_444_443,444,443,11.299676334180605
368,face,FACE_7_33,7,33,3.777238270536421
369,face,FACE_301_251,301,251,12.10038529351334
370,face,FACE_213_138,213,138,26.613020123962613
371,face,FACE_170_176,170,176,23.37914851549116
372,face,FACE_17_83,17,83,17.382691055457357
373,face,FACE_268_302,268,302,3.5948973872981744
374,face,FACE_32_211,32,211,15.492593997183846
375,face,FACE_331_358,331,358,1.1797876599288282
376,face,FACE_186_40,186,40,15.007922840938482
377,face,FACE_105_52,105,52,8.097675954678023
378,face,FACE_457_354,457,354,10.707644430765626
379,face,FACE_395_379,395,379,12.244911244785671
380,face,FACE_375_321,375,321,7.146206018576738
381,face,FACE_325_320,325,320,5.493260316038571
382,face,FACE_317_316,317,316,3.791684368978194
383,face,FACE_274_354,274,354,5.183851494829044
384,face,FACE_96_88,96,88,6.908948304081212
385,face,FACE_15_14,15,14,4.080018172843961
386,face,FACE_467_260,467,260,6.010971224908545
387,face,FACE_232_128,232,128,7.395340696421725
388,face,FACE_404_320,404,320,7.851385058734454
389,face,FACE_350_349,350,349,10.006190528884101
390,face,FACE_342_265,342,265,16.12344453390325
391,face,FACE_74_185,74,185,7.493036355548239
392,face,FACE_314_17,314,17,12.010032846421629
393,face,FACE_146_61,146,61,6.179104426767552
394,face,FACE_247_113,247,113,5.585585820613527
395,face,FACE_405_321,405,321,9.410135198737526
396,face,FACE_256_341,256,341,4.803464122352498
397,face,FACE_283_444,283,444,7.385527209794236
398,face,FACE_409_291,409,291,6.202087112928482
399,face,FACE_74_41,74,41,9.251600375506406
400,face,FACE_78_191,78,191,5.708000334126197
401,face,FACE_245_188,245,188,5.0439368335446275
402,face,FACE_103_104,103,104,16.579166105088593
403,face,FACE_19_370,19,370,4.1940050008790815
404,face,FACE_19_141,19,141,3.55927768213795
405,face,FACE_280_411,280,411,23.43332572483689
406,face,FACE_220_131,220,131,7.695516478781588
407,face,FACE_85_86,85,86,5.51233928190552
408,face,FACE_372_265,372,265,9.59033946460273
409,face,FACE_237_220,237,220,7.217567965696518
410,face,FACE_204_43,204,43,14.542458241233776
411,face,FACE_118_119,118,119,17.178097794296853
412,face,FACE_210_202,210,202,10.341637301768044
413,face,FACE_290_460,290,460,9.104523455255464
414,face,FACE_450_449,450,449,12.570578938016483
415,face,FACE_83_18,83,18,11.995509083530647
416,face,FACE_197_3,197,3,13.208315171030401
417,face,FACE_315_404,315,404,9.855307183677793
418,face,FACE_461_458,461,458,2.0867339568709453
419,face,FACE_169_170,169,170,15.296845311029001
420,face,FACE_246_161,246,161,2.835966669037228
421,face,FACE_32_201,32,201,17.41944891494595
422,face,FACE_236_196,236,196,14.43370601892443
423,face,FACE_409_304,409,304,8.083139443015789
424,face,FACE_295_282,295,282,17.275475379642423
425,face,FACE_395_369,395,369,16.506166649325163
426,face,FACE_181_180,181,180,5.096468610178035
427,face,FACE_353_372,353,372,18.004443377703367
428,face,FACE_139_34,139,34,19.08135118976963
429,face,FACE_432_436,432,436,18.396801902579615
430,face,FACE_370_461,370,461,4.171509423654038
431,face,FACE_184_42,184,42,7.8279278960235565
432,face,FACE_96_78,96,78,4.800904325783297
433,face,FACE_113_247,113,247,5.585585820613527
434,face,FACE_326_391,326,391,21.69743659614939
435,face,FACE_147_123,147,123,19.59543104677147
436,face,FACE_126_100,126,100,10.207536643442625
437,face,FACE_205_101,205,101,24.292208743687638
438,face,FACE_452_350,452,350,5.891866690250312
439,face,FACE_71_21,71,21,9.970994299307796
440,face,FACE_16_85,16,85,11.83248381025336
441,face,FACE_297_333,297,333,29.561326858589798
442,face,FACE_136_150,136,150,17.868000443222527
443,face,FACE_260_445,260,445,6.319232767070511
444,face,FACE_34_139,34,139,19.08135118976963
445,face,FACE_46_113,46,113,9.843869693681128
446,face,FACE_17_315,17,315,12.986777337575287
447,face,FACE_104_54,104,54,21.205201702290925
448,face,FACE_383_372,383,372,15.129590222170911
449,face,FACE_417_285,417,285,12.563046795134706
450,face,FACE_150_170,150,170,9.383106677872817
451,face,FACE_20_60,20,60,5.463449106177528
452,face,FACE_39_73,39,73,3.7588036291195146
453,face,FACE_45_4,45,4,8.172595056238855
454,face,FACE_438_344,438,344,5.177101006390316
455,face,FACE_37_0,37,0,12.29002778592121
456,face,FACE_177_123,177,123,25.344291537529315
457,face,FACE_336_296,336,296,20.049963345855286
458,face,FACE_102_129,102,129,0.5604179114348001
459,face,FACE_134_198,134,198,5.0156944591291746
460,face,FACE_175_199,175,199,10.439367412444097
461,face,FACE_302_303,302,303,10.835816628712617
462,face,FACE_293_334,293,334,17.06757587116459
463,face,FACE_87_86,87,86,3.7289195081851676
464,face,FACE_99_240,99,240,9.930251533937142
465,face,FACE_240_99,240,99,9.930251533937142
466,face,FACE_364_394,364,394,17.99424565473643
467,face,FACE_64_102,64,102,4.997944396783039
468,face,FACE_256_452,256,452,5.626494669611733
469,face,FACE_337_297,337,297,35.619233520955945
470,face,FACE_383_264,383,264,23.517281481284087
471,face,FACE_141_242,141,242,2.8728786973959086
472,face,FACE_188_174,188,174,9.305759184362893
473,face,FACE_120_119,120,119,13.046087104581998
474,face,FACE_207_187,207,187,13.93530497532578
475,face,FACE_467_263,467,263,6.165794289629263
476,face,FACE_30_225,30,225,6.252258388364938
477,face,FACE_131_48,131,48,10.265030890377412
478,face,FACE_425_266,425,266,18.743288216655515
479,face,FACE_121_120,121,120,9.775744271780441
480,face,FACE_85_17,85,17,13.929671799746309
481,face,FACE_28_157,28,157,11.756353613364121
482,face,FACE_337_9,337,9,37.488074591137654
483,face,FACE_342_353,342,353,9.117888760022062
484,face,FACE_154_153,154,153,6.782190703495656
485,face,FACE_361_366,361,366,26.154965644978976
486,face,FACE_227_137,227,137,20.56586519279331
487,face,FACE_52_105,52,105,8.097675954678023
488,face,FACE_118_50,118,50,20.38690028802137
489,face,FACE_217_209,217,209,14.373832139649013
490,face,FACE_424_422,424,422,13.999092983715444
491,face,FACE_249_390,249,390,4.298795104145391
492,face,FACE_196_6,196,6,14.390586497922504
493,face,FACE_26_232,26,232,5.3790943415369
494,face,FACE_287_273,287,273,11.75208922062815
495,face,FACE_210_169,210,169,11.689656359526568
496,face,FACE_350_329,350,329,17.435114778640283
497,face,FACE_62_191,62,191,6.7892581238525995
498,face,FACE_276_300,276,300,8.640964194459974
499,face,FACE_248_281,248,281,9.878308624126658
500,face,FACE_368_383,368,383,13.470444549294408
501,face,FACE_427_432,427,432,27.004264635517593
502,face,FACE_453_341,453,341,5.637369265582285
503,face,FACE_372_353,372,353,18.004443377703367
504,face,FACE_357_453,357,453,4.679689546143235
505,face,FACE_101_118,101,118,18.28033771140286
506,face,FACE_321_307,321,307,7.4934253184880255
507,face,FACE_407_310,407,310,8.16600044085588
508,face,FACE_266_371,266,371,13.259282877852442
509,face,FACE_420_429,420,429,7.661117345857842
510,face,FACE_306_407,306,407,6.790536739617277
511,face,FACE_253_252,253,252,8.317253755752121
512,face,FACE_224_225,224,225,7.931974270522251
513,face,FACE_112_133,112,133,2.9582951816865144
514,face,FACE_356_264,356,264,4.965774874446492
515,face,FACE_370_19,370,19,4.1940050008790815
516,face,FACE_254_253,254,253,8.774983216406106
517,face,FACE_219_115,219,115,6.441687977049595
518,face,FACE_225_46,225,46,8.336619926870457
519,face,FACE_124_143,124,143,15.032115575864665
520,face,FACE_289_439,289,439,4.37745134011072
521,face,FACE_13_312,13,312,9.199008839143248
522,face,FACE_253_373,253,373,8.1820219871935
523,face,FACE_154_22,154,22,8.028584917239458
524,face,FACE_319_318,319,318,2.522581907801546
525,face,FACE_363_281,363,281,8.544994152244508
526,face,FACE_169_150,169,150,11.843264821054012
527,face,FACE_355_277,355,277,8.892191692808856
528,face,FACE_354_461,354,461,2.9812388571603723
529,face,FACE_267_164,267,164,17.199778188102822
530,face,FACE_320_319,320,319,3.7096360879443475
531,face,FACE_39_40,39,40,8.750654049552915
532,face,FACE_277_357,277,357,15.23458814992444
533,face,FACE_63_105,63,105,14.733140345446525
534,face,FACE_189_244,189,244,8.46495678813466
535,face,FACE_34_227,34,227,20.032273893967513
536,face,FACE_120_230,120,230,12.161592505936467
537,face,FACE_293_301,293,301,25.1831355134385
538,face,FACE_60_99,60,99,2.304154505994208
539,face,FACE_72_73,72,73,10.58424228131584
540,face,FACE_283_293,283,293,8.411608069832667
541,face,FACE_307_321,307,321,7.4934253184880255
542,face,FACE_321_405,321,405,9.410135198737526
543,face,FACE_93_132,93,132,23.533716240241247
544,face,FACE_183_62,183,62,5.060754309658267
545,face,FACE_408_409,408,409,2.145433150418114
546,face,FACE_151_338,151,338,38.24976821988464
547,face,FACE_186_216,186,216,11.363818577297868
548,face,FACE_151_109,151,109,36.94373609161314
549,face,FACE_245_122,245,122,5.317527695378525
550,face,FACE_189_221,189,221,9.560087183540594
551,face,FACE_335_424,335,424,10.26348617452822
552,face,FACE_442_258,442,258,4.016589123681183
553,face,FACE_441_442,441,442,14.229523750562421
554,face,FACE_114_47,114,47,8.313878252004631
555,face,FACE_173_133,173,133,3.5093895485687177
556,face,FACE_452_451,452,451,8.668104164305614
557,face,FACE_106_43,106,43,10.191786186952514
558,face,FACE_305_289,305,289,2.3875459244475588
559,face,FACE_362_414,362,414,5.317016101605717
560,face,FACE_443_259,443,259,9.559837503428971
561,face,FACE_294_279,294,279,8.724380262726251
562,face,FACE_258_442,258,442,4.016589123681183
563,face,FACE_57_43,57,43,11.853479906318341
564,face,FACE_256_252,256,252,7.089828134653699
565,face,FACE_259_443,259,443,9.559837503428971
566,face,FACE_46_70,46,70,7.1929659911968775
567,face,FACE_420_360,420,360,8.165650913110312
568,face,FACE_126_142,126,142,10.050968627456793
569,face,FACE_371_355,371,355,10.671729127895373
570,face,FACE_112_244,112,244,6.815858523779152
571,face,FACE_431_369,431,369,22.60316795680027
572,face,FACE_47_114,47,114,8.313878252004631
573,face,FACE_100_126,100,126,10.207536643442625
574,face,FACE_12_13,12,13,1.9125908498043989
575,face,FACE_91_77,91,77,7.603107922499102
576,face,FACE_23_22,23,22,8.642205879431293
577,face,FACE_51_4,51,4,13.780678053918866
578,face,FACE_48_115,48,115,5.788610338901207
579,face,FACE_254_449,254,449,9.899380923450513
580,face,FACE_160_27,160,27,9.159383935632171
581,face,FACE_353_342,353,342,9.117888760022062
582,face,FACE_434_416,434,416,16.405178678911035
583,face,FACE_266_423,266,423,13.239197285619449
584,face,FACE_4_274,4,274,12.100615334086903
585,face,FACE_316_15,316,15,10.336196455456754
586,face,FACE_4_45,4,45,8.172595056238855
587,face,FACE_24_23,24,23,8.553800968504953
588,face,FACE_80_183,80,183,7.646926986838603
589,face,FACE_341_453,341,453,5.637369265582285
590,face,FACE_109_67,109,67,24.45447652132852
591,face,FACE_174_196,174,196,7.263456721765255
592,face,FACE_66_105,66,105,18.37648583829027
593,face,FACE_89_88,89,88,2.2703474691421204
594,face,FACE_29_223,29,223,7.750030239918344
595,face,FACE_164_2,164,2,6.747423178238182
596,face,FACE_462_370,462,370,3.022778010838379
597,face,FACE_328_290,328,290,2.3166322638199173
598,face,FACE_400_395,400,395,23.137066703875618
599,face,FACE_181_91,181,91,9.925554218572618
600,face,FACE_252_380,252,380,5.300143963314387
601,face,FACE_24_144,24,144,6.047167423670586
602,face,FACE_313_18,313,18,12.286508009981931
603,face,FACE_354_19,354,19,4.61402994967009
604,face,FACE_185_61,185,61,5.7606129027373685
605,face,FACE_90_89,90,89,3.421081696404635
606,face,FACE_116_227,116,227,8.745766324903123
607,face,FACE_168_417,168,417,9.391528525004917
608,face,FACE_329_371,329,371,10.50745023304149
609,face,FACE_156_34,156,34,19.837706507639584
610,face,FACE_450_252,450,252,13.53258795086929
611,face,FACE_8_285,8,285,14.811711568756387
612,face,FACE_164_267,164,267,17.199778188102822
613,face,FACE_168_8,168,8,9.829424400978294
614,face,FACE_153_145,153,145,7.090838721540155
615,face,FACE_361_323,361,323,23.9437201275642
616,face,FACE_285_413,285,413,11.199933308527367
617,face,FACE_346_280,346,280,24.4331143843297
618,face,FACE_117_228,117,228,12.517114155085682
619,face,FACE_130_247,130,247,4.526541048562852
620,face,FACE_140_211,140,211,22.89065771959545
621,face,FACE_426_425,426,425,16.350748394387203
622,face,FACE_53_63,53,63,7.711872962490544
623,face,FACE_245_233,245,233,6.971562254072685
624,face,FACE_2_97,2,97,11.365088269517214
625,face,FACE_216_206,216,206,13.67285854051373
626,face,FACE_195_3,195,3,7.238297035439038
627,face,FACE_459_458,459,458,5.360967997980886
628,face,FACE_178_179,178,179,3.0383567605455295
629,face,FACE_276_342,276,342,9.74828408811752
630,face,FACE_235_75,235,75,5.8363085253292475
631,face,FACE_399_412,399,412,9.240623523450175
632,face,FACE_185_74,185,74,7.493036355548239
633,face,FACE_170_211,170,211,10.583880751900288
634,face,FACE_465_357,465,357,8.49347870691178
635,face,FACE_222_221,222,221,15.372530103150671
636,face,FACE_75_59,75,59,2.415158247099423
637,face,FACE_229_117,229,117,19.128775416224187
638,face,FACE_422_432,422,432,14.14268716994423
639,face,FACE_327_423,327,423,12.885903411352533
640,face,FACE_275_4,275,4,8.385123685128741
641,face,FACE_12_268,12,268,10.320062479538896
642,face,FACE_267_0,267,0,11.565260776663363
643,face,FACE_64_49,64,49,8.617448991369843
644,face,FACE_244_245,244,245,2.951015809996508
645,face,FACE_115_131,115,131,6.2314582954868785
646,face,FACE_376_401,376,401,11.958277388078336
647,face,FACE_171_32,171,32,22.29103541448663
648,face,FACE_161_247,161,247,9.434011388680986
649,face,FACE_26_22,26,22,7.3819890613689125
650,face,FACE_454_356,454,356,22.340482912136316
651,face,FACE_166_218,166,218,2.86279227675707
652,face,FACE_420_363,420,363,6.529377016912367
653,face,FACE_233_128,233,128,4.1707671348230555
654,face,FACE_193_55,193,55,12.81973901108164
655,face,FACE_278_279,278,279,5.168754009265776
656,face,FACE_405_320,405,320,10.477579183424009
657,face,FACE_334_296,334,296,19.263352557097104
658,face,FACE_279_360,279,360,7.465645884915155
659,face,FACE_201_32,201,32,17.41944891494595
660,face,FACE_220_45,220,45,6.922381081780932
661,face,FACE_315_17,315,17,12.986777337575287
662,face,FACE_354_274,354,274,5.183851494829044
663,face,FACE_167_39,167,39,11.741524902851356
664,face,FACE_51_236,51,236,7.950081323825318
665,face,FACE_3_196,3,196,9.09799062023745
666,face,FACE_108_69,108,69,21.73685221180223
667,face,FACE_128_47,128,47,12.601797115495582
668,face,FACE_266_426,266,426,21.938197935250077
669,face,FACE_99_20,99,20,4.366078841672072
670,face,FACE_259_387,259,387,8.541662239147115
671,face,FACE_137_132,137,132,26.00808441222331
672,face,FACE_273_321,273,321,7.567942568069986
673,face,FACE_394_431,394,431,16.48443599882333
674,face,FACE_285_295,285,295,21.702404580886412
675,face,FACE_437_429,437,429,14.559193865703914
676,face,FACE_83_17,83,17,17.382691055457357
677,face,FACE_315_403,315,403,10.318296887673462
678,face,FACE_449_254,449,254,9.899380923450513
679,face,FACE_461_457,461,457,8.011149341506034
680,face,FACE_260_467,260,467,6.010971224908545
681,face,FACE_359_446,359,446,8.45699279407635
682,face,FACE_184_185,184,185,2.316082772569086
683,face,FACE_411_376,411,376,14.587373979941928
684,face,FACE_263_249,263,249,4.385623190912695
685,face,FACE_462_458,462,458,3.5051941738656294
686,face,FACE_215_172,215,172,30.30048557412881
687,face,FACE_52_65,52,65,17.0561363364272
688,face,FACE_247_161,247,161,9.434011388680986
689,face,FACE_191_80,191,80,5.555574776179025
690,face,FACE_424_431,424,431,10.737100077919587
691,face,FACE_36_206,36,206,21.78933818547969
692,face,FACE_262_369,262,369,11.17779375937334
693,face,FACE_296_282,296,282,17.11679338950451
694,face,FACE_396_369,396,369,17.623525780643146
695,face,FACE_134_220,134,220,9.502322939757086
696,face,FACE_335_273,335,273,10.386707357977564
697,face,FACE_214_212,214,212,10.99584793526238
698,face,FACE_193_189,193,189,6.898380335588536
699,face,FACE_364_416,364,416,28.72793499569073
700,face,FACE_270_409,270,409,7.266838498198476
701,face,FACE_444_445,444,445,9.303117484759868
702,face,FACE_229_228,229,228,9.393893098586338
703,face,FACE_330_280,330,280,24.83262015939722
704,face,FACE_456_419,456,419,14.678861392323464
705,face,FACE_260_444,260,444,7.210678857808661
706,face,FACE_188_196,188,196,6.942683667933784
707,face,FACE_406_418,406,418,10.057903273401795
708,face,FACE_30_247,30,247,5.0124140755963245
709,face,FACE_398_414,398,414,5.210785023325392
710,face,FACE_17_314,17,314,12.010032846421629
711,face,FACE_210_214,210,214,21.145116449102478
712,face,FACE_17_85,17,85,13.929671799746309
713,face,FACE_423_358,423,358,10.669354815096595
714,face,FACE_63_52,63,52,17.759515404123754
715,face,FACE_19_274,19,274,8.546559623994252
716,face,FACE_272_311,272,311,8.921111255861808
717,face,FACE_50_118,50,118,20.38690028802137
718,face,FACE_14_15,14,15,4.080018172843961
719,face,FACE_180_84,180,84,13.246734231248016
720,face,FACE_5_195,5,195,10.312722922630876
721,face,FACE_240_98,240,98,2.641031372412593
722,face,FACE_439_344,439,344,6.857973384333355
723,face,FACE_256_451,256,451,10.2483679997931
724,face,FACE_123_187,123,187,27.437117563144064
725,face,FACE_15_16,15,16,5.43764569672212
726,face,FACE_96_90,96,90,5.767668712586569
727,face,FACE_141_241,141,241,4.501863730721191
728,face,FACE_6_196,6,196,14.390586497922504
729,face,FACE_360_279,360,279,7.465645884915155
730,face,FACE_347_346,347,346,13.197207855111506
731,face,FACE_198_217,198,217,8.393710640442666
732,face,FACE_318_319,318,319,2.522581907801546
733,face,FACE_358_355,358,355,19.000081431971275
734,face,FACE_418_406,418,406,10.057903273401795
735,face,FACE_115_219,115,219,6.441687977049595
736,face,FACE_190_133,190,133,5.044717918962325
737,face,FACE_77_76,77,76,5.612374308803998
738,face,FACE_110_24,110,24,7.250015119588744
739,face,FACE_48_49,48,49,5.059448623690576
740,face,FACE_80_81,80,81,6.515509241020665
741,face,FACE_333_298,333,298,18.84637697528896
742,face,FACE_353_276,353,276,10.465309268141741
743,face,FACE_141_97,141,97,7.560895991595903
744,face,FACE_373_254,373,254,6.388769435059303
745,face,FACE_69_108,69,108,21.73685221180223
746,face,FACE_418_262,418,262,11.160378868739102
747,face,FACE_463_413,463,413,7.182471685380118
748,face,FACE_294_455,294,455,3.970852686054414
749,face,FACE_21_68,21,68,16.72422315586044
750,face,FACE_81_82,81,82,8.323808819314424
751,face,FACE_118_229,118,229,11.722656211796844
752,face,FACE_284_298,284,298,15.055904548810556
753,face,FACE_371_266,371,266,13.259282877852442
754,face,FACE_384_385,384,385,7.253607169300307
755,face,FACE_231_26,231,26,10.188312342125474
756,face,FACE_395_394,395,394,15.838923267974158
757,face,FACE_322_410,322,410,10.047946446466023
758,face,FACE_248_195,248,195,7.590997418950175
759,face,FACE_361_401,361,401,5.334968359047766
760,face,FACE_214_202,214,202,20.825280222890505
761,face,FACE_119_230,119,230,8.673039320722877
762,face,FACE_111_226,111,226,16.150160028938945
763,face,FACE_43_91,43,91,12.95840383184581
764,face,FACE_383_276,383,276,15.99241722423129
765,face,FACE_168_351,168,351,15.163500169706579
766,face,FACE_449_450,449,450,12.570578938016483
767,face,FACE_314_405,314,405,10.783198031584334
768,face,FACE_55_65,55,65,22.49376899044027
769,face,FACE_182_106,182,106,11.501376791262143
770,face,FACE_394_434,394,434,31.10068475144923
771,face,FACE_393_326,393,326,7.849157606399806
772,face,FACE_210_204,210,204,16.30635409615921
773,face,FACE_211_169,211,169,13.811627869643958
774,face,FACE_450_451,450,451,11.326973361563287
775,face,FACE_203_165,203,165,17.91877806962996
776,face,FACE_22_153,22,153,5.4715987039910665
777,face,FACE_143_34,143,34,10.346303949005613
778,face,FACE_409_270,409,270,7.266838498198476
779,face,FACE_7_110,7,110,6.373252590120826
780,face,FACE_448_261,448,261,6.998576374555695
781,face,FACE_213_215,213,215,9.073688327986263
782,face,FACE_371_423,371,423,19.790944538401252
783,face,FACE_64_235,64,235,3.6295516690911307
784,face,FACE_9_336,9,336,17.502910611690325
785,face,FACE_278_344,278,344,6.816959993004817
786,face,FACE_89_179,89,179,7.237861658890767
787,face,FACE_236_198,236,198,8.018964113485975
788,face,FACE_336_285,336,285,11.947872237412259
789,face,FACE_181_182,181,182,10.179804887200936
790,face,FACE_194_201,194,201,14.965720298987238
791,face,FACE_66_52,66,52,16.37448269138668
792,face,FACE_151_10,151,10,24.649557689418568
793,face,FACE_123_177,123,177,25.344291537529315
794,face,FACE_341_256,341,256,4.803464122352498
795,face,FACE_455_278,455,278,5.930383387200838
796,face,FACE_326_393,326,393,7.849157606399806
797,face,FACE_257_442,257,442,11.744855228236485
798,face,FACE_269_267,269,267,12.695239264306785
799,face,FACE_203_142,203,142,19.655812550504063
800,face,FACE_238_20,238,20,1.4005989390090894
801,face,FACE_268_271,268,271,9.30199323003332
802,face,FACE_254_373,254,373,6.388769435059303
803,face,FACE_414_362,414,362,5.317016101605717
804,face,FACE_305_455,305,455,6.060461072786146
805,face,FACE_357_465,357,465,8.49347870691178
806,face,FACE_189_243,189,243,6.693322303366096
807,face,FACE_42_81,42,81,8.659872910938846
808,face,FACE_286_441,286,441,7.693002664368905
809,face,FACE_179_86,179,86,9.152053110952739
810,face,FACE_217_198,217,198,8.393710640442666
811,face,FACE_84_83,84,83,9.909025830807352
812,face,FACE_456_363,456,363,8.900483652168877
813,face,FACE_214_192,214,192,15.202491932472482
814,face,FACE_326_370,326,370,8.841394352746004
815,face,FACE_107_66,107,66,20.479895248272626
816,face,FACE_247_226,247,226,9.645288023492594
817,face,FACE_88_89,88,89,2.2703474691421204
818,face,FACE_27_222,27,222,10.48725543969462
819,face,FACE_120_121,120,121,9.775744271780441
820,face,FACE_99_98,99,98,12.232352468751214
821,face,FACE_279_294,279,294,8.724380262726251
822,face,FACE_151_108,151,108,24.653024799187357
823,face,FACE_75_235,75,235,5.8363085253292475
824,face,FACE_150_149,150,149,14.391276897357088
825,face,FACE_388_466,388,466,3.332778243847063
826,face,FACE_129_126,129,126,18.82608830030969
827,face,FACE_447_372,447,372,25.30057287338584
828,face,FACE_366_447,366,447,20.89291708532597
829,face,FACE_70_156,70,156,10.960254570143134
830,face,FACE_56_221,56,221,6.145950834788535
831,face,FACE_171_208,171,208,10.0957095729724
832,face,FACE_190_221,190,221,7.192729456546233
833,face,FACE_28_159,28,159,9.545613907305517
834,face,FACE_435_397,435,397,30.365586796278617
835,face,FACE_54_68,54,68,13.121570918221224
836,face,FACE_368_264,368,264,19.88711153285076
837,face,FACE_214_169,214,169,30.714988612681537
838,face,FACE_294_278,294,278,3.690335499936248
839,face,FACE_221_65,221,65,17.69374091782481
840,face,FACE_206_165,206,165,17.275490788563083
841,face,FACE_29_160,29,160,7.956604082868538
842,face,FACE_281_195,281,195,13.650472529811365
843,face,FACE_33_130,33,130,4.446931335690012
844,face,FACE_447_264,447,264,20.475042888332414
845,face,FACE_298_284,298,284,15.055904548810556
846,face,FACE_278_455,278,455,5.930383387200838
847,face,FACE_201_208,201,208,11.288903918112018
848,face,FACE_427_434,427,434,27.935559949046624
849,face,FACE_360_344,360,344,6.339602478602206
850,face,FACE_321_273,321,273,7.567942568069986
851,face,FACE_379_394,379,394,12.223387383254108
852,face,FACE_265_372,265,372,9.59033946460273
853,face,FACE_274_457,274,457,6.6366921176554605
854,face,FACE_101_120,101,120,19.63536882580805
855,face,FACE_182_194,182,194,8.969597909396816
856,face,FACE_227_116,227,116,8.745766324903123
857,face,FACE_253_254,253,254,8.774983216406106
858,face,FACE_352_376,352,376,19.805942147178833
859,face,FACE_4_44,4,44,11.553573180934313
860,face,FACE_351_417,351,417,11.178148508331732
861,face,FACE_350_452,350,452,5.891866690250312
862,face,FACE_283_282,283,282,14.274633135882805
863,face,FACE_194_204,194,204,13.772613817819105
864,face,FACE_55_9,55,9,22.292686884991515
865,face,FACE_106_91,106,91,9.885967006916736
866,face,FACE_410_322,410,322,10.047946446466023
867,face,FACE_48_235,48,235,6.029403280231419
868,face,FACE_316_315,316,315,5.601710964319395
869,face,FACE_367_397,367,397,10.979387192565978
870,face,FACE_427_411,427,411,15.31815950023157
871,face,FACE_319_320,319,320,3.7096360879443475
872,face,FACE_193_244,193,244,9.481484828204472
873,face,FACE_398_384,398,384,5.572274164439977
874,face,FACE_331_294,331,294,5.089403214272607
875,face,FACE_313_17,313,17,11.430548381800579
876,face,FACE_297_338,297,338,25.755428474292646
877,face,FACE_164_37,164,37,9.899345339376827
878,face,FACE_403_319,403,319,6.702709604391412
879,face,FACE_349_348,349,348,13.241428927903945
880,face,FACE_47_126,47,126,8.999777183739674
881,face,FACE_8_55,8,55,17.029900774617072
882,face,FACE_147_213,147,213,16.92671140558665
883,face,FACE_320_321,320,321,3.730938738174213
884,face,FACE_227_93,227,93,23.040059690035953
885,face,FACE_134_131,134,131,8.17660779353755
886,face,FACE_44_237,44,237,5.985020558355212
887,face,FACE_393_391,393,391,17.82947124240594
888,face,FACE_439_278,439,278,4.327423816730913
889,face,FACE_451_252,451,252,6.172397952251728
890,face,FACE_120_232,120,232,12.68213255707929
891,face,FACE_287_409,287,409,9.906273865941456
892,face,FACE_221_55,221,55,7.867476069311613
893,face,FACE_385_386,385,386,6.579294972881892
894,face,FACE_347_280,347,280,22.948559456003093
895,face,FACE_57_212,57,212,8.668971136152065
896,face,FACE_58_177,58,177,29.574170829966445
897,face,FACE_257_386,257,386,8.064283204428794
898,face,FACE_216_205,216,205,23.649840846968516
899,face,FACE_208_201,208,201,11.288903918112018
900,face,FACE_386_387,386,387,6.917070747073875
901,face,FACE_459_457,459,457,1.6020087717824767
902,face,FACE_137_177,137,177,21.636372746228176
903,face,FACE_391_322,391,322,10.367873662349718
904,face,FACE_49_64,49,64,8.617448991369843
905,face,FACE_55_107,55,107,12.09930432009078
906,face,FACE_308_324,308,324,5.504635849279629
907,face,FACE_372_345,372,345,17.63983409235152
908,face,FACE_11_37,11,37,13.153486632607807
909,face,FACE_431_394,431,394,16.48443599882333
910,face,FACE_171_175,171,175,18.90407014387485
911,face,FACE_330_348,330,348,12.475533164532344
912,face,FACE_156_46,156,46,10.961977921588758
913,face,FACE_11_302,11,302,11.175033065718116
914,face,FACE_280_347,280,347,22.948559456003093
915,face,FACE_452_453,452,453,6.3254442348482485
916,face,FACE_352_366,352,366,12.798288278235512
917,face,FACE_12_38,12,38,10.75632673520024
918,face,FACE_64_48,64,48,3.5806569750735115
919,face,FACE_22_231,22,231,6.096637071934759
920,face,FACE_414_463,414,463,5.674605205973654
921,face,FACE_448_339,448,339,10.756815116117075
922,face,FACE_422_287,422,287,14.675947421139131
923,face,FACE_59_235,59,235,3.6878249615956094
924,face,FACE_13_268,13,268,10.253242036971601
925,face,FACE_298_251,298,251,21.050197004491842
926,face,FACE_237_241,237,241,8.229223440290392
927,face,FACE_68_54,68,54,13.121570918221224
928,face,FACE_120_101,120,101,19.63536882580805
929,face,FACE_92_39,92,39,16.545742104089314
930,face,FACE_43_146,43,146,9.552058866288647
931,face,FACE_377_400,377,400,16.01540368388069
932,face,FACE_238_242,238,242,3.6932767523398193
933,face,FACE_91_43,91,43,12.95840383184581
934,face,FACE_369_396,369,396,17.623525780643146
935,face,FACE_301_298,301,298,17.804214195223537
936,face,FACE_286_398,286,398,9.572443063208725
937,face,FACE_346_449,346,449,20.733915698678796
938,face,FACE_220_44,220,44,11.588839779851085
939,face,FACE_299_337,299,337,22.56915186929306
940,face,FACE_358_423,358,423,10.669354815096595
941,face,FACE_131_115,131,115,6.2314582954868785
942,face,FACE_3_195,3,195,7.238297035439038
943,face,FACE_23_24,23,24,8.553800968504953
944,face,FACE_416_364,416,364,28.72793499569073
945,face,FACE_123_111,123,111,27.9023929225372
946,face,FACE_160_29,160,29,7.956604082868538
947,face,FACE_326_327,326,327,15.153429995575861
948,face,FACE_266_425,266,425,18.743288216655515
949,face,FACE_345_340,345,340,15.899420415801146
950,face,FACE_53_52,53,52,12.66947671966205
951,face,FACE_98_203,98,203,11.96902667596306
952,face,FACE_411_434,411,434,36.032962249028444
953,face,FACE_358_279,358,279,5.288328808088581
954,face,FACE_3_51,3,51,9.945600205366487
955,face,FACE_261_346,261,346,12.335567958089452
956,face,FACE_367_364,367,364,17.62985959224492
957,face,FACE_66_107,66,107,20.479895248272626
958,face,FACE_86_85,86,85,5.51233928190552
959,face,FACE_445_283,445,283,9.379234412427136
960,face,FACE_24_110,24,110,7.250015119588744
961,face,FACE_23_145,23,145,5.523350348107344
962,face,FACE_89_90,89,90,3.421081696404635
963,face,FACE_449_253,449,253,16.977794181801862
964,face,FACE_340_346,340,346,9.50866281280255
965,face,FACE_235_64,235,64,3.6295516690911307
966,face,FACE_67_108,67,108,33.56017046418698
967,face,FACE_228_25,228,25,9.969210783179069
968,face,FACE_119_118,119,118,17.178097794296853
969,face,FACE_250_309,250,309,9.755248517172797
970,face,FACE_90_91,90,91,3.61402325647278
971,face,FACE_269_322,269,322,11.934046354128217
972,face,FACE_264_356,264,356,4.965774874446492
973,face,FACE_84_17,84,17,12.538504992473012
974,face,FACE_316_403,316,403,8.672153833579966
975,face,FACE_407_292,407,292,5.680033763612643
976,face,FACE_426_391,426,391,18.10658400617177
977,face,FACE_399_437,399,437,8.56997104528808
978,face,FACE_212_202,212,202,14.186336014017469
979,face,FACE_175_171,175,171,18.90407014387485
980,face,FACE_117_50,117,50,24.204055274555166
981,face,FACE_374_380,374,380,6.311482666352586
982,face,FACE_165_206,165,206,17.275490788563083
983,face,FACE_205_50,205,50,17.618264986835342
984,face,FACE_185_184,185,184,2.316082772569086
985,face,FACE_30_161,30,161,7.723499743253202
986,face,FACE_445_260,445,260,6.319232767070511
987,face,FACE_184_76,184,76,5.017434615225247
988,face,FACE_195_5,195,5,10.312722922630876
989,face,FACE_186_185,186,185,10.685811276843594
990,face,FACE_446_261,446,261,7.557830226209298
991,face,FACE_357_412,357,412,4.261379639088877
992,face,FACE_392_290,392,290,7.924699761995733
993,face,FACE_225_113,225,113,6.685337083284666
994,face,FACE_17_84,17,84,12.538504992473012
995,face,FACE_189_190,189,190,5.2159443532304515
996,face,FACE_384_286,384,286,6.6843160165716355
997,face,FACE_329_350,329,350,17.435114778640283
998,face,FACE_429_437,429,437,14.559193865703914
999,face,FACE_241_237,241,237,8.229223440290392
1000,face,FACE_19_44,19,44,9.042550780792173
1001,face,FACE_165_98,165,98,14.265424554522854
1002,face,FACE_219_218,219,218,5.425795544480582
1003,face,FACE_4_1,4,1,9.54884630947104
1004,face,FACE_50_117,50,117,24.204055274555166
1005,face,FACE_222_223,222,223,12.86956067156696
1006,face,FACE_422_434,422,434,22.241998349335507
1007,face,FACE_175_148,175,148,18.747610532549594
1008,face,FACE_198_131,198,131,8.324354638415945
1009,face,FACE_204_211,204,211,9.2908664904704
1010,face,FACE_68_21,68,21,16.72422315586044
1011,face,FACE_381_252,381,252,7.823054706351644
1012,face,FACE_462_326,462,326,6.103991676272704
1013,face,FACE_60_166,60,166,7.968864190377529
1014,face,FACE_174_188,174,188,9.305759184362893
1015,face,FACE_414_286,414,286,9.446938635654233
1016,face,FACE_339_255,339,255,5.4342739605220105
1017,face,FACE_115_218,115,218,5.151582276433867
1018,face,FACE_411_280,411,280,23.43332572483689
1019,face,FACE_181_83,181,83,15.820529827079705
1020,face,FACE_401_352,401,352,27.44764188580825
1021,face,FACE_333_297,333,297,29.561326858589798
1022,face,FACE_46_124,46,124,8.528003754120201
1023,face,FACE_373_253,373,253,8.1820219871935
1024,face,FACE_71_68,71,68,16.05128103449265
1025,face,FACE_424_335,424,335,10.26348617452822
1026,face,FACE_76_146,76,146,5.644858143555559
1027,face,FACE_49_129,49,129,4.5763804714677505
1028,face,FACE_69_107,69,107,40.129619230685336
1029,face,FACE_335_406,335,406,11.68870952973307
1030,face,FACE_148_171,148,171,7.293548445219862
1031,face,FACE_460_294,460,294,6.977253519256147
1032,face,FACE_192_214,192,214,15.202491932472482
1033,face,FACE_446_359,446,359,8.45699279407635
1034,face,FACE_391_423,391,423,18.084457825009594
1035,face,FACE_105_66,105,66,18.37648583829027
1036,face,FACE_410_436,410,436,11.501076170378745
1037,face,FACE_110_144,110,144,9.645885933995668
1038,face,FACE_249_339,249,339,5.856873460081711
1039,face,FACE_163_7,163,7,3.718859528566277
1040,face,FACE_273_287,273,287,11.75208922062815
1041,face,FACE_45_51,45,51,11.632836849097377
1042,face,FACE_225_247,225,247,6.1322197988204765
1043,face,FACE_373_374,373,374,7.078656776810314
1044,face,FACE_38_12,38,12,10.75632673520024
1045,face,FACE_263_359,263,359,5.129043008543061
1046,face,FACE_173_56,173,56,10.147374457773576
1047,face,FACE_159_158,159,158,7.361202739636397
1048,face,FACE_461_459,461,459,7.433019205070985
1049,face,FACE_111_117,111,117,8.682298419886457
1050,face,FACE_211_204,211,204,9.2908664904704
1051,face,FACE_225_224,225,224,7.931974270522251
1052,face,FACE_151_9,151,9,27.528625994776878
1053,face,FACE_370_462,370,462,3.022778010838379
1054,face,FACE_55_221,55,221,7.867476069311613
1055,face,FACE_156_124,156,124,6.812829785478497
1056,face,FACE_196_197,196,197,7.85324888711024
1057,face,FACE_47_217,47,217,6.576514324385385
1058,face,FACE_285_9,285,9,19.47981956453825
1059,face,FACE_208_171,208,171,10.0957095729724
1060,face,FACE_280_425,280,425,18.21895780551744
1061,face,FACE_164_393,164,393,12.96342493038565
1062,face,FACE_258_257,258,257,9.230158295655565
1063,face,FACE_229_230,229,230,11.937823609051879
1064,face,FACE_389_368,389,368,9.639681560428341
1065,face,FACE_139_156,139,156,10.474096603218015
1066,face,FACE_353_265,353,265,11.097515084165819
1067,face,FACE_412_351,412,351,8.07280084060192
1068,face,FACE_218_220,218,220,6.8109558042906
1069,face,FACE_304_409,304,409,8.083139443015789
1070,face,FACE_311_268,311,268,7.9189878094622035
1071,face,FACE_370_354,370,354,1.7088363894184226
1072,face,FACE_288_401,288,401,29.478264262833264
1073,face,FACE_179_85,179,85,11.369791245258908
1074,face,FACE_159_27,159,27,7.429426075622844
1075,face,FACE_190_243,190,243,6.077927658238375
1076,face,FACE_196_174,196,174,7.263456721765255
1077,face,FACE_295_296,295,296,7.605173286853107
1078,face,FACE_142_203,142,203,19.655812550504063
1079,face,FACE_173_190,173,190,4.202112961775217
1080,face,FACE_193_168,193,168,10.69803172376867
1081,face,FACE_325_324,325,324,2.359017742233756
1082,face,FACE_425_411,425,411,24.106307145901006
1083,face,FACE_391_269,391,269,8.965910270772707
1084,face,FACE_99_97,99,97,2.130773516293036
1085,face,FACE_347_348,347,348,18.07922295630651
1086,face,FACE_366_361,366,361,26.154965644978976
1087,face,FACE_2_164,2,164,6.747423178238182
1088,face,FACE_131_49,131,49,6.623946957278139
1089,face,FACE_26_112,26,112,4.909760867089528
1090,face,FACE_380_381,380,381,5.985052108922384
1091,face,FACE_211_194,211,194,15.13357715712
1092,face,FACE_104_68,104,68,16.980556465798177
1093,face,FACE_124_46,124,46,8.528003754120201
1094,face,FACE_234_34,234,34,21.13759885747486
1095,face,FACE_413_414,413,414,5.972627356008432
1096,face,FACE_432_427,432,427,27.004264635517593
1097,face,FACE_452_256,452,256,5.626494669611733
1098,face,FACE_177_137,177,137,21.636372746228176
1099,face,FACE_43_57,43,57,11.853479906318341
1100,face,FACE_276_445,276,445,8.89326224422177
1101,face,FACE_248_197,248,197,13.226598296846944
1102,face,FACE_209_126,209,126,7.043868058878872
1103,face,FACE_142_36,142,36,12.706295334762084
1104,face,FACE_226_35,226,35,8.993296093043039
1105,face,FACE_2_141,2,141,4.372915918147224
1106,face,FACE_237_44,237,44,5.985020558355212
1107,face,FACE_435_288,435,288,9.25995809882204
1108,face,FACE_129_102,129,102,0.5604179114348001
1109,face,FACE_273_375,273,375,3.599088400110179
1110,face,FACE_166_20,166,20,12.998994982667734
1111,face,FACE_425_280,425,280,18.21895780551744
1112,face,FACE_77_91,77,91,7.603107922499102
1113,face,FACE_461_462,461,462,1.7168911185325124
1114,face,FACE_306_408,306,408,5.648448972657451
1115,face,FACE_247_130,247,130,4.526541048562852
1116,face,FACE_206_92,206,92,14.389367848427256
1117,face,FACE_193_122,193,122,9.523281670107716
1118,face,FACE_200_18,200,18,9.556810116853963
1119,face,FACE_157_56,157,56,5.78106701251216
1120,face,FACE_352_411,352,411,28.00385973757992
1121,face,FACE_46_225,46,225,8.336619926870457
1122,face,FACE_345_372,345,372,17.63983409235152
1123,face,FACE_264_447,264,447,20.475042888332414
1124,face,FACE_436_410,436,410,11.501076170378745
1125,face,FACE_17_18,17,18,9.286589393354651
1126,face,FACE_28_27,28,27,9.904865358845164
1127,face,FACE_235_240,235,240,3.3709376397918835
1128,face,FACE_128_114,128,114,5.222858735776713
1129,face,FACE_134_45,134,45,10.657330170547091
1130,face,FACE_198_209,198,209,6.898969223293506
1131,face,FACE_64_129,64,129,4.8402241273373345
1132,face,FACE_459_250,459,250,6.3031122822487715
1133,face,FACE_192_135,192,135,28.244959492217983
1134,face,FACE_112_26,112,26,4.909760867089528
1135,face,FACE_404_314,404,314,12.321120169501087
1136,face,FACE_297_337,297,337,35.619233520955945
1137,face,FACE_428_262,428,262,17.093907738553167
1138,face,FACE_81_38,81,38,7.4859534136286126
1139,face,FACE_51_195,51,195,13.72385221121921
1140,face,FACE_311_271,311,271,2.209175337580386
1141,face,FACE_442_282,442,282,16.572473410171476
1142,face,FACE_179_88,179,88,6.680425687598641
1143,face,FACE_252_450,252,450,13.53258795086929
1144,face,FACE_191_62,191,62,6.7892581238525995
1145,face,FACE_84_85,84,85,5.717310742304816
1146,face,FACE_203_36,203,36,13.50514416438002
1147,face,FACE_443_283,443,283,16.964701617389103
1148,face,FACE_121_232,121,232,5.716881713560288
1149,face,FACE_321_406,321,406,15.077831162270892
1150,face,FACE_226_25,226,25,10.505699936279811
1151,face,FACE_323_366,323,366,4.286610360378724
1152,face,FACE_117_118,117,118,11.878186215892763
1153,face,FACE_122_196,122,196,9.851660877169987
1154,face,FACE_191_183,191,183,2.3451623442400957
1155,face,FACE_397_288,397,288,22.335060140354337
1156,face,FACE_383_353,383,353,8.892696465143754
1157,face,FACE_161_160,161,160,4.634068159752886
1158,face,FACE_25_7,25,7,5.534820939971782
1159,face,FACE_11_72,11,72,11.811770955637279
1160,face,FACE_239_79,239,79,3.241854968247781
1161,face,FACE_305_290,305,290,5.400118071976832
1162,face,FACE_464_463,464,463,5.553117959261651
1163,face,FACE_22_230,22,230,13.31381733556328
1164,face,FACE_183_184,183,184,2.597049979846585
1165,face,FACE_143_111,143,111,12.860934155642513
1166,face,FACE_442_295,442,295,6.683443408900072
1167,face,FACE_241_125,241,125,2.7683548155698725
1168,face,FACE_12_302,12,302,11.50074393203075
1169,face,FACE_426_436,426,436,14.51019445439571
1170,face,FACE_13_38,13,38,11.116238868810562
1171,face,FACE_428_396,428,396,10.496056898870807
1172,face,FACE_127_139,127,139,18.93232832372364
1173,face,FACE_120_100,120,100,8.08124000731276
1174,face,FACE_259_444,259,444,5.0261266609875985
1175,face,FACE_378_395,378,395,10.915694340012697
1176,face,FACE_183_76,183,76,6.15602021520728
1177,face,FACE_260_259,260,259,6.7124775390400115
1178,face,FACE_427_436,427,436,15.34423686216624
1179,face,FACE_346_448,346,448,12.960130721847172
1180,face,FACE_306_375,306,375,5.584164763387252
1181,face,FACE_255_446,255,446,11.755657611039117
1182,face,FACE_36_142,36,142,12.706295334762084
1183,face,FACE_369_431,369,431,22.60316795680027
1184,face,FACE_51_5,51,5,7.701226821224083
1185,face,FACE_435_376,435,376,26.328780174792026
1186,face,FACE_282_283,282,283,14.274633135882805
1187,face,FACE_462_250,462,250,2.524089757021595
1188,face,FACE_347_449,347,449,11.642035306240373
1189,face,FACE_205_216,205,216,23.649840846968516
1190,face,FACE_64_240,64,240,6.90982789330483
1191,face,FACE_267_11,267,11,12.134549756081382
1192,face,FACE_351_419,351,419,9.824028833457394
1193,face,FACE_431_262,431,262,15.892343340914255
1194,face,FACE_411_433,411,433,17.746628831330238
1195,face,FACE_143_124,143,124,15.032115575864665
1196,face,FACE_190_56,190,56,10.128083554900543
1197,face,FACE_315_316,315,316,5.601710964319395
1198,face,FACE_346_340,346,340,9.50866281280255
1199,face,FACE_116_143,116,143,17.70203255565618
1200,face,FACE_316_317,316,317,3.791684368978194
1201,face,FACE_327_326,327,326,15.153429995575861
1202,face,FACE_206_36,206,36,21.78933818547969
1203,face,FACE_192_138,192,138,14.762428645347558
1204,face,FACE_464_417,464,417,10.908654858155202
1205,face,FACE_149_176,149,176,14.3901904687353
1206,face,FACE_356_389,356,389,23.490757301012586
1207,face,FACE_349_350,349,350,10.006190528884101
1208,face,FACE_102_64,102,64,4.997944396783039
1209,face,FACE_47_128,47,128,12.601797115495582
1210,face,FACE_81_41,81,41,2.3941703581899216
1211,face,FACE_147_215,147,215,25.051874817854838
1212,face,FACE_450_253,450,253,7.914659896382106
1213,face,FACE_25_226,25,226,10.505699936279811
1214,face,FACE_467_342,467,342,6.3375587434860865
1215,face,FACE_332_297,332,297,25.968443136230206
1216,face,FACE_464_453,464,453,6.474703701950265
1217,face,FACE_270_322,270,322,8.978287344869274
1218,face,FACE_117_229,117,229,19.128775416224187
1219,face,FACE_282_296,282,296,17.11679338950451
1220,face,FACE_129_203,129,203,10.209759733087289
1221,face,FACE_155_112,155,112,3.5401221000966583
1222,face,FACE_434_430,434,430,21.30366451639612
1223,face,FACE_345_352,345,352,19.701948495511235
1224,face,FACE_465_417,465,417,10.707582257457089
1225,face,FACE_248_419,248,419,9.147243904289757
1226,face,FACE_61_184,61,184,5.88343237270209
1227,face,FACE_216_207,216,207,14.565976776330931
1228,face,FACE_307_325,307,325,2.5350537098101826
1229,face,FACE_202_43,202,43,8.900353119123345
1230,face,FACE_313_405,313,405,17.94018866238647
1231,face,FACE_79_238,79,238,8.417341924442676
1232,face,FACE_39_165,39,165,10.396305468212972
1233,face,FACE_177_215,177,215,20.371635734811292
1234,face,FACE_392_289,392,289,1.21338368915353
1235,face,FACE_329_349,329,349,9.513915682371875
1236,face,FACE_201_200,201,200,14.372695752070243
1237,face,FACE_87_178,87,178,8.270335101266966
1238,face,FACE_448_449,448,449,10.090999814516529
1239,face,FACE_172_136,172,136,16.92994125953724
1240,face,FACE_266_329,266,329,20.017577476429455
1241,face,FACE_274_4,274,4,12.100615334086903
1242,face,FACE_165_97,165,97,20.109350054359574
1243,face,FACE_226_113,226,113,7.137617904925037
1244,face,FACE_56_190,56,190,10.128083554900543
1245,face,FACE_323_454,323,454,22.48569609133965
1246,face,FACE_264_368,264,368,19.88711153285076
1247,face,FACE_229_118,229,118,11.722656211796844
1248,face,FACE_75_60,75,60,5.077489678622631
1249,face,FACE_88_179,88,179,6.680425687598641
1250,face,FACE_415_308,415,308,6.133468354370781
1251,face,FACE_293_282,293,282,20.16098330996501
1252,face,FACE_212_214,212,214,10.99584793526238
1253,face,FACE_204_210,204,210,16.30635409615921
1254,face,FACE_230_119,230,119,8.673039320722877
1255,face,FACE_176_148,176,148,15.337863766408566
1256,face,FACE_188_122,188,122,7.242957694345119
1257,face,FACE_339_254,339,254,7.724986224839823
1258,face,FACE_42_184,42,184,7.8279278960235565
1259,face,FACE_342_445,342,445,8.182115673318991
1260,face,FACE_199_396,199,396,21.567399415978368
1261,face,FACE_166_219,166,219,3.963524007251935
1262,face,FACE_419_399,419,399,8.123709789881755
1263,face,FACE_30_29,30,29,6.216699336361052
1264,face,FACE_15_315,15,315,12.349502486955739
1265,face,FACE_236_134,236,134,9.026268575980742
1266,face,FACE_301_300,301,300,15.745629361683108
1267,face,FACE_333_332,333,332,18.374355490819333
1268,face,FACE_352_345,352,345,19.701948495511235
1269,face,FACE_52_53,52,53,12.66947671966205
1270,face,FACE_166_75,166,75,3.3586057781014973
1271,face,FACE_192_213,192,213,14.344564620215893
1272,face,FACE_3_197,3,197,13.208315171030401
1273,face,FACE_77_146,77,146,2.473135151370474
1274,face,FACE_363_360,363,360,9.444086319739228
1275,face,FACE_334_333,334,333,24.67988625599653
1276,face,FACE_6_351,6,351,8.917967063633698
1277,face,FACE_6_122,6,122,8.369695665025404
1278,face,FACE_406_321,406,321,15.077831162270892
1279,face,FACE_284_332,284,332,21.56807244192327
1280,face,FACE_350_277,350,277,8.15204032941543
1281,face,FACE_8_168,8,168,9.829424400978294
1282,face,FACE_129_49,129,49,4.5763804714677505
1283,face,FACE_0_164,0,164,8.785992151667527
1284,face,FACE_300_276,300,276,8.640964194459974
1285,face,FACE_86_87,86,87,3.7289195081851676
1286,face,FACE_226_247,226,247,9.645288023492594
1287,face,FACE_119_120,119,120,13.046087104581998
1288,face,FACE_37_167,37,167,6.990750092176267
1289,face,FACE_111_116,111,116,12.181282401601939
1290,face,FACE_451_450,451,450,11.326973361563287
1291,face,FACE_335_418,335,418,16.5851332343615
1292,face,FACE_40_92,40,92,10.573319330047005
1293,face,FACE_52_66,52,66,16.37448269138668
1294,face,FACE_285_417,285,417,12.563046795134706
1295,face,FACE_224_29,224,29,5.217796523875416
1296,face,FACE_330_425,330,425,24.937394294618233
1297,face,FACE_285_8,285,8,14.811711568756387
1298,face,FACE_236_3,236,3,7.39814852125121
1299,face,FACE_307_292,307,292,4.48976962638158
1300,face,FACE_187_147,187,147,12.342071068244884
1301,face,FACE_139_70,139,70,14.99835910031555
1302,face,FACE_185_186,185,186,10.685811276843594
1303,face,FACE_270_410,270,410,10.865964981844646
1304,face,FACE_456_420,456,420,9.002044973961043
1305,face,FACE_407_415,407,415,2.1433912762917
1306,face,FACE_294_358,294,358,5.3013384274801565
1307,face,FACE_78_96,78,96,4.800904325783297
1308,face,FACE_259_257,259,257,8.945070458026331
1309,face,FACE_218_219,218,219,5.425795544480582
1310,face,FACE_417_465,417,465,10.707582257457089
1311,face,FACE_304_408,304,408,6.901733327378735
1312,face,FACE_56_157,56,157,5.78106701251216
1313,face,FACE_63_53,63,53,7.711872962490544
1314,face,FACE_349_330,349,330,23.065386807775475
1315,face,FACE_241_239,241,239,7.118820728846755
1316,face,FACE_261_446,261,446,7.557830226209298
1317,face,FACE_281_275,281,275,11.633646234775606
1318,face,FACE_396_262,396,262,21.740219259854765
1319,face,FACE_441_413,441,413,8.812972111230478
1320,face,FACE_327_391,327,391,14.310866037974673
1321,face,FACE_100_120,100,120,8.08124000731276
1322,face,FACE_346_261,346,261,12.335567958089452
1323,face,FACE_348_450,348,450,8.606570706401682
1324,face,FACE_340_446,340,446,16.518635824685035
1325,face,FACE_180_85,180,85,10.425971473160947
1326,face,FACE_252_253,252,253,8.317253755752121
1327,face,FACE_137_123,137,123,8.698777447471798
1328,face,FACE_349_451,349,451,6.9661924322912725
1329,face,FACE_462_328,462,328,7.094970783611062
1330,face,FACE_455_289,455,289,3.947758277254864
1331,face,FACE_6_197,6,197,10.176122778114582
1332,face,FACE_377_369,377,369,21.12407353910041
1333,face,FACE_115_220,115,220,6.263220923636979
1334,face,FACE_35_111,35,111,11.48728336431251
1335,face,FACE_383_300,383,300,12.86197548706772
1336,face,FACE_110_25,110,25,5.047853726654648
1337,face,FACE_437_420,437,420,8.345125904151827
1338,face,FACE_333_299,333,299,23.26845086371731
1339,face,FACE_252_374,252,374,8.64234910848178
1340,face,FACE_31_226,31,226,7.896191653662827
1341,face,FACE_71_70,71,70,12.925110395547494
1342,face,FACE_104_67,104,67,28.75520968471168
1343,face,FACE_49_131,49,131,6.623946957278139
1344,face,FACE_463_414,463,414,5.674605205973654
1345,face,FACE_118_230,118,230,21.03828574046746
1346,face,FACE_104_103,104,103,16.579166105088593
1347,face,FACE_155_154,155,154,4.254563590661406
1348,face,FACE_220_134,220,134,9.502322939757086
1349,face,FACE_262_396,262,396,21.740219259854765
1350,face,FACE_70_46,70,46,7.1929659911968775
1351,face,FACE_436_432,436,432,18.396801902579615
1352,face,FACE_167_164,167,164,12.42933507323469
1353,face,FACE_170_169,170,169,15.296845311029001
1354,face,FACE_211_170,211,170,10.583880751900288
1355,face,FACE_77_90,77,90,6.375013012367525
1356,face,FACE_22_154,22,154,8.028584917239458
1357,face,FACE_237_79,237,79,3.004672152131296
1358,face,FACE_197_6,197,6,10.176122778114582
1359,face,FACE_143_35,143,35,7.590281998770858
1360,face,FACE_146_77,146,77,2.473135151370474
1361,face,FACE_434_364,434,364,19.01494253319545
1362,face,FACE_72_11,72,11,11.811770955637279
1363,face,FACE_9_337,9,337,37.488074591137654
1364,face,FACE_465_351,465,351,5.169488762558005
1365,face,FACE_89_180,89,180,8.523905254450224
1366,face,FACE_255_249,255,249,6.757039587398231
1367,face,FACE_295_285,295,285,21.702404580886412
1368,face,FACE_90_181,90,181,11.016265282851675
1369,face,FACE_91_146,91,146,7.512075237773764
1370,face,FACE_143_156,143,156,14.493226171477598
1371,face,FACE_18_421,18,421,17.336105300581554
1372,face,FACE_232_121,232,121,5.716881713560288
1373,face,FACE_425_436,425,436,23.469924750740766
1374,face,FACE_257_443,257,443,4.152036490637795
1375,face,FACE_29_27,29,27,8.87998875517144
1376,face,FACE_327_358,327,358,11.059322359940925
1377,face,FACE_433_376,433,376,17.05449750339579
1378,face,FACE_299_296,299,296,27.38374082525132
1379,face,FACE_259_260,259,260,6.7124775390400115
1380,face,FACE_405_314,405,314,10.783198031584334
1381,face,FACE_158_28,158,28,6.577995914597459
1382,face,FACE_217_114,217,114,8.65304833896939
1383,face,FACE_197_248,197,248,13.226598296846944
1384,face,FACE_124_35,124,35,10.551636980836475
1385,face,FACE_375_291,375,291,5.9198585064293905
1386,face,FACE_321_320,321,320,3.730938738174213
1387,face,FACE_324_325,324,325,2.359017742233756
1388,face,FACE_336_299,336,299,40.73565077560349
1389,face,FACE_62_96,62,96,5.743081214168742
1390,face,FACE_22_23,22,23,8.642205879431293
1391,face,FACE_281_363,281,363,8.544994152244508
1392,face,FACE_443_282,443,282,6.831826901724032
1393,face,FACE_20_99,20,99,4.366078841672072
1394,face,FACE_124_156,124,156,6.812829785478497
1395,face,FACE_464_341,464,341,7.653530969981419
1396,face,FACE_27_223,27,223,4.0304155623218545
1397,face,FACE_125_237,125,237,10.772823110276935
1398,face,FACE_148_140,148,140,21.548477686023126
1399,face,FACE_279_331,279,331,4.413356450415896
1400,face,FACE_32_194,32,194,10.430384527356688
1401,face,FACE_44_19,44,19,9.042550780792173
1402,face,FACE_244_193,244,193,9.481484828204472
1403,face,FACE_439_289,439,289,4.37745134011072
1404,face,FACE_453_452,453,452,6.3254442348482485
1405,face,FACE_12_72,12,72,12.454171263164723
1406,face,FACE_343_437,343,437,8.63446452741387
1407,face,FACE_94_370,94,370,3.7250116429594904
1408,face,FACE_94_141,94,141,3.6020309131600565
1409,face,FACE_429_360,429,360,4.84700966153764
1410,face,FACE_444_259,444,259,5.0261266609875985
1411,face,FACE_322_270,322,270,8.978287344869274
1412,face,FACE_121_100,121,100,14.584755620901714
1413,face,FACE_199_428,199,428,17.430927449351238
1414,face,FACE_379_395,379,395,12.244911244785671
1415,face,FACE_32_171,32,171,22.29103541448663
1416,face,FACE_322_391,322,391,10.367873662349718
1417,face,FACE_389_301,389,301,18.16921139955781
1418,face,FACE_279_429,279,429,7.447145375887771
1419,face,FACE_394_379,394,379,12.223387383254108
1420,face,FACE_453_465,453,465,8.293012390021229
1421,face,FACE_380_252,380,252,5.300143963314387
1422,face,FACE_416_434,416,434,16.405178678911035
1423,face,FACE_362_463,362,463,3.7011903376499387
1424,face,FACE_309_457,309,457,4.138406980522587
1425,face,FACE_6_419,6,419,14.447137786960058
1426,face,FACE_193_245,193,245,10.0989645073252
1427,face,FACE_413_285,413,285,11.199933308527367
1428,face,FACE_310_272,310,272,2.2532953661513946
1429,face,FACE_163_110,163,110,6.486694580710359
1430,face,FACE_29_30,29,30,6.216699336361052
1431,face,FACE_69_66,69,66,28.383504660000412
1432,face,FACE_114_217,114,217,8.65304833896939
1433,face,FACE_328_326,328,326,2.115900964185022
1434,face,FACE_431_418,431,418,17.13849548255185
1435,face,FACE_98_129,98,129,10.733281691472571
1436,face,FACE_171_199,171,199,19.865611415382357
1437,face,FACE_303_269,303,269,3.4137480433629923
1438,face,FACE_91_90,91,90,3.61402325647278
1439,face,FACE_156_70,156,70,10.960254570143134
1440,face,FACE_282_295,282,295,17.275475379642423
1441,face,FACE_287_410,287,410,9.895715539018374
1442,face,FACE_73_72,73,72,10.58424228131584
1443,face,FACE_194_182,194,182,8.969597909396816
1444,face,FACE_408_291,408,291,6.553547885070775
1445,face,FACE_221_56,221,56,6.145950834788535
1446,face,FACE_126_47,126,47,8.999777183739674
1447,face,FACE_137_93,137,93,2.4752937032634996
1448,face,FACE_49_209,49,209,7.590924306078151
1449,face,FACE_257_387,257,387,10.237158804135834
1450,face,FACE_416_411,416,411,24.4553068660361
1451,face,FACE_176_170,176,170,23.37914851549116
1452,face,FACE_95_96,95,96,2.138248697395348
1453,face,FACE_235_219,235,219,2.0537220272536225
1454,face,FACE_401_288,401,288,29.478264262833264
1455,face,FACE_346_352,346,352,29.835051963908107
1456,face,FACE_79_237,79,237,3.004672152131296
1457,face,FACE_218_166,218,166,2.86279227675707
1458,face,FACE_430_431,430,431,16.21115505954424
1459,face,FACE_289_455,289,455,3.947758277254864
1460,face,FACE_82_13,82,13,9.637826440319586
1461,face,FACE_108_151,108,151,24.653024799187357
1462,face,FACE_355_437,355,437,9.000071140401685
1463,face,FACE_342_467,342,467,6.3375587434860865
1464,face,FACE_276_293,276,293,12.7293185113667
1465,face,FACE_308_325,308,325,4.129367858154035
1466,face,FACE_427_425,427,425,17.973804918276254
1467,face,FACE_97_141,97,141,7.560895991595903
1468,face,FACE_431_395,431,395,11.768744932088886
1469,face,FACE_423_391,423,391,18.084457825009594
1470,face,FACE_190_189,190,189,5.2159443532304515
1471,face,FACE_330_349,330,349,23.065386807775475
1472,face,FACE_162_127,162,127,22.76961446400218
1473,face,FACE_359_263,359,263,5.129043008543061
1474,face,FACE_464_465,464,465,3.928746387243288
1475,face,FACE_376_352,376,352,19.805942147178833
1476,face,FACE_223_222,223,222,12.86956067156696
1477,face,FACE_435_401,435,401,20.670267353973593
1478,face,FACE_230_118,230,118,21.03828574046746
1479,face,FACE_222_28,222,28,2.689662705735075
1480,face,FACE_408_304,408,304,6.901733327378735
1481,face,FACE_50_187,50,187,22.079567962933574
1482,face,FACE_42_183,42,183,5.807467050160056
1483,face,FACE_183_42,183,42,5.807467050160056
1484,face,FACE_187_192,187,192,23.66155435688437
1485,face,FACE_25_130,25,130,5.717872558757891
1486,face,FACE_265_340,265,340,11.10381567510825
1487,face,FACE_92_40,92,40,10.573319330047005
1488,face,FACE_371_358,371,358,11.785947629719018
1489,face,FACE_211_140,211,140,22.89065771959545
1490,face,FACE_35_143,35,143,7.590281998770858
1491,face,FACE_15_85,15,85,12.288092718512935
1492,face,FACE_142_126,142,126,10.050968627456793
1493,face,FACE_195_281,195,281,13.650472529811365
1494,face,FACE_440_457,440,457,7.175945147878077
1495,face,FACE_221_190,221,190,7.192729456546233
1496,face,FACE_386_257,386,257,8.064283204428794
1497,face,FACE_277_350,277,350,8.15204032941543
1498,face,FACE_251_298,251,298,21.050197004491842
1499,face,FACE_383_368,383,368,13.470444549294408
1500,face,FACE_255_448,255,448,9.66976703912016
1501,face,FACE_290_289,290,289,7.644353833014255
1502,face,FACE_317_14,317,14,9.350493678567366
1503,face,FACE_103_54,103,54,19.868485857675218
1504,face,FACE_414_441,414,441,7.166451124110101
1505,face,FACE_160_30,160,30,10.614021972786814
1506,face,FACE_174_114,174,114,5.73281859631178
1507,face,FACE_326_328,326,328,2.115900964185022
1508,face,FACE_460_328,460,328,10.743524644969236
1509,face,FACE_152_175,152,175,7.37721616173091
1510,face,FACE_124_113,124,113,7.625845423529711
1511,face,FACE_367_365,367,365,27.33380459693658
1512,face,FACE_98_240,98,240,2.641031372412593
1513,face,FACE_64_98,64,98,5.916122233904015
1514,face,FACE_262_428,262,428,17.093907738553167
1515,face,FACE_396_428,396,428,10.496056898870807
1516,face,FACE_122_188,122,188,7.242957694345119
1517,face,FACE_327_328,327,328,13.623770776409033
1518,face,FACE_80_42,80,42,2.4572670441839652
1519,face,FACE_265_353,265,353,11.097515084165819
1520,face,FACE_38_82,38,82,2.2067904678096393
1521,face,FACE_282_442,282,442,16.572473410171476
1522,face,FACE_209_49,209,49,7.590924306078151
1523,face,FACE_73_39,73,39,3.7588036291195146
1524,face,FACE_25_228,25,228,9.969210783179069
1525,face,FACE_302_11,302,11,11.175033065718116
1526,face,FACE_100_142,100,142,10.558068859272787
1527,face,FACE_447_366,447,366,20.89291708532597
1528,face,FACE_460_305,460,305,3.9383353531233665
1529,face,FACE_451_256,451,256,10.2483679997931
1530,face,FACE_1_19,1,19,4.717569101987794
1531,face,FACE_421_313,421,313,9.792938243120787
1532,face,FACE_370_2,370,2,3.9120234747844194
1533,face,FACE_434_432,434,432,13.372944410206172
1534,face,FACE_321_375,321,375,7.146206018576738
1535,face,FACE_308_292,308,292,1.2735538627193501
1536,face,FACE_179_178,179,178,3.0383567605455295
1537,face,FACE_39_167,39,167,11.741524902851356
1538,face,FACE_459_461,459,461,7.433019205070985
1539,face,FACE_46_63,46,63,11.827297102174997
1540,face,FACE_391_326,391,326,21.69743659614939
1541,face,FACE_417_464,417,464,10.908654858155202
1542,face,FACE_197_195,197,195,9.663315528780785
1543,face,FACE_230_229,230,229,11.937823609051879
1544,face,FACE_356_368,356,368,20.98522084423899
1545,face,FACE_349_329,349,329,9.513915682371875
1546,face,FACE_241_238,241,238,1.7926934038071654
1547,face,FACE_326_462,326,462,6.103991676272704
1548,face,FACE_52_222,52,222,18.17007500925553
1549,face,FACE_401_376,401,376,11.958277388078336
1550,face,FACE_172_138,172,138,10.636264570706292
1551,face,FACE_245_128,245,128,8.033266788685467
1552,face,FACE_288_435,288,435,9.25995809882204
1553,face,FACE_382_362,382,362,1.5977720041658023
1554,face,FACE_407_306,407,306,6.790536739617277
1555,face,FACE_187_123,187,123,27.437117563144064
1556,face,FACE_292_325,292,325,4.986699444155514
1557,face,FACE_212_216,212,216,17.562023576213996
1558,face,FACE_411_425,411,425,24.106307145901006
1559,face,FACE_143_116,143,116,17.70203255565618
1560,face,FACE_349_450,349,450,12.375622320364105
1561,face,FACE_216_186,216,186,11.363818577297868
1562,face,FACE_296_295,296,295,7.605173286853107
1563,face,FACE_18_201,18,201,16.04479984899045
1564,face,FACE_247_30,247,30,5.0124140755963245
1565,face,FACE_262_418,262,418,11.160378868739102
1566,face,FACE_14_316,14,316,11.00383891873317
1567,face,FACE_14_87,14,87,9.946152539494323
1568,face,FACE_114_174,114,174,5.73281859631178
1569,face,FACE_195_248,195,248,7.590997418950175
1570,face,FACE_300_301,300,301,15.745629361683108
1571,face,FACE_162_71,162,71,15.072325557248826
1572,face,FACE_181_84,181,84,11.28269764849786
1573,face,FACE_423_371,423,371,19.790944538401252
1574,face,FACE_369_400,369,400,8.740912102338621
1575,face,FACE_330_329,330,329,16.17419664806439
1576,face,FACE_142_129,142,129,11.958901393246474
1577,face,FACE_188_245,188,245,5.0439368335446275
1578,face,FACE_333_334,333,334,24.67988625599653
1579,face,FACE_334_299,334,299,26.685260558651684
1580,face,FACE_274_19,274,19,8.546559623994252
1581,face,FACE_251_301,251,301,12.10038529351334
1582,face,FACE_264_383,264,383,23.517281481284087
1583,face,FACE_76_183,76,183,6.15602021520728
1584,face,FACE_355_358,355,358,19.000081431971275
1585,face,FACE_434_422,434,422,22.241998349335507
1586,face,FACE_286_258,286,258,8.378788177546587
1587,face,FACE_372_447,372,447,25.30057287338584
1588,face,FACE_31_117,31,117,12.843829472093217
1589,face,FACE_438_392,438,392,3.298611824942556
1590,face,FACE_38_13,38,13,11.116238868810562
1591,face,FACE_1_274,1,274,7.4294057876936135
1592,face,FACE_168_122,168,122,14.940165884159542
1593,face,FACE_121_47,121,47,6.792374528670528
1594,face,FACE_7_25,7,25,5.534820939971782
1595,face,FACE_138_136,138,136,26.96454355555822
1596,face,FACE_262_431,262,431,15.892343340914255
1597,face,FACE_97_98,97,98,13.809882948836835
1598,face,FACE_369_377,369,377,21.12407353910041
1599,face,FACE_463_341,463,341,3.6851186067531363
1600,face,FACE_401_366,401,366,21.88611738630851
1601,face,FACE_146_76,146,76,5.644858143555559
1602,face,FACE_9_107,9,107,20.040092391617627
1603,face,FACE_451_452,451,452,8.668104164305614
1604,face,FACE_238_79,238,79,8.417341924442676
1605,face,FACE_462_461,462,461,1.7168911185325124
1606,face,FACE_132_177,132,177,4.372339927594709
1607,face,FACE_441_258,441,258,15.629097332865017
1608,face,FACE_339_390,339,390,7.389606416894637
1609,face,FACE_204_202,204,202,14.056902402238773
1610,face,FACE_90_180,90,180,8.384915626462947
1611,face,FACE_410_270,410,270,10.865964981844646
1612,face,FACE_355_371,355,371,10.671729127895373
1613,face,FACE_176_140,176,140,8.76368998941416
1614,face,FACE_27_160,27,160,9.159383935632171
1615,face,FACE_447_454,447,454,3.5777549553118204
1616,face,FACE_114_128,114,128,5.222858735776713
1617,face,FACE_466_467,466,467,7.874126731402978
1618,face,FACE_188_114,188,114,8.483795427549046
1619,face,FACE_141_2,141,2,4.372915918147224
1620,face,FACE_91_181,91,181,9.925554218572618
1621,face,FACE_78_62,78,62,1.2199267362195583
1622,face,FACE_232_120,232,120,12.68213255707929
1623,face,FACE_48_219,48,219,4.202794198599505
1624,face,FACE_400_378,400,378,15.319418275107283
1625,face,FACE_207_212,207,212,27.104479472251075
1626,face,FACE_406_421,406,421,17.324424946614833
1627,face,FACE_199_208,199,208,17.361981976058143
1628,face,FACE_439_455,439,455,2.0017368288666257
1629,face,FACE_250_290,250,290,6.396959777089825
1630,face,FACE_405_313,405,313,17.94018866238647
1631,face,FACE_269_303,269,303,3.4137480433629923
1632,face,FACE_295_441,295,441,15.517695865154792
1633,face,FACE_36_101,36,101,13.216705357113048
1634,face,FACE_261_448,261,448,6.998576374555695
1635,face,FACE_388_260,388,260,8.130438924348379
1636,face,FACE_20_242,20,242,2.3960977237209895
1637,face,FACE_414_398,414,398,5.210785023325392
1638,face,FACE_273_422,273,422,10.22243742801763
1639,face,FACE_433_411,433,411,17.746628831330238
1640,face,FACE_4_5,4,5,12.460137397160764
1641,face,FACE_159_28,159,28,9.545613907305517
1642,face,FACE_255_261,255,261,11.267117483352079
1643,face,FACE_175_152,175,152,7.37721616173091
1644,face,FACE_117_31,117,31,12.843829472093217
1645,face,FACE_99_242,99,242,5.957942075190911
1646,face,FACE_133_155,133,155,1.8951731740046205
1647,face,FACE_53_46,53,46,10.168324737701454
1648,face,FACE_66_65,66,65,7.788936397868994
1649,face,FACE_406_313,406,313,13.204045357596268
1650,face,FACE_322_436,322,436,16.041338365729604
1651,face,FACE_337_299,337,299,22.56915186929306
1652,face,FACE_134_236,134,236,9.026268575980742
1653,face,FACE_456_399,456,399,8.484340495213983
1654,face,FACE_328_250,328,250,5.256871064483974
1655,face,FACE_247_33,247,33,6.163782461868518
1656,face,FACE_365_397,365,397,18.434403778959457
1657,face,FACE_70_71,70,71,12.925110395547494
1658,face,FACE_338_151,338,151,38.24976821988464
1659,face,FACE_35_113,35,113,13.463790977761802
1660,face,FACE_94_19,94,19,1.719571202918699
1661,face,FACE_194_106,194,106,16.39162276023147
1662,face,FACE_447_323,447,323,23.411669180734528
1663,face,FACE_31_228,31,228,6.315497952653529
1664,face,FACE_185_57,185,57,14.125224897657146
1665,face,FACE_63_68,63,68,18.701681372891457
1666,face,FACE_104_69,104,69,21.877490405930754
1667,face,FACE_43_202,43,202,8.900353119123345
1668,face,FACE_217_126,217,126,8.354976812679503
1669,face,FACE_21_71,21,71,9.970994299307796
1670,face,FACE_454_447,454,447,3.5777549553118204
1671,face,FACE_140_171,140,171,16.89277692024114
1672,face,FACE_398_286,398,286,9.572443063208725
1673,face,FACE_245_193,245,193,10.0989645073252
1674,face,FACE_56_28,56,28,9.292409064951928
1675,face,FACE_196_188,196,188,6.942683667933784
1676,face,FACE_435_433,435,433,11.255703315905707
1677,face,FACE_54_104,54,104,21.205201702290925
1678,face,FACE_368_300,368,300,20.664015965728556
1679,face,FACE_273_291,273,291,7.955143176597421
1680,face,FACE_92_216,92,216,14.419973644879336
1681,face,FACE_255_359,255,359,5.442997585144231
1682,face,FACE_437_399,437,399,8.56997104528808
1683,face,FACE_309_250,309,250,9.755248517172797
1684,face,FACE_322_269,322,269,11.934046354128217
1685,face,FACE_113_46,113,46,9.843869693681128
1686,face,FACE_59_75,59,75,2.415158247099423
1687,face,FACE_146_43,146,43,9.552058866288647
1688,face,FACE_358_371,358,371,11.785947629719018
1689,face,FACE_362_341,362,341,2.9503466070724493
1690,face,FACE_148_152,148,152,18.720935737220262
1691,face,FACE_200_428,200,428,20.565687277101308
1692,face,FACE_140_148,140,148,21.548477686023126
1693,face,FACE_221_222,221,222,15.372530103150671
1694,face,FACE_200_199,200,199,11.563140049644806
1695,face,FACE_240_235,240,235,3.3709376397918835
1696,face,FACE_272_304,272,304,2.8375992449187764
1697,face,FACE_232_231,232,231,8.740567342284557
1698,face,FACE_421_18,421,18,17.336105300581554
1699,face,FACE_446_340,446,340,16.518635824685035
1700,face,FACE_55_189,55,189,10.13122495784263
1701,face,FACE_169_211,169,211,13.811627869643958
1702,face,FACE_287_432,287,432,9.756989703123912
1703,face,FACE_228_117,228,117,12.517114155085682
1704,face,FACE_233_232,233,232,6.12768160156466
1705,face,FACE_125_141,125,141,2.0274752150686894
1706,face,FACE_453_464,453,464,6.474703701950265
1707,face,FACE_310_415,310,415,6.315507445985555
1708,face,FACE_289_392,289,392,1.21338368915353
1709,face,FACE_416_433,416,433,14.951530896308409
1710,face,FACE_322_426,322,426,14.40007435056945
1711,face,FACE_294_327,294,327,5.773665466808013
1712,face,FACE_118_101,118,101,18.28033771140286
1713,face,FACE_199_175,199,175,10.439367412444097
1714,face,FACE_438_457,438,457,6.7691654402934445
1715,face,FACE_366_352,366,352,12.798288278235512
1716,face,FACE_404_315,404,315,9.855307183677793
1717,face,FACE_269_270,269,270,9.11741362083586
1718,face,FACE_367_433,367,433,26.987014754909282
1719,face,FACE_298_333,298,333,18.84637697528896
1720,face,FACE_311_272,311,272,8.921111255861808
1721,face,FACE_0_267,0,267,11.565260776663363
1722,face,FACE_252_451,252,451,6.172397952251728
1723,face,FACE_179_89,179,89,7.237861658890767
1724,face,FACE_25_31,25,31,10.233192895697945
1725,face,FACE_278_360,278,360,10.695171441154015
1726,face,FACE_269_391,269,391,8.965910270772707
1727,face,FACE_325_292,325,292,4.986699444155514
1728,face,FACE_413_441,413,441,8.812972111230478
1729,face,FACE_107_69,107,69,40.129619230685336
1730,face,FACE_92_206,92,206,14.389367848427256
1731,face,FACE_365_364,365,364,12.453727073136474
1732,face,FACE_363_440,363,440,9.524650708483854
1733,face,FACE_62_183,62,183,5.060754309658267
1734,face,FACE_187_214,187,214,35.71085129971855
1735,face,FACE_455_294,455,294,3.970852686054414
1736,face,FACE_133_243,133,243,3.012477969956273
1737,face,FACE_387_388,387,388,4.923535085508069
1738,face,FACE_219_166,219,166,3.963524007251935
1739,face,FACE_350_357,350,357,8.327723241056418
1740,face,FACE_109_151,109,151,36.94373609161314
1741,face,FACE_448_254,448,254,17.105246528911433
1742,face,FACE_419_456,419,456,14.678861392323464
1743,face,FACE_431_430,431,430,16.21115505954424
1744,face,FACE_50_101,50,101,23.070352895518035
1745,face,FACE_423_426,423,426,13.096531009361373
1746,face,FACE_222_27,222,27,10.48725543969462
1747,face,FACE_287_422,287,422,14.675947421139131
1748,face,FACE_321_335,321,335,4.75047615611111
1749,face,FACE_152_377,152,377,19.112098964264273
1750,face,FACE_165_167,165,167,16.492388819362358
1751,face,FACE_167_97,167,97,7.7422256672163705
1752,face,FACE_43_61,43,61,11.401072037385031
1753,face,FACE_306_291,306,291,1.3329834120345947
1754,face,FACE_79_20,79,20,9.55807936304082
1755,face,FACE_465_464,465,464,3.928746387243288
1756,face,FACE_432_287,432,287,9.756989703123912
1757,face,FACE_195_51,195,51,13.72385221121921
1758,face,FACE_221_189,221,189,9.560087183540594
1759,face,FACE_239_237,239,237,1.4896607093393393
1760,face,FACE_85_179,85,179,11.369791245258908
1761,face,FACE_272_271,272,271,7.498869922555432
1762,face,FACE_445_342,445,342,8.182115673318991
1763,face,FACE_344_439,344,439,6.857973384333355
1764,face,FACE_42_74,42,74,3.069576521935281
1765,face,FACE_162_139,162,139,7.375375902184286
1766,face,FACE_347_450,347,450,21.7446840352061
1767,face,FACE_133_112,133,112,2.9582951816865144
1768,face,FACE_387_257,387,257,10.237158804135834
1769,face,FACE_460_327,460,327,3.218461888172511
1770,face,FACE_57_202,57,202,13.565534633549603
1771,face,FACE_271_311,271,311,2.209175337580386
1772,face,FACE_123_147,123,147,19.59543104677147
1773,face,FACE_437_343,437,343,8.63446452741387
1774,face,FACE_275_281,275,281,11.633646234775606
1775,face,FACE_340_261,340,261,12.95793474567809
1776,face,FACE_161_30,161,30,7.723499743253202
1777,face,FACE_338_337,338,337,24.09162762732472
1778,face,FACE_357_350,357,350,8.327723241056418
1779,face,FACE_217_47,217,47,6.576514324385385
1780,face,FACE_309_459,309,459,3.7268170590259757
1781,face,FACE_255_339,255,339,5.4342739605220105
1782,face,FACE_287_291,287,291,6.821079983764364
1783,face,FACE_139_127,139,127,18.93232832372364
1784,face,FACE_268_12,268,12,10.320062479538896
1785,face,FACE_38_81,38,81,7.4859534136286126
1786,face,FACE_230_22,230,22,13.31381733556328
1787,face,FACE_101_100,101,100,15.560870377999498
1788,face,FACE_81_42,81,42,8.659872910938846
1789,face,FACE_220_237,220,237,7.217567965696518
1790,face,FACE_404_403,404,403,4.698776605082859
1791,face,FACE_351_168,351,168,15.163500169706579
1792,face,FACE_405_404,405,404,5.3675174996699635
1793,face,FACE_61_185,61,185,5.7606129027373685
1794,face,FACE_396_175,396,175,19.127111775135578
1795,face,FACE_93_137,93,137,2.4752937032634996
1796,face,FACE_79_239,79,239,3.241854968247781
1797,face,FACE_313_406,313,406,13.204045357596268
1798,face,FACE_424_273,424,273,15.375839936096423
1799,face,FACE_266_330,266,330,13.213095178033104
1800,face,FACE_196_122,196,122,9.851660877169987
1801,face,FACE_435_367,435,367,20.780576715556975
1802,face,FACE_108_9,108,9,37.31785733213974
1803,face,FACE_242_238,242,238,3.6932767523398193
1804,face,FACE_375_273,375,273,3.599088400110179
1805,face,FACE_293_283,293,283,8.411608069832667
1806,face,FACE_205_207,205,207,16.810987110066804
1807,face,FACE_123_137,123,137,8.698777447471798
1808,face,FACE_130_33,130,33,4.446931335690012
1809,face,FACE_223_224,223,224,10.604685752410136
1810,face,FACE_230_120,230,120,12.161592505936467
1811,face,FACE_408_306,408,306,5.648448972657451
1812,face,FACE_92_186,92,186,9.267133703482559
1813,face,FACE_345_366,345,366,26.030324391119695
1814,face,FACE_18_200,18,200,9.556810116853963
1815,face,FACE_65_52,65,52,17.0561363364272
1816,face,FACE_76_61,76,61,1.380276197785219
1817,face,FACE_9_8,9,8,12.56895287881051
1818,face,FACE_342_446,342,446,7.631595863456533
1819,face,FACE_14_86,14,86,10.949672382623124
1820,face,FACE_202_57,202,57,13.565534633549603
1821,face,FACE_335_321,335,321,4.75047615611111
1822,face,FACE_20_166,20,166,12.998994982667734
1823,face,FACE_379_364,379,364,28.07089907859586
1824,face,FACE_265_342,265,342,16.12344453390325
1825,face,FACE_32_140,32,140,10.423352041075898
1826,face,FACE_385_258,385,258,7.5472642746027185
1827,face,FACE_390_373,390,373,5.235230124784439
1828,face,FACE_231_120,231,120,7.0008514923649345
1829,face,FACE_77_62,77,62,4.836590140935517
1830,face,FACE_257_258,257,258,9.230158295655565
1831,face,FACE_15_316,15,316,10.336196455456754
1832,face,FACE_42_41,42,41,6.974191049618633
1833,face,FACE_289_290,289,290,7.644353833014255
1834,face,FACE_340_372,340,372,13.909226439310402
1835,face,FACE_187_50,187,50,22.079567962933574
1836,face,FACE_352_346,352,346,29.835051963908107
1837,face,FACE_70_139,70,139,14.99835910031555
1838,face,FACE_416_367,416,367,16.42330059634382
1839,face,FACE_41_81,41,81,2.3941703581899216
1840,face,FACE_285_441,285,441,10.247041534910494
1841,face,FACE_277_437,277,437,7.685807473075366
1842,face,FACE_178_86,178,86,9.08683096474572
1843,face,FACE_224_53,224,53,7.734056398168548
1844,face,FACE_284_333,284,333,25.5017231114508
1845,face,FACE_116_111,116,111,12.181282401601939
1846,face,FACE_108_107,108,107,31.350597585194972
1847,face,FACE_415_407,415,407,2.1433912762917
1848,face,FACE_1_44,1,44,7.14230754967631
1849,face,FACE_327_294,327,294,5.773665466808013
1850,face,FACE_439_392,439,392,4.1694400240454526
1851,face,FACE_57_61,57,61,11.097936089494858
1852,face,FACE_138_135,138,135,16.548144148203615
1853,face,FACE_109_108,109,108,23.60099796230049
1854,face,FACE_229_24,229,24,9.307558502387366
1855,face,FACE_106_182,106,182,11.501376791262143
1856,face,FACE_277_329,277,329,10.985403697490465
1857,face,FACE_278_294,278,294,3.690335499936248
1858,face,FACE_274_440,274,440,11.908773732260544
1859,face,FACE_436_322,436,322,16.041338365729604
1860,face,FACE_422_424,422,424,13.999092983715444
1861,face,FACE_286_414,286,414,9.446938635654233
1862,face,FACE_360_363,360,363,9.444086319739228
1863,face,FACE_359_255,359,255,5.442997585144231
1864,face,FACE_85_15,85,15,12.288092718512935
1865,face,FACE_397_367,397,367,10.979387192565978
1866,face,FACE_224_30,224,30,6.038211661450198
1867,face,FACE_27_159,27,159,7.429426075622844
1868,face,FACE_139_71,139,71,16.2223097313944
1869,face,FACE_406_335,406,335,11.68870952973307
1870,face,FACE_344_360,344,360,6.339602478602206
1871,face,FACE_348_330,348,330,12.475533164532344
1872,face,FACE_418_431,418,431,17.13849548255185
1873,face,FACE_269_302,269,302,12.069401026898731
1874,face,FACE_189_193,189,193,6.898380335588536
1875,face,FACE_36_100,36,100,19.664870608733956
1876,face,FACE_230_231,230,231,11.256697587041055
1877,face,FACE_169_135,169,135,17.15541390367309
1878,face,FACE_441_414,441,414,7.166451124110101
1879,face,FACE_447_345,447,345,12.259875788125056
1880,face,FACE_407_272,407,272,6.525363643668992
1881,face,FACE_44_220,44,220,11.588839779851085
1882,face,FACE_100_121,100,121,14.584755620901714
1883,face,FACE_200_208,200,208,19.28389280529198
1884,face,FACE_264_372,264,372,14.1864819870167
1885,face,FACE_270_303,270,303,9.560869677712866
1886,face,FACE_271_268,271,268,9.30199323003332
1887,face,FACE_276_383,276,383,15.99241722423129
1888,face,FACE_434_411,434,411,36.032962249028444
1889,face,FACE_198_134,198,134,5.0156944591291746
1890,face,FACE_144_163,144,163,4.9683372132437515
1891,face,FACE_411_427,411,427,15.31815950023157
1892,face,FACE_349_452,349,452,12.50248289514877
1893,face,FACE_275_274,275,274,9.245370154188464
1894,face,FACE_242_97,242,97,5.047907878145226
1895,face,FACE_307_306,307,306,5.053218233150311
1896,face,FACE_133_190,133,190,5.044717918962325
1897,face,FACE_234_93,234,93,21.909384353752277
1898,face,FACE_5_4,5,4,12.460137397160764
1899,face,FACE_445_276,445,276,8.89326224422177
1900,face,FACE_329_330,329,330,16.17419664806439
1901,face,FACE_374_252,374,252,8.64234910848178
1902,face,FACE_27_28,27,28,9.904865358845164
1903,face,FACE_0_11,0,11,3.1026017541074986
1904,face,FACE_437_277,437,277,7.685807473075366
1905,face,FACE_382_341,382,341,3.650568516613725
1906,face,FACE_140_170,140,170,15.871735489959665
1907,face,FACE_280_330,280,330,24.83262015939722
1908,face,FACE_166_79,166,79,4.208192306563874
1909,face,FACE_111_143,111,143,12.860934155642513
1910,face,FACE_226_130,226,130,7.293914802167992
1911,face,FACE_186_57,186,57,9.24587210623242
1912,face,FACE_391_426,391,426,18.10658400617177
1913,face,FACE_105_69,105,69,29.113418598604138
1914,face,FACE_123_117,123,117,24.97627513729218
1915,face,FACE_256_381,256,381,4.634654524222791
1916,face,FACE_301_389,301,389,18.16921139955781
1917,face,FACE_428_200,428,200,20.565687277101308
1918,face,FACE_167_165,167,165,16.492388819362358
1919,face,FACE_132_58,132,58,25.24159406903254
1920,face,FACE_19_1,19,1,4.717569101987794
1921,face,FACE_125_19,125,19,4.475499930053551
1922,face,FACE_89_96,89,96,5.726146777668122
1923,face,FACE_418_421,418,421,15.409724218675693
1924,face,FACE_340_352,340,352,30.311642650724366
1925,face,FACE_48_64,48,64,3.5806569750735115
1926,face,FACE_228_31,228,31,6.315497952653529
1927,face,FACE_459_309,459,309,3.7268170590259757
1928,face,FACE_72_12,72,12,12.454171263164723
1929,face,FACE_169_210,169,210,11.689656359526568
1930,face,FACE_215_177,215,177,20.371635734811292
1931,face,FACE_172_215,172,215,30.30048557412881
1932,face,FACE_215_213,215,213,9.073688327986263
1933,face,FACE_455_460,455,460,3.1766264005984204
1934,face,FACE_417_168,417,168,9.391528525004917
1935,face,FACE_461_354,461,354,2.9812388571603723
1936,face,FACE_413_463,413,463,7.182471685380118
1937,face,FACE_290_392,290,392,7.924699761995733
1938,face,FACE_43_106,43,106,10.191786186952514
1939,face,FACE_423_327,423,327,12.885903411352533
1940,face,FACE_300_293,300,293,14.535013272076464
1941,face,FACE_34_143,34,143,10.346303949005613
1942,face,FACE_207_214,207,214,26.886233929252803
1943,face,FACE_119_101,119,101,10.467481105296608
1944,face,FACE_299_297,299,297,21.83739477390816
1945,face,FACE_377_396,377,396,7.435511865573859
1946,face,FACE_171_148,171,148,7.293548445219862
1947,face,FACE_40_73,40,73,9.493302764340925
1948,face,FACE_41_38,41,38,9.212544389511327
1949,face,FACE_273_424,273,424,15.375839936096423
1950,face,FACE_146_91,146,91,7.512075237773764
1951,face,FACE_141_125,141,125,2.0274752150686894
1952,face,FACE_299_333,299,333,23.26845086371731
1953,face,FACE_12_11,12,11,3.17591604962327
1954,face,FACE_218_79,218,79,3.2655292746871627
1955,face,FACE_50_123,50,123,20.44713866370953
1956,face,FACE_255_263,255,263,4.735817625375178
1957,face,FACE_180_89,180,89,8.523905254450224
1958,face,FACE_233_244,233,244,6.112054008336014
1959,face,FACE_45_44,45,44,9.273506383052187
1960,face,FACE_217_236,217,236,5.372677594576125
1961,face,FACE_351_465,351,465,5.169488762558005
1962,face,FACE_96_95,96,95,2.138248697395348
1963,face,FACE_187_213,187,213,15.013638207760946
1964,face,FACE_113_35,113,35,13.463790977761802
1965,face,FACE_352_280,352,280,24.00594978871368
1966,face,FACE_426_266,426,266,21.938197935250077
1967,face,FACE_292_415,292,415,7.257211163045154
1968,face,FACE_65_107,65,107,19.194120057665398
1969,face,FACE_164_0,164,0,8.785992151667527
1970,face,FACE_2_167,2,167,14.056275516719657
1971,face,FACE_22_145,22,145,9.764205514292717
1972,face,FACE_444_283,444,283,7.385527209794236
1973,face,FACE_429_420,429,420,7.661117345857842
1974,face,FACE_34_156,34,156,19.837706507639584
1975,face,FACE_100_101,100,101,15.560870377999498
1976,face,FACE_291_306,291,306,1.3329834120345947
1977,face,FACE_138_213,138,213,26.613020123962613
1978,face,FACE_391_393,391,393,17.82947124240594
1979,face,FACE_43_204,43,204,14.542458241233776
1980,face,FACE_294_460,294,460,6.977253519256147
1981,face,FACE_414_413,414,413,5.972627356008432
1982,face,FACE_319_404,319,404,7.856484923742972
1983,face,FACE_420_456,420,456,9.002044973961043
1984,face,FACE_352_401,352,401,27.44764188580825
1985,face,FACE_413_417,413,417,8.666204568194061
1986,face,FACE_292_307,292,307,4.48976962638158
1987,face,FACE_175_396,175,396,19.127111775135578
1988,face,FACE_223_27,223,27,4.0304155623218545
1989,face,FACE_209_129,209,129,12.167188498105766
1990,face,FACE_422_273,422,273,10.22243742801763
1991,face,FACE_214_207,214,207,26.886233929252803
1992,face,FACE_206_203,206,203,12.49065259834466
1993,face,FACE_131_209,131,209,3.813484469313139
1994,face,FACE_232_112,232,112,7.460321667421936
1995,face,FACE_425_427,425,427,17.973804918276254
1996,face,FACE_392_250,392,250,13.90125924159322
1997,face,FACE_457_459,457,459,1.6020087717824767
1998,face,FACE_444_260,444,260,7.210678857808661
1999,face,FACE_281_4,281,4,14.002163499714108
2000,face,FACE_433_367,433,367,26.987014754909282
2001,face,FACE_199_200,199,200,11.563140049644806
2002,face,FACE_197_419,197,419,8.300156082863401
2003,face,FACE_11_0,11,0,3.1026017541074986
2004,face,FACE_344_438,344,438,5.177101006390316
2005,face,FACE_122_245,122,245,5.317527695378525
2006,face,FACE_300_368,300,368,20.664015965728556
2007,face,FACE_86_179,86,179,9.152053110952739
2008,face,FACE_32_208,32,208,16.438727525387414
2009,face,FACE_232_233,232,233,6.12768160156466
2010,face,FACE_446_342,446,342,7.631595863456533
2011,face,FACE_203_206,203,206,12.49065259834466
2012,face,FACE_449_347,449,347,11.642035306240373
2013,face,FACE_202_210,202,210,10.341637301768044
2014,face,FACE_19_354,19,354,4.61402994967009
2015,face,FACE_19_125,19,125,4.475499930053551
2016,face,FACE_220_115,220,115,6.263220923636979
2017,face,FACE_412_465,412,465,6.71471304292915
2018,face,FACE_206_216,206,216,13.67285854051373
2019,face,FACE_154_26,154,26,4.779476928314461
2020,face,FACE_452_357,452,357,8.378528869941645
2021,face,FACE_70_63,70,63,11.192421856207169
2022,face,FACE_170_150,170,150,9.383106677872817
2023,face,FACE_135_192,135,192,28.244959492217983
2024,face,FACE_69_67,69,67,20.752980703900086
2025,face,FACE_421_406,421,406,17.324424946614833
2026,face,FACE_367_435,367,435,20.780576715556975
2027,face,FACE_328_327,328,327,13.623770776409033
2028,face,FACE_333_293,333,293,25.398266847476503
2029,face,FACE_139_162,139,162,7.375375902184286
2030,face,FACE_305_460,305,460,3.9383353531233665
2031,face,FACE_97_165,97,165,20.109350054359574
2032,face,FACE_393_164,393,164,12.96342493038565
2033,face,FACE_303_270,303,270,9.560869677712866
2034,face,FACE_268_312,268,312,2.0725183861596506
2035,face,FACE_341_382,341,382,3.650568516613725
2036,face,FACE_421_262,421,262,19.328289828070112
2037,face,FACE_440_275,440,275,7.978334468687755
2038,face,FACE_25_33,25,33,5.136672593764536
2039,face,FACE_258_384,258,384,10.937722952709866
2040,face,FACE_332_333,332,333,18.374355490819333
2041,face,FACE_364_365,364,365,12.453727073136474
2042,face,FACE_269_393,269,393,18.51073791829324
2043,face,FACE_222_52,222,52,18.17007500925553
2044,face,FACE_437_355,437,355,9.000071140401685
2045,face,FACE_96_62,96,62,5.743081214168742
2046,face,FACE_6_168,6,168,10.255232334124093
2047,face,FACE_440_360,440,360,9.10543723094025
2048,face,FACE_58_215,58,215,9.20537538697517
2049,face,FACE_397_435,397,435,30.365586796278617
2050,face,FACE_465_453,465,453,8.293012390021229
2051,face,FACE_358_327,358,327,11.059322359940925
2052,face,FACE_417_413,417,413,8.666204568194061
2053,face,FACE_135_169,135,169,17.15541390367309
2054,face,FACE_125_241,125,241,2.7683548155698725
2055,face,FACE_326_2,326,2,12.11678836755378
2056,face,FACE_291_273,291,273,7.955143176597421
2057,face,FACE_49_102,49,102,4.096541377524477
2058,face,FACE_75_240,75,240,3.4119016495264356
2059,face,FACE_61_76,61,76,1.380276197785219
2060,face,FACE_372_383,372,383,15.129590222170911
2061,face,FACE_205_206,205,206,16.18752641600341
2062,face,FACE_184_183,184,183,2.597049979846585
2063,face,FACE_144_110,144,110,9.645885933995668
2064,face,FACE_23_229,23,229,15.843023302358207
2065,face,FACE_412_419,412,419,8.134990321837165
2066,face,FACE_9_151,9,151,27.528625994776878
2067,face,FACE_62_77,62,77,4.836590140935517
2068,face,FACE_327_460,327,460,3.218461888172511
2069,face,FACE_325_307,325,307,2.5350537098101826
2070,face,FACE_310_407,310,407,8.16600044085588
2071,face,FACE_329_277,329,277,10.985403697490465
2072,face,FACE_195_197,195,197,9.663315528780785
2073,face,FACE_267_302,267,302,4.145947161276963
2074,face,FACE_10_151,10,151,24.649557689418568
2075,face,FACE_170_140,170,140,15.871735489959665
2076,face,FACE_28_56,28,56,9.292409064951928
2077,face,FACE_288_361,288,361,25.81872582908935
2078,face,FACE_363_275,363,275,11.39568258221972
2079,face,FACE_15_86,15,86,10.93689751296136
2080,face,FACE_463_362,463,362,3.7011903376499387
2081,face,FACE_209_217,209,217,14.373832139649013
2082,face,FACE_106_204,106,204,8.907046546819208
2083,face,FACE_213_187,213,187,15.013638207760946
2084,face,FACE_386_258,386,258,10.52977613760595
2085,face,FACE_215_147,215,147,25.051874817854838
2086,face,FACE_127_34,127,34,1.9616818357205568
2087,face,FACE_387_259,387,259,8.541662239147115
2088,face,FACE_71_139,71,139,16.2223097313944
2089,face,FACE_240_60,240,60,8.229258965334543
2090,face,FACE_432_410,432,410,17.289357891554914
2091,face,FACE_241_141,241,141,4.501863730721191
2092,face,FACE_214_187,214,187,35.71085129971855
2093,face,FACE_225_53,225,53,8.41728654875319
2094,face,FACE_111_31,111,31,11.91773340417049
2095,face,FACE_430_422,430,422,12.270434902155781
2096,face,FACE_117_111,117,111,8.682298419886457
2097,face,FACE_182_91,182,91,15.389170892497672
2098,face,FACE_229_23,229,23,15.843023302358207
2099,face,FACE_134_51,134,51,7.620699494414962
2100,face,FACE_174_236,174,236,8.480422853054415
2101,face,FACE_319_325,319,325,5.204001758469909
2102,face,FACE_419_412,419,412,8.134990321837165
2103,face,FACE_9_285,9,285,19.47981956453825
2104,face,FACE_98_97,98,97,13.809882948836835
2105,face,FACE_282_443,282,443,6.831826901724032
2106,face,FACE_73_40,73,40,9.493302764340925
2107,face,FACE_302_12,302,12,11.50074393203075
2108,face,FACE_318_402,318,402,6.232233172543492
2109,face,FACE_404_405,404,405,5.3675174996699635
2110,face,FACE_275_440,275,440,7.978334468687755
2111,face,FACE_34_234,34,234,21.13759885747486
2112,face,FACE_65_221,65,221,17.69374091782481
2113,face,FACE_86_15,86,15,10.93689751296136
2114,face,FACE_405_406,405,406,6.501347209237399
2115,face,FACE_358_294,358,294,5.3013384274801565
2116,face,FACE_225_30,225,30,6.252258388364938
2117,face,FACE_116_123,116,123,19.55162221538862
2118,face,FACE_309_438,309,438,3.121506861198369
2119,face,FACE_135_136,135,136,11.751172363910666
2120,face,FACE_196_3,196,3,9.09799062023745
2121,face,FACE_440_363,440,363,9.524650708483854
2122,face,FACE_272_407,272,407,6.525363643668992
2123,face,FACE_467_466,467,466,7.874126731402978
2124,face,FACE_273_335,273,335,10.386707357977564
2125,face,FACE_438_439,438,439,6.423621933811454
2126,face,FACE_226_31,226,31,7.896191653662827
2127,face,FACE_110_228,110,228,9.866130123093704
2128,face,FACE_391_327,391,327,14.310866037974673
2129,face,FACE_449_448,449,448,10.090999814516529
2130,face,FACE_197_196,197,196,7.85324888711024
2131,face,FACE_129_98,129,98,10.733281691472571
2132,face,FACE_61_43,61,43,11.401072037385031
2133,face,FACE_106_194,106,194,16.39162276023147
2134,face,FACE_52_223,52,223,6.825301654951205
2135,face,FACE_237_125,237,125,10.772823110276935
2136,face,FACE_33_246,33,246,2.177398530470763
2137,face,FACE_341_362,341,362,2.9503466070724493
2138,face,FACE_53_224,53,224,7.734056398168548
2139,face,FACE_408_272,408,272,8.29584659857506
2140,face,FACE_45_220,45,220,6.922381081780932
2141,face,FACE_280_352,280,352,24.00594978871368
2142,face,FACE_351_412,351,412,8.07280084060192
2143,face,FACE_271_303,271,303,3.0795947731763427
2144,face,FACE_231_230,231,230,11.256697587041055
2145,face,FACE_267_269,267,269,12.695239264306785
2146,face,FACE_79_218,79,218,3.2655292746871627
2147,face,FACE_37_72,37,72,4.263258512090451
2148,face,FACE_390_339,390,339,7.389606416894637
2149,face,FACE_313_421,313,421,9.792938243120787
2150,face,FACE_157_173,157,173,6.418054883185422
2151,face,FACE_437_456,437,456,6.90978794521277
2152,face,FACE_458_250,458,250,1.1718971461759031
2153,face,FACE_47_121,47,121,6.792374528670528
2154,face,FACE_60_240,60,240,8.229258965334543
2155,face,FACE_412_399,412,399,9.240623523450175
2156,face,FACE_39_37,39,37,12.52077758537688
2157,face,FACE_76_184,76,184,5.017434615225247
2158,face,FACE_123_116,123,116,19.55162221538862
2159,face,FACE_362_398,362,398,2.950259541734469
2160,face,FACE_309_392,309,392,4.896573820333362
2161,face,FACE_302_267,302,267,4.145947161276963
2162,face,FACE_293_298,293,298,20.68824186328157
2163,face,FACE_92_165,92,165,9.768520941276673
2164,face,FACE_4_281,4,281,14.002163499714108
2165,face,FACE_186_92,186,92,9.267133703482559
2166,face,FACE_58_172,58,172,21.22809436573398
2167,face,FACE_3_236,3,236,7.39814852125121
2168,face,FACE_105_104,105,104,24.0107793287507
2169,face,FACE_178_88,178,88,6.6974993642511675
2170,face,FACE_418_335,418,335,16.5851332343615
2171,face,FACE_395_431,395,431,11.768744932088886
2172,face,FACE_108_109,108,109,23.60099796230049
2173,face,FACE_428_199,428,199,17.430927449351238
2174,face,FACE_194_32,194,32,10.430384527356688
2175,face,FACE_99_60,99,60,2.304154505994208
2176,face,FACE_250_458,250,458,1.1718971461759031
2177,face,FACE_97_99,97,99,2.130773516293036
2178,face,FACE_83_201,83,201,9.330343916231062
2179,face,FACE_98_64,98,64,5.916122233904015
2180,face,FACE_343_277,343,277,8.830548104375199
2181,face,FACE_35_124,35,124,10.551636980836475
2182,face,FACE_114_188,114,188,8.483795427549046
2183,face,FACE_5_281,5,281,7.970866011303428
2184,face,FACE_440_438,440,438,7.542376143832711
2185,face,FACE_372_340,372,340,13.909226439310402
2186,face,FACE_243_189,243,189,6.693322303366096
2187,face,FACE_90_96,90,96,5.767668712586569
2188,face,FACE_419_6,419,6,14.447137786960058
2189,face,FACE_323_447,323,447,23.411669180734528
2190,face,FACE_9_108,9,108,37.31785733213974
2191,face,FACE_289_305,289,305,2.3875459244475588
2192,face,FACE_216_92,216,92,14.419973644879336
2193,face,FACE_433_435,433,435,11.255703315905707
2194,face,FACE_212_207,212,207,27.104479472251075
2195,face,FACE_411_416,411,416,24.4553068660361
2196,face,FACE_130_25,130,25,5.717872558757891
2197,face,FACE_129_209,129,209,12.167188498105766
2198,face,FACE_441_295,441,295,15.517695865154792
2199,face,FACE_392_439,392,439,4.1694400240454526
2200,face,FACE_91_182,91,182,15.389170892497672
2201,face,FACE_331_279,331,279,4.413356450415896
2202,face,FACE_270_269,270,269,9.11741362083586
2203,face,FACE_329_355,329,355,10.895923398761886
2204,face,FACE_295_442,295,442,6.683443408900072
2205,face,FACE_241_242,241,242,1.9992382821219103
2206,face,FACE_301_293,301,293,25.1831355134385
2207,face,FACE_18_313,18,313,12.286508009981931
2208,face,FACE_93_227,93,227,23.040059690035953
2209,face,FACE_399_419,399,419,8.123709789881755
2210,face,FACE_419_248,419,248,9.147243904289757
2211,face,FACE_303_302,303,302,10.835816628712617
2212,face,FACE_274_275,274,275,9.245370154188464
2213,face,FACE_41_73,41,73,3.3036257639017954
2214,face,FACE_252_256,252,256,7.089828134653699
2215,face,FACE_37_39,37,39,12.52077758537688
2216,face,FACE_304_303,304,303,8.21001019543059
2217,face,FACE_156_139,156,139,10.474096603218015
2218,face,FACE_296_299,296,299,27.38374082525132
2219,face,FACE_351_6,351,6,8.917967063633698
2220,face,FACE_242_99,242,99,5.957942075190911
2221,face,FACE_188_128,188,128,5.378964692231499
2222,face,FACE_467_446,467,446,11.301947486322666
2223,face,FACE_371_329,371,329,10.50745023304149
2224,face,FACE_337_336,337,336,29.54075775984657
2225,face,FACE_402_316,402,316,7.986536368541787
2226,face,FACE_235_59,235,59,3.6878249615956094
2227,face,FACE_67_103,67,103,24.14325231655152
2228,face,FACE_125_44,125,44,5.580343420736783
2229,face,FACE_56_173,56,173,10.147374457773576
2230,face,FACE_145_22,145,22,9.764205514292717
2231,face,FACE_464_413,464,413,8.580499036243301
2232,face,FACE_190_173,190,173,4.202112961775217
2233,face,FACE_267_393,267,393,7.189320383656838
2234,face,FACE_319_403,319,403,6.702709604391412
2235,face,FACE_72_37,72,37,4.263258512090451
2236,face,FACE_232_26,232,26,5.3790943415369
2237,face,FACE_292_306,292,306,1.347410617740669
2238,face,FACE_403_402,403,402,3.298068710445137
2239,face,FACE_320_404,320,404,7.851385058734454
2240,face,FACE_360_440,360,440,9.10543723094025
2241,face,FACE_441_285,441,285,10.247041534910494
2242,face,FACE_368_301,368,301,17.013034602862128
2243,face,FACE_425_426,425,426,16.350748394387203
2244,face,FACE_2_94,2,94,1.619978333126947
2245,face,FACE_341_463,341,463,3.6851186067531363
2246,face,FACE_208_199,208,199,17.361981976058143
2247,face,FACE_215_58,215,58,9.20537538697517
2248,face,FACE_407_408,407,408,2.3600612737777196
2249,face,FACE_101_36,101,36,13.216705357113048
2250,face,FACE_455_305,455,305,6.060461072786146
2251,face,FACE_400_369,400,369,8.740912102338621
2252,face,FACE_126_129,126,129,18.82608830030969
2253,face,FACE_233_112,233,112,5.116995233622516
2254,face,FACE_412_343,412,343,9.218953331304089
2255,face,FACE_458_459,458,459,5.360967997980886
2256,face,FACE_63_46,63,46,11.827297102174997
2257,face,FACE_135_214,135,214,17.118045162674772
2258,face,FACE_421_428,421,428,11.64664908737026
2259,face,FACE_86_178,86,178,9.08683096474572
2260,face,FACE_449_346,449,346,20.733915698678796
2261,face,FACE_301_368,301,368,17.013034602862128
2262,face,FACE_137_116,137,116,23.91739624299945
2263,face,FACE_450_347,450,347,21.7446840352061
2264,face,FACE_237_239,237,239,1.4896607093393393
2265,face,FACE_83_181,83,181,15.820529827079705
2266,face,FACE_170_149,170,149,10.902474815875841
2267,face,FACE_243_133,243,133,3.012477969956273
2268,face,FACE_384_258,384,258,10.937722952709866
2269,face,FACE_370_94,370,94,3.7250116429594904
2270,face,FACE_208_32,208,32,16.438727525387414
2271,face,FACE_40_39,40,39,8.750654049552915
2272,face,FACE_155_26,155,26,5.10143234235727
2273,face,FACE_207_216,207,216,14.565976776330931
2274,face,FACE_213_147,213,147,16.92671140558665
2275,face,FACE_453_357,453,357,4.679689546143235
2276,face,FACE_11_12,11,12,3.17591604962327
2277,face,FACE_71_63,71,63,18.18217857307619
2278,face,FACE_290_250,290,250,6.396959777089825
2279,face,FACE_128_188,128,188,5.378964692231499
2280,face,FACE_409_287,409,287,9.906273865941456
2281,face,FACE_268_311,268,311,7.9189878094622035
2282,face,FACE_334_293,334,293,17.06757587116459
2283,face,FACE_440_274,440,274,11.908773732260544
2284,face,FACE_44_45,44,45,9.273506383052187
2285,face,FACE_98_165,98,165,14.265424554522854
2286,face,FACE_304_270,304,270,2.6554849012433284
2287,face,FACE_22_26,22,26,7.3819890613689125
2288,face,FACE_455_439,455,439,2.0017368288666257
2289,face,FACE_74_73,74,73,7.790732127212464
2290,face,FACE_66_69,66,69,28.383504660000412
2291,face,FACE_31_111,31,111,11.91773340417049
2292,face,FACE_131_198,131,198,8.324354638415945
2293,face,FACE_184_61,184,61,5.88343237270209
2294,face,FACE_28_222,28,222,2.689662705735075
2295,face,FACE_410_287,410,287,9.895715539018374
2296,face,FACE_436_425,436,425,23.469924750740766
2297,face,FACE_409_408,409,408,2.145433150418114
2298,face,FACE_223_52,223,52,6.825301654951205
2299,face,FACE_428_421,428,421,11.64664908737026
2300,face,FACE_376_411,376,411,14.587373979941928
2301,face,FACE_141_19,141,19,3.55927768213795
2302,face,FACE_144_24,144,24,6.047167423670586
2303,face,FACE_123_50,123,50,20.44713866370953
2304,face,FACE_142_100,142,100,10.558068859272787
2305,face,FACE_442_441,442,441,14.229523750562421
2306,face,FACE_421_418,421,418,15.409724218675693
2307,face,FACE_448_255,448,255,9.66976703912016
2308,face,FACE_138_215,138,215,19.996574149145825
2309,face,FACE_443_442,443,442,12.307912858182785
2310,face,FACE_62_76,62,76,1.3498396767386651
2311,face,FACE_355_329,355,329,10.895923398761886
2312,face,FACE_375_307,375,307,2.4061492583278214
2313,face,FACE_227_143,227,143,22.7798427000726
2314,face,FACE_20_79,20,79,9.55807936304082
2315,face,FACE_39_92,39,92,16.545742104089314
2316,face,FACE_24_229,24,229,9.307558502387366
2317,face,FACE_250_392,250,392,13.90125924159322
2318,face,FACE_219_59,219,59,4.482755344901996
2319,face,FACE_36_203,36,203,13.50514416438002
2320,face,FACE_223_29,223,29,7.750030239918344
2321,face,FACE_209_131,209,131,3.813484469313139
2322,face,FACE_328_460,328,460,10.743524644969236
2323,face,FACE_206_205,206,205,16.18752641600341
2324,face,FACE_347_330,347,330,16.904058628040083
2325,face,FACE_306_292,306,292,1.347410617740669
2326,face,FACE_2_326,2,326,12.11678836755378
2327,face,FACE_184_74,184,74,6.187550785292526
2328,face,FACE_457_461,457,461,8.011149341506034
2329,face,FACE_228_229,228,229,9.393893098586338
2330,face,FACE_368_389,368,389,9.639681560428341
2331,face,FACE_239_238,239,238,5.326713227417131
2332,face,FACE_85_180,85,180,10.425971473160947
2333,face,FACE_137_227,137,227,20.56586519279331
2334,face,FACE_171_140,171,140,16.89277692024114
2335,face,FACE_210_211,210,211,16.03150350639863
2336,face,FACE_138_192,138,192,14.762428645347558
2337,face,FACE_77_96,77,96,2.473123725728755
2338,face,FACE_458_462,458,462,3.5051941738656294
2339,face,FACE_344_440,344,440,7.525289452502144
2340,face,FACE_11_267,11,267,12.134549756081382
2341,face,FACE_242_20,242,20,2.3960977237209895
2342,face,FACE_126_217,126,217,8.354976812679503
2343,face,FACE_243_244,243,244,4.746606467736386
2344,face,FACE_324_318,324,318,4.6351003239671655
2345,face,FACE_211_32,211,32,15.492593997183846
2346,face,FACE_55_193,55,193,12.81973901108164
2347,face,FACE_395_378,395,378,10.915694340012697
2348,face,FACE_202_212,202,212,14.186336014017469
2349,face,FACE_360_420,360,420,8.165650913110312
2350,face,FACE_325_319,325,319,5.204001758469909
2351,face,FACE_457_438,457,438,6.7691654402934445
2352,face,FACE_40_186,40,186,15.007922840938482
2353,face,FACE_276_283,276,283,12.610522255984492
2354,face,FACE_294_331,294,331,5.089403214272607
2355,face,FACE_242_141,242,141,2.8728786973959086
2356,face,FACE_187_205,187,205,20.747308948051312
2357,face,FACE_396_199,396,199,21.567399415978368
2358,face,FACE_268_13,268,13,10.253242036971601
2359,face,FACE_292_407,292,407,5.680033763612643
2360,face,FACE_298_301,298,301,17.804214195223537
2361,face,FACE_404_319,404,319,7.856484923742972
2362,face,FACE_9_55,9,55,22.292686884991515
2363,face,FACE_370_326,370,326,8.841394352746004
2364,face,FACE_68_104,68,104,16.980556465798177
2365,face,FACE_281_248,281,248,9.878308624126658
2366,face,FACE_230_23,230,23,7.662975633434437
2367,face,FACE_74_184,74,184,6.187550785292526
2368,face,FACE_320_325,320,325,5.493260316038571
2369,face,FACE_141_94,141,94,3.6020309131600565
2370,face,FACE_60_20,60,20,5.463449106177528
2371,face,FACE_97_167,97,167,7.7422256672163705
2372,face,FACE_104_63,104,63,26.46939449625188
2373,face,FACE_283_443,283,443,16.964701617389103
2374,face,FACE_69_105,69,105,29.113418598604138
2375,face,FACE_300_383,300,383,12.86197548706772
2376,face,FACE_48_131,48,131,10.265030890377412
2377,face,FACE_401_435,401,435,20.670267353973593
2378,face,FACE_74_40,74,40,2.9773400099180183
2379,face,FACE_258_386,258,386,10.52977613760595
2380,face,FACE_86_14,86,14,10.949672382623124
2381,face,FACE_364_367,364,367,17.62985959224492
2382,face,FACE_432_422,432,422,14.14268716994423
2383,face,FACE_424_418,424,418,13.960423177118994
2384,face,FACE_177_132,177,132,4.372339927594709
2385,face,FACE_282_334,282,334,8.110622516907704
2386,face,FACE_329_266,329,266,20.017577476429455
2387,face,FACE_394_395,394,395,15.838923267974158
2388,face,FACE_372_264,372,264,14.1864819870167
2389,face,FACE_430_434,430,434,21.30366451639612
2390,face,FACE_117_123,117,123,24.97627513729218
2391,face,FACE_88_96,88,96,6.908948304081212
2392,face,FACE_180_179,180,179,4.467884646657571
2393,face,FACE_406_405,406,405,6.501347209237399
2394,face,FACE_45_134,45,134,10.657330170547091
2395,face,FACE_53_223,53,223,16.883921764739238
2396,face,FACE_91_106,91,106,9.885967006916736
2397,face,FACE_271_302,271,302,10.083536955103822
2398,face,FACE_283_276,283,276,12.610522255984492
2399,face,FACE_76_62,76,62,1.3498396767386651
2400,face,FACE_236_51,236,51,7.950081323825318
2401,face,FACE_96_77,96,77,2.473123725728755
2402,face,FACE_8_193,8,193,16.42526023682157
2403,face,FACE_247_246,247,246,7.353391989837583
2404,face,FACE_368_356,368,356,20.98522084423899
2405,face,FACE_100_47,100,47,10.446126277294963
2406,face,FACE_279_278,279,278,5.168754009265776
2407,face,FACE_452_349,452,349,12.50248289514877
2408,face,FACE_379_365,379,365,19.07734894787483
2409,face,FACE_38_72,38,72,3.69343173822457
2410,face,FACE_399_343,399,343,7.205264249142881
2411,face,FACE_257_259,257,259,8.945070458026331
2412,face,FACE_377_175,377,175,20.377443870325546
2413,face,FACE_249_255,249,255,6.757039587398231
2414,face,FACE_354_457,354,457,10.707644430765626
2415,face,FACE_239_241,239,241,7.118820728846755
2416,face,FACE_312_311,312,311,8.243157565181601
2417,face,FACE_150_169,150,169,11.843264821054012
2418,face,FACE_157_28,157,28,11.756353613364121
2419,face,FACE_182_201,182,201,17.57072734987405
2420,face,FACE_19_94,19,94,1.719571202918699
2421,face,FACE_39_72,39,72,12.397920245166166
2422,face,FACE_4_51,4,51,13.780678053918866
2423,face,FACE_97_242,97,242,5.047907878145226
2424,face,FACE_290_328,290,328,2.3166322638199173
2425,face,FACE_336_295,336,295,19.121322180554188
2426,face,FACE_194_211,194,211,15.13357715712
2427,face,FACE_293_333,293,333,25.398266847476503
2428,face,FACE_340_265,340,265,11.10381567510825
2429,face,FACE_25_110,25,110,5.047853726654648
2430,face,FACE_291_409,291,409,6.202087112928482
2431,face,FACE_445_467,445,467,6.4122240045325265
2432,face,FACE_366_323,366,323,4.286610360378724
2433,face,FACE_46_53,46,53,10.168324737701454
2434,face,FACE_278_439,278,439,4.327423816730913
2435,face,FACE_65_66,65,66,7.788936397868994
2436,face,FACE_430_424,430,424,18.012010954320633
2437,face,FACE_68_71,68,71,16.05128103449265
2438,face,FACE_5_51,5,51,7.701226821224083
2439,face,FACE_30_224,30,224,6.038211661450198
2440,face,FACE_186_212,186,212,14.922964342259288
2441,face,FACE_138_172,138,172,10.636264570706292
2442,face,FACE_98_99,98,99,12.232352468751214
2443,face,FACE_85_16,85,16,11.83248381025336
2444,face,FACE_431_424,431,424,10.737100077919587
2445,face,FACE_244_189,244,189,8.46495678813466
2446,face,FACE_290_305,290,305,5.400118071976832
2447,face,FACE_454_264,454,264,21.767483045657066
2448,face,FACE_373_339,373,339,11.468413104656198
2449,face,FACE_240_75,240,75,3.4119016495264356
2450,face,FACE_445_444,445,444,9.303117484759868
2451,face,FACE_112_155,112,155,3.5401221000966583
2452,face,FACE_392_438,392,438,3.298611824942556
2453,face,FACE_135_138,135,138,16.548144148203615
2454,face,FACE_216_212,216,212,17.562023576213996
2455,face,FACE_122_168,122,168,14.940165884159542
2456,face,FACE_26_231,26,231,10.188312342125474
2457,face,FACE_129_64,129,64,4.8402241273373345
2458,face,FACE_446_265,446,265,10.720820310547017
2459,face,FACE_203_129,203,129,10.209759733087289
2460,face,FACE_143_227,143,227,22.7798427000726
2461,face,FACE_457_274,457,274,6.6366921176554605
2462,face,FACE_220_218,220,218,6.8109558042906
2463,face,FACE_18_83,18,83,11.995509083530647
2464,face,FACE_357_452,357,452,8.378528869941645
2465,face,FACE_277_343,277,343,8.830548104375199
2466,face,FACE_270_304,270,304,2.6554849012433284
2467,face,FACE_261_255,261,255,11.267117483352079
2468,face,FACE_41_72,41,72,9.405866159219219
2469,face,FACE_393_2,393,2,15.08235230524393
2470,face,FACE_231_232,231,232,8.740567342284557
2471,face,FACE_16_15,16,15,5.43764569672212
2472,face,FACE_261_340,261,340,12.95793474567809
2473,face,FACE_448_346,448,346,12.960130721847172
2474,face,FACE_381_256,381,256,4.634654524222791
2475,face,FACE_467_445,467,445,6.4122240045325265
2476,face,FACE_393_267,393,267,7.189320383656838
2477,face,FACE_17_16,17,16,5.8465211990654655
2478,face,FACE_262_421,262,421,19.328289828070112
2479,face,FACE_296_334,296,334,19.263352557097104
2480,face,FACE_49_48,49,48,5.059448623690576
2481,face,FACE_297_299,297,299,21.83739477390816
2482,face,FACE_182_83,182,83,12.97727120805206
2483,face,FACE_227_234,227,234,1.1458514992005897
2484,face,FACE_201_182,201,182,17.57072734987405
2485,face,FACE_374_253,374,253,5.529902481452601
2486,face,FACE_27_29,27,29,8.87998875517144
2487,face,FACE_403_316,403,316,8.672153833579966
2488,face,FACE_148_175,148,175,18.747610532549594
2489,face,FACE_213_192,213,192,14.344564620215893
2490,face,FACE_219_235,219,235,2.0537220272536225
2491,face,FACE_63_104,63,104,26.46939449625188
2492,face,FACE_104_105,104,105,24.0107793287507
2493,face,FACE_256_382,256,382,4.8785936561025816
2494,face,FACE_128_233,128,233,4.1707671348230555
2495,face,FACE_302_269,302,269,12.069401026898731
2496,face,FACE_293_300,293,300,14.535013272076464
2497,face,FACE_59_219,59,219,4.482755344901996
2498,face,FACE_465_412,465,412,6.71471304292915
2499,face,FACE_423_266,423,266,13.239197285619449
2500,face,FACE_260_388,260,388,8.130438924348379
2501,face,FACE_307_320,307,320,5.9130443718813765
2502,face,FACE_113_226,113,226,7.137617904925037
2503,face,FACE_51_134,51,134,7.620699494414962
2504,face,FACE_446_255,446,255,11.755657611039117
2505,face,FACE_47_100,47,100,10.446126277294963
2506,face,FACE_147_187,147,187,12.342071068244884
2507,face,FACE_460_455,460,455,3.1766264005984204
2508,face,FACE_151_337,151,337,25.335151283326887
2509,face,FACE_165_92,165,92,9.768520941276673
2510,face,FACE_263_255,263,255,4.735817625375178
2511,face,FACE_182_181,182,181,10.179804887200936
2512,face,FACE_442_257,442,257,11.744855228236485
2513,face,FACE_389_251,389,251,19.32930504089038
2514,face,FACE_60_75,60,75,5.077489678622631
2515,face,FACE_57_186,57,186,9.24587210623242
2516,face,FACE_258_441,258,441,15.629097332865017
2517,face,FACE_413_464,413,464,8.580499036243301
2518,face,FACE_339_249,339,249,5.856873460081711
2519,face,FACE_131_220,131,220,7.695516478781588
2520,face,FACE_376_433,376,433,17.05449750339579
2521,face,FACE_235_48,235,48,6.029403280231419
2522,face,FACE_112_243,112,243,3.55317350683286
2523,face,FACE_312_268,312,268,2.0725183861596506
2524,face,FACE_84_181,84,181,11.28269764849786
2525,face,FACE_238_239,238,239,5.326713227417131
2526,face,FACE_102_49,102,49,4.096541377524477
2527,face,FACE_456_281,456,281,8.945507570686402
2528,face,FACE_40_74,40,74,2.9773400099180183
2529,face,FACE_352_340,352,340,30.311642650724366
2530,face,FACE_299_334,299,334,26.685260558651684
2531,face,FACE_31_25,31,25,10.233192895697945
2532,face,FACE_212_186,212,186,14.922964342259288
2533,face,FACE_271_272,271,272,7.498869922555432
2534,face,FACE_425_330,425,330,24.937394294618233
2535,face,FACE_51_3,51,3,9.945600205366487
2536,face,FACE_303_304,303,304,8.21001019543059
2537,face,FACE_314_313,314,313,8.833828249384064
2538,face,FACE_254_448,254,448,17.105246528911433
2539,face,FACE_360_429,360,429,4.84700966153764
2540,face,FACE_316_14,316,14,11.00383891873317
2541,face,FACE_180_90,180,90,8.384915626462947
2542,face,FACE_233_245,233,245,6.971562254072685
2543,face,FACE_295_336,295,336,19.121322180554188
2544,face,FACE_336_337,336,337,29.54075775984657
2545,face,FACE_101_205,101,205,24.292208743687638
2546,face,FACE_28_221,28,221,15.11003031722738
2547,face,FACE_315_314,315,314,5.910086422746148
2548,face,FACE_341_452,341,452,7.7258999340243575
2549,face,FACE_67_69,67,69,20.752980703900086
2550,face,FACE_318_325,318,325,6.6898175609569925
2551,face,FACE_144_23,144,23,9.235032508395875
2552,face,FACE_337_338,337,338,24.09162762732472
2553,face,FACE_348_347,348,347,18.07922295630651
2554,face,FACE_275_363,275,363,11.39568258221972
2555,face,FACE_147_177,147,177,8.328265361273939
2556,face,FACE_181_90,181,90,11.016265282851675
2557,face,FACE_366_401,366,401,21.88611738630851
2558,face,FACE_218_237,218,237,5.7466389335206305
2559,face,FACE_63_71,63,71,18.18217857307619
2560,face,FACE_338_10,338,10,29.662261873467436
2561,face,FACE_402_403,402,403,3.298068710445137
2562,face,FACE_375_306,375,306,5.584164763387252
2563,face,FACE_72_39,72,39,12.397920245166166
2564,face,FACE_24_228,24,228,15.337664797076417
2565,face,FACE_292_308,292,308,1.2735538627193501
2566,face,FACE_403_404,403,404,4.698776605082859
2567,face,FACE_61_146,61,146,6.179104426767552
2568,face,FACE_369_262,369,262,11.17779375937334
2569,face,FACE_395_400,395,400,23.137066703875618
2570,face,FACE_165_203,165,203,17.91877806962996
2571,face,FACE_430_394,430,394,13.108252248711942
2572,face,FACE_75_166,75,166,3.3586057781014973
2573,face,FACE_110_7,110,7,6.373252590120826
2574,face,FACE_281_5,281,5,7.970866011303428
2575,face,FACE_207_205,207,205,16.810987110066804
2576,face,FACE_112_233,112,233,5.116995233622516
2577,face,FACE_198_236,198,236,8.018964113485975
2578,face,FACE_227_34,227,34,20.032273893967513
2579,face,FACE_458_461,458,461,2.0867339568709453
2580,face,FACE_129_142,129,142,11.958901393246474
2581,face,FACE_334_282,334,282,8.110622516907704
2582,face,FACE_201_18,201,18,16.04479984899045
2583,face,FACE_33_25,33,25,5.136672593764536
2584,face,FACE_166_60,166,60,7.968864190377529
2585,face,FACE_251_284,251,284,20.51571798883584
2586,face,FACE_226_111,226,111,16.150160028938945
2587,face,FACE_169_214,169,214,30.714988612681537
2588,face,FACE_325_318,325,318,6.6898175609569925
2589,face,FACE_450_349,450,349,12.375622320364105
2590,face,FACE_40_185,40,185,6.598973912214962
