id,category,mediapipe_length_desc,from_landmark_index,to_landmark_index,pixel_length,length_cm,ratio,alt_cm,notes
0,pose,POSE_15_21,15,21,26.937578804477276
1,pose,POSE_16_20,16,20,31.187899777367914
2,pose,POSE_18_20,18,20,22.329642162310833
3,pose,POSE_3_7,3,7,18.924112947909343
4,pose,POSE_14_16,14,16,64.67282243089149
5,pose,POSE_23_25,23,25,172.37225071346595
6,pose,POSE_28_30,28,30,16.875805239013662
7,pose,POSE_11_23,11,23,235.55322094137776
8,pose,POSE_27_31,27,31,82.1295368858265
9,pose,POSE_6_8,6,8,10.34037435504075
10,pose,POSE_15_17,15,17,27.96451719949025
11,pose,POSE_24_26,24,26,182.091220545942
12,pose,POSE_16_22,16,22,17.980193016817843
13,pose,POSE_4_5,4,5,5.0801208649448295
14,pose,POSE_5_6,5,6,4.259822895395993
15,pose,POSE_29_31,29,31,87.03749604690516
16,pose,POSE_12_24,12,24,247.23463928659237
17,pose,POSE_23_24,23,24,83.72542341996302
18,pose,POSE_0_1,0,1,19.39006476082038
19,pose,POSE_9_10,9,10,16.731942023738547
20,pose,POSE_1_2,1,2,6.193406484117072
21,pose,POSE_0_4,0,4,13.777051671577853
22,pose,POSE_11_13,11,13,116.47392677840627
23,pose,POSE_30_32,30,32,51.609822810892545
24,pose,POSE_28_32,28,32,67.94565588877079
25,pose,POSE_15_19,15,19,28.3578404282663
26,pose,POSE_16_18,16,18,35.81138008519197
27,pose,POSE_25_27,25,27,77.48764949110189
28,pose,POSE_26_28,26,28,150.75659945090288
29,pose,POSE_12_14,12,14,94.40412203533454
30,pose,POSE_17_19,17,19,14.871158971616605
31,pose,POSE_2_3,2,3,6.904826758101853
32,pose,POSE_11_12,11,12,153.74265960103267
33,pose,POSE_27_29,27,29,18.562137075528792
34,pose,POSE_13_15,13,15,51.62385788491614
35,face,FACE_18_17,18,17,3.5434734945925026
36,face,FACE_82_38,82,38,0.8679509614133059
37,face,FACE_8_9,8,9,3.6646120273539333
38,face,FACE_456_248,456,248,3.1359050360449934
39,face,FACE_167_2,167,2,4.076994850593199
40,face,FACE_303_271,303,271,0.8352766617560705
41,face,FACE_69_104,69,104,4.406359911194371
42,face,FACE_253_450,253,450,1.9974349066231187
43,face,FACE_41_42,41,42,1.7116958724446079
44,face,FACE_315_16,315,16,3.881635350938588
45,face,FACE_73_74,73,74,1.9251866009850993
46,face,FACE_339_373,339,373,3.6637497985008896
47,face,FACE_258_385,258,385,2.5900630242119775
48,face,FACE_105_63,105,63,3.060509259186707
49,face,FACE_219_48,219,48,1.066725996106723
50,face,FACE_304_272,304,272,0.7311464427801823
51,face,FACE_236_217,236,217,0.17934627196820974
52,face,FACE_231_22,231,22,1.7470455097125768
53,face,FACE_85_84,85,84,1.501782031161475
54,face,FACE_365_367,365,367,9.45758592818242
55,face,FACE_237_218,237,218,0.7703695620572807
56,face,FACE_243_112,243,112,1.2337781020680298
57,face,FACE_436_427,436,427,5.2416597235265385
58,face,FACE_409_410,409,410,2.531509564024698
59,face,FACE_248_456,248,456,3.1359050360449934
60,face,FACE_330_266,330,266,4.270358981373625
61,face,FACE_136_135,136,135,4.842560147350624
62,face,FACE_88_95,88,95,1.0103755299900363
63,face,FACE_394_430,394,430,5.45037405350731
64,face,FACE_107_108,107,108,6.17599284650305
65,face,FACE_118_117,118,117,2.1032632199485164
66,face,FACE_439_438,439,438,3.25349623753067
67,face,FACE_442_443,442,443,3.8083898884272482
68,face,FACE_260_466,260,466,2.693418090217214
69,face,FACE_115_48,115,48,1.4452561693197985
70,face,FACE_342_276,342,276,3.3648520293289135
71,face,FACE_121_128,121,128,2.2450394328096244
72,face,FACE_200_421,200,421,5.128652228945991
73,face,FACE_113_124,113,124,1.1947018828709093
74,face,FACE_132_137,132,137,9.59636646966402
75,face,FACE_23_230,23,230,2.3008287550607935
76,face,FACE_343_357,343,357,1.73012105760575
77,face,FACE_443_444,443,444,3.7731501357333297
78,face,FACE_62_78,62,78,0.3532631124668157
79,face,FACE_26_155,26,155,1.7157886494309866
80,face,FACE_228_110,228,110,2.74239560169504
81,face,FACE_432_434,432,434,5.531046426426443
82,face,FACE_364_379,364,379,9.778137904287691
83,face,FACE_325_308,325,308,1.7840932371755511
84,face,FACE_424_430,424,430,7.22334536681046
85,face,FACE_36_205,36,205,5.208729972952535
86,face,FACE_363_420,363,420,3.6762724710202197
87,face,FACE_21_162,21,162,5.810995992981253
88,face,FACE_328_462,328,462,3.4502531718540705
89,face,FACE_419_351,419,351,2.8495547427022214
90,face,FACE_366_345,366,345,10.867667461090885
91,face,FACE_193_8,193,8,3.809053143953953
92,face,FACE_363_456,363,456,2.3844252846646645
93,face,FACE_183_80,183,80,2.0180780977630426
94,face,FACE_307_375,307,375,0.7209504462281738
95,face,FACE_94_2,94,2,1.3511400320674183
96,face,FACE_333_284,333,284,11.806232160750861
97,face,FACE_17_313,17,313,5.136216157443369
98,face,FACE_185_40,185,40,1.7621774157508792
99,face,FACE_44_1,44,1,1.8441534974857023
100,face,FACE_291_287,291,287,2.584727869312149
101,face,FACE_411_352,411,352,9.433564084614705
102,face,FACE_20_238,20,238,0.9768053522284152
103,face,FACE_59_166,59,166,0.6733677080907191
104,face,FACE_272_310,272,310,0.46707355355596264
105,face,FACE_420_437,420,437,2.3246787487767557
106,face,FACE_387_260,387,260,3.4781000665987585
107,face,FACE_130_226,130,226,1.3709205017476827
108,face,FACE_51_45,51,45,3.428952591941708
109,face,FACE_175_377,175,377,8.203247740956105
110,face,FACE_202_214,202,214,4.5859057959640195
111,face,FACE_353_383,353,383,3.663322879357253
112,face,FACE_339_448,339,448,3.1797908124259564
113,face,FACE_291_408,291,408,2.3973761503199875
114,face,FACE_466_260,466,260,2.693418090217214
115,face,FACE_264_454,264,454,9.77925001667277
116,face,FACE_457_440,457,440,2.3523942976406587
117,face,FACE_355_429,355,429,1.9603392817462988
118,face,FACE_96_89,96,89,1.1252453087074192
119,face,FACE_128_121,128,121,2.2450394328096244
120,face,FACE_187_207,187,207,2.4249205207120923
121,face,FACE_360_278,360,278,3.716967461626459
122,face,FACE_306_307,306,307,2.040379873138731
123,face,FACE_446_467,446,467,4.2434763506002415
124,face,FACE_165_39,165,39,3.5801493587478634
125,face,FACE_337_151,337,151,7.253090649882607
126,face,FACE_168_193,168,193,2.2484030805847874
127,face,FACE_73_41,73,41,1.0703274294669773
128,face,FACE_318_403,318,403,2.671328247627311
129,face,FACE_263_467,263,467,2.1474111353001755
130,face,FACE_283_445,283,445,3.525037106583955
131,face,FACE_74_42,74,42,0.9482538711145995
132,face,FACE_201_83,201,83,3.743916260045625
133,face,FACE_65_222,65,222,2.520596476540044
134,face,FACE_37_11,37,11,3.5732165702197936
135,face,FACE_429_355,429,355,1.9603392817462988
136,face,FACE_272_408,272,408,3.2644297115887233
137,face,FACE_179_180,179,180,1.1466611436439291
138,face,FACE_100_36,100,36,6.194631779544555
139,face,FACE_158_157,158,157,1.8225466749362214
140,face,FACE_438_440,438,440,3.1544802507308214
141,face,FACE_358_331,358,331,1.1606949473559958
142,face,FACE_281_456,281,456,3.9568086535069273
143,face,FACE_136_138,136,138,8.46874237128341
144,face,FACE_314_404,314,404,4.101275918334209
145,face,FACE_417_8,417,8,5.188611461484818
146,face,FACE_34_127,34,127,2.5835098189278423
147,face,FACE_367_416,367,416,7.240099095222919
148,face,FACE_180_181,180,181,1.3437515536723719
149,face,FACE_426_322,426,322,4.74398016033464
150,face,FACE_419_197,419,197,2.61815561730338
151,face,FACE_457_309,457,309,2.5359656980031615
152,face,FACE_215_138,215,138,5.0716566848244
153,face,FACE_242_241,242,241,1.3864259994128876
154,face,FACE_33_247,33,247,1.9555497574301506
155,face,FACE_53_225,53,225,3.207951769378485
156,face,FACE_126_209,126,209,1.9942768400153466
157,face,FACE_467_359,467,359,1.8539315383373576
158,face,FACE_224_223,224,223,2.401387427939663
159,face,FACE_271_304,271,304,3.5792001426988413
160,face,FACE_97_2,97,2,2.8670482526973258
161,face,FACE_183_191,183,191,0.7590195237939864
162,face,FACE_202_204,202,204,3.6377068610940495
163,face,FACE_95_78,95,78,1.3048807838589747
164,face,FACE_246_247,246,247,1.9856236944738779
165,face,FACE_177_147,177,147,3.242824739082788
166,face,FACE_357_343,357,343,1.73012105760575
167,face,FACE_65_55,65,55,5.31316468733297
168,face,FACE_116_137,116,137,8.085410322232217
169,face,FACE_135_150,135,150,8.428989492615656
170,face,FACE_382_256,382,256,1.3784949183348603
171,face,FACE_199_171,199,171,5.8428455051274755
172,face,FACE_298_293,298,293,6.598414029951493
173,face,FACE_16_315,16,315,3.881635350938588
174,face,FACE_204_106,204,106,3.279051823410531
175,face,FACE_149_170,149,170,4.044736287272553
176,face,FACE_150_135,150,135,8.428989492615656
177,face,FACE_403_315,403,315,3.7509789371389233
178,face,FACE_61_57,61,57,2.750167454416915
179,face,FACE_205_187,205,187,5.159512528967271
180,face,FACE_44_4,44,4,3.6608585964368903
181,face,FACE_358_429,358,429,4.3548735608152525
182,face,FACE_277_355,277,355,2.6119222263985096
183,face,FACE_438_309,438,309,0.9768198957708242
184,face,FACE_42_80,42,80,0.820388293787466
185,face,FACE_236_174,236,174,2.416164032693297
186,face,FACE_128_232,128,232,1.3461354372034358
187,face,FACE_302_268,302,268,1.1087925180609879
188,face,FACE_313_314,313,314,3.630904383984456
189,face,FACE_240_64,240,64,1.997063388857015
190,face,FACE_291_375,291,375,2.1337134522442196
191,face,FACE_260_387,260,387,3.4781000665987585
192,face,FACE_113_225,113,225,2.2823730971924756
193,face,FACE_107_65,107,65,4.617452903771226
194,face,FACE_247_225,247,225,2.3615781462671315
195,face,FACE_346_347,346,347,4.917996282429229
196,face,FACE_44_125,44,125,2.39193557027131
197,face,FACE_378_379,378,379,6.275350723477595
198,face,FACE_466_263,466,263,1.1663519086723113
199,face,FACE_250_459,250,459,1.9769727252896894
200,face,FACE_50_205,50,205,3.7460851028861915
201,face,FACE_111_35,111,35,3.667593807130129
202,face,FACE_76_77,76,77,1.177232381413572
203,face,FACE_122_193,122,193,3.5232509841986808
204,face,FACE_209_198,209,198,2.077522348111184
205,face,FACE_201_194,201,194,3.426976842113003
206,face,FACE_408_407,408,407,0.5870014294388044
207,face,FACE_285_336,285,336,3.5475245938632978
208,face,FACE_2_393,2,393,5.267808761997325
209,face,FACE_243_190,243,190,1.7504291643668288
210,face,FACE_336_9,336,9,5.793097685766555
211,face,FACE_234_227,234,227,4.0382670254957045
212,face,FACE_293_276,293,276,4.350692077541956
213,face,FACE_221_28,221,28,3.149576191722287
214,face,FACE_57_185,57,185,3.4000408609102255
215,face,FACE_217_174,217,174,2.3930065471606703
216,face,FACE_131_134,131,134,2.33480976390011
217,face,FACE_344_278,344,278,3.3483177246272597
218,face,FACE_343_399,343,399,3.6047428220280766
219,face,FACE_28_158,28,158,3.079572324502201
220,face,FACE_128_245,128,245,2.5278174394767436
221,face,FACE_463_464,463,464,2.029278232266851
222,face,FACE_443_257,443,257,1.3684581581586963
223,face,FACE_394_364,394,364,6.797525908261124
224,face,FACE_164_167,164,167,3.4093714631537964
225,face,FACE_10_109,10,109,7.044874549091449
226,face,FACE_196_236,196,236,4.535414269958713
227,face,FACE_429_358,429,358,4.3548735608152525
228,face,FACE_174_217,174,217,2.3930065471606703
229,face,FACE_452_341,452,341,2.07140251962044
230,face,FACE_2_370,2,370,1.1344517049496867
231,face,FACE_84_180,84,180,3.0336641289542277
232,face,FACE_320_307,320,307,2.4570493625218854
233,face,FACE_0_37,0,37,3.342325017156018
234,face,FACE_250_328,250,328,2.812206452060288
235,face,FACE_101_119,101,119,3.917219444180259
236,face,FACE_41_74,41,74,2.371371096757729
237,face,FACE_399_456,399,456,2.41521586270479
238,face,FACE_13_12,13,12,0.7406332834587822
239,face,FACE_218_115,218,115,1.3369046610058903
240,face,FACE_343_412,343,412,3.2894084606139993
241,face,FACE_16_17,16,17,1.5319387784911802
242,face,FACE_55_8,55,8,4.554461285230073
243,face,FACE_107_55,107,55,3.530092434624194
244,face,FACE_153_22,153,22,1.5225537572420902
245,face,FACE_440_344,440,344,3.5112398771322413
246,face,FACE_393_269,393,269,7.167871763515189
247,face,FACE_364_434,364,434,8.063339380295321
248,face,FACE_38_41,38,41,2.1972601300453687
249,face,FACE_296_336,296,336,6.43627629221444
250,face,FACE_68_63,68,63,1.5314508402466083
251,face,FACE_402_317,402,317,3.2204893073358183
252,face,FACE_456_437,456,437,3.5986672255039434
253,face,FACE_253_374,253,374,1.4356227444168708
254,face,FACE_254_339,254,339,2.7139222416665536
255,face,FACE_67_104,67,104,8.105655782746604
256,face,FACE_392_309,392,309,2.6127781437268887
257,face,FACE_145_23,145,23,1.6129440832314954
258,face,FACE_63_70,63,70,3.070835952456801
259,face,FACE_403_318,403,318,2.671328247627311
260,face,FACE_127_234,127,234,6.534416896921626
261,face,FACE_415_292,415,292,2.474942830839413
262,face,FACE_54_21,54,21,5.77293872939462
263,face,FACE_168_6,168,6,2.840229479833546
264,face,FACE_72_38,72,38,1.1819586434718348
265,face,FACE_204_194,204,194,3.1751920529502455
266,face,FACE_83_84,83,84,3.573755383836357
267,face,FACE_282_293,282,293,7.072615328511037
268,face,FACE_302_271,302,271,4.063412183703119
269,face,FACE_120_231,120,231,1.99195465708015
270,face,FACE_434_427,434,427,10.194066304616957
271,face,FACE_320_405,320,405,3.533709475417967
272,face,FACE_426_423,426,423,4.421382523954184
273,face,FACE_441_286,441,286,2.66086112906579
274,face,FACE_145_144,145,144,1.695865366202807
275,face,FACE_341_464,341,464,2.902616278566931
276,face,FACE_208_200,208,200,6.258384829229529
277,face,FACE_250_462,250,462,0.8893169863097532
278,face,FACE_112_232,112,232,2.4579971446556015
279,face,FACE_258_286,258,286,2.538229895484689
280,face,FACE_418_424,418,424,5.133969136264804
281,face,FACE_160_159,160,159,1.771080280232506
282,face,FACE_286_384,286,384,2.343482549472774
283,face,FACE_421_200,421,200,5.128652228945991
284,face,FACE_274_1,274,1,2.4390077340457936
285,face,FACE_200_201,200,201,3.9669880458996727
286,face,FACE_166_59,166,59,0.6733677080907191
287,face,FACE_111_123,111,123,9.814042554154657
288,face,FACE_211_210,211,210,3.8866733897551367
289,face,FACE_330_347,330,347,6.121994507612027
290,face,FACE_422_430,422,430,4.985299874038862
291,face,FACE_214_135,214,135,6.300943167334197
292,face,FACE_280_346,280,346,7.461978203589995
293,face,FACE_107_9,107,9,5.431869472948269
294,face,FACE_265_446,265,446,3.8023429144389227
295,face,FACE_244_243,244,243,0.9013759125016714
296,face,FACE_417_351,417,351,3.680972608672393
297,face,FACE_110_163,110,163,1.7857770779230882
298,face,FACE_450_348,450,348,2.392612527192858
299,face,FACE_396_377,396,377,3.267393493143597
300,face,FACE_245_244,245,244,0.3558335292632344
301,face,FACE_83_182,83,182,3.181181484773154
302,face,FACE_8_417,8,417,5.188611461484818
303,face,FACE_451_349,451,349,1.969396711459554
304,face,FACE_203_98,203,98,2.245839324474287
305,face,FACE_376_435,376,435,10.685840796380353
306,face,FACE_101_50,101,50,6.3090842070485875
307,face,FACE_345_447,345,447,6.860303262253043
308,face,FACE_412_357,412,357,3.455020834249622
309,face,FACE_238_241,238,241,0.15426847641680017
310,face,FACE_90_77,90,77,1.236355264822124
311,face,FACE_369_395,369,395,6.520869670977402
312,face,FACE_276_353,276,353,4.158204904432502
313,face,FACE_253_449,253,449,4.953698506808614
314,face,FACE_359_467,359,467,1.8539315383373576
315,face,FACE_279_358,279,358,2.907575006286275
316,face,FACE_315_15,315,15,3.916104945423697
317,face,FACE_433_416,433,416,5.257802474101478
318,face,FACE_299_336,299,336,12.001038239106117
319,face,FACE_46_156,46,156,3.0564365484802667
320,face,FACE_167_37,167,37,3.1912267113351245
321,face,FACE_460_290,460,290,3.6018101847566304
322,face,FACE_311_310,311,310,2.9960263138167473
323,face,FACE_410_432,410,432,6.954955506381912
324,face,FACE_357_277,357,277,3.675550625485129
325,face,FACE_35_226,35,226,1.65849760767697
326,face,FACE_304_271,304,271,3.5792001426988413
327,face,FACE_189_55,189,55,4.658480595065455
328,face,FACE_314_315,314,315,1.5470926958333475
329,face,FACE_108_67,108,67,5.986820371199424
330,face,FACE_1_4,1,4,3.0358283080935187
331,face,FACE_4_275,4,275,2.7853051336111982
332,face,FACE_205_36,205,36,5.208729972952535
333,face,FACE_156_143,156,143,4.708800824908967
334,face,FACE_436_426,436,426,5.3449655969412655
335,face,FACE_223_53,223,53,3.6647419089454982
336,face,FACE_461_370,461,370,1.1980639294578868
337,face,FACE_23_144,23,144,2.4187547130241476
338,face,FACE_29_224,29,224,1.7369286585967294
339,face,FACE_244_112,244,112,1.5467349442790521
340,face,FACE_348_349,348,349,3.9976437928083546
341,face,FACE_340_345,340,345,6.020796246677891
342,face,FACE_122_6,122,6,2.2136023879031286
343,face,FACE_401_361,401,361,4.930622816323673
344,face,FACE_228_24,228,24,3.558334667184861
345,face,FACE_252_381,252,381,2.2574575187804387
346,face,FACE_37_164,37,164,3.8347754745181555
347,face,FACE_192_187,192,187,8.069291866034055
348,face,FACE_177_58,177,58,10.40339003025579
349,face,FACE_410_409,410,409,2.531509564024698
350,face,FACE_316_402,316,402,3.3242636869908315
351,face,FACE_381_382,381,382,1.1549293431644907
352,face,FACE_429_279,429,279,1.8183827379842905
353,face,FACE_140_176,140,176,3.441595657800012
354,face,FACE_26_154,26,154,1.2298105976023952
355,face,FACE_434_394,434,394,10.994397094787322
356,face,FACE_52_63,52,63,3.0812517850699463
357,face,FACE_79_166,79,166,0.7547141955780613
358,face,FACE_72_41,72,41,2.277347882958945
359,face,FACE_71_162,71,162,4.803499891768252
360,face,FACE_244_233,244,233,1.9394487540550152
361,face,FACE_222_65,222,65,2.520596476540044
362,face,FACE_214_210,214,210,5.922240979999237
363,face,FACE_354_370,354,370,1.206004585548903
364,face,FACE_140_32,140,32,3.783759661315108
365,face,FACE_30_160,30,160,3.0977293460242996
366,face,FACE_212_57,212,57,2.2768682660070296
367,face,FACE_444_443,444,443,3.7731501357333297
368,face,FACE_7_33,7,33,0.6335035957126539
369,face,FACE_301_251,301,251,5.808703219960514
370,face,FACE_213_138,213,138,8.78786590301314
371,face,FACE_170_176,170,176,6.770316653584822
372,face,FACE_17_83,17,83,4.8498477832641305
373,face,FACE_268_302,268,302,1.1087925180609879
374,face,FACE_32_211,32,211,3.491829640478306
375,face,FACE_331_358,331,358,1.1606949473559958
376,face,FACE_186_40,186,40,3.4490703402936695
377,face,FACE_105_52,105,52,2.032624665122208
378,face,FACE_457_354,457,354,3.4628424678895295
379,face,FACE_395_379,395,379,6.517155984322425
380,face,FACE_375_321,375,321,2.7043474617743644
381,face,FACE_325_320,325,320,2.060374792223761
382,face,FACE_317_316,317,316,0.808492503597107
383,face,FACE_274_354,274,354,1.908856764164614
384,face,FACE_96_88,96,88,1.581690135441034
385,face,FACE_15_14,15,14,0.9347265413858272
386,face,FACE_467_260,467,260,2.314975759339309
387,face,FACE_232_128,232,128,1.3461354372034358
388,face,FACE_404_320,404,320,3.2729289493442577
389,face,FACE_350_349,350,349,3.1409003316577677
390,face,FACE_342_265,342,265,6.046937891229705
391,face,FACE_74_185,74,185,1.8742814265421852
392,face,FACE_314_17,314,17,4.028959360970756
393,face,FACE_146_61,146,61,1.4453552857752272
394,face,FACE_247_113,247,113,0.9567603031981269
395,face,FACE_405_321,405,321,3.5793981442898457
396,face,FACE_256_341,256,341,1.559652930664777
397,face,FACE_283_444,283,444,2.4036135001002794
398,face,FACE_409_291,409,291,2.152907041827837
399,face,FACE_74_41,74,41,2.371371096757729
400,face,FACE_78_191,78,191,1.4926833008418463
401,face,FACE_245_188,245,188,2.2257817132524202
402,face,FACE_103_104,103,104,3.4317399769817536
403,face,FACE_19_370,19,370,2.26015976433018
404,face,FACE_19_141,19,141,1.03212712510881
405,face,FACE_280_411,280,411,8.57656005077737
406,face,FACE_220_131,220,131,0.6219884876796997
407,face,FACE_85_86,85,86,1.2893146168334932
408,face,FACE_372_265,372,265,4.119747188005349
409,face,FACE_237_220,237,220,2.104453490599322
410,face,FACE_204_43,204,43,4.819776301025703
411,face,FACE_118_119,118,119,3.853028480627862
412,face,FACE_210_202,210,202,3.3539953465538983
413,face,FACE_290_460,290,460,3.6018101847566304
414,face,FACE_450_449,450,449,4.065246821416496
415,face,FACE_83_18,83,18,3.234240435596463
416,face,FACE_197_3,197,3,4.313300944530676
417,face,FACE_315_404,315,404,3.7842783668132616
418,face,FACE_461_458,461,458,0.9044268937376527
419,face,FACE_169_170,169,170,3.308745129651404
420,face,FACE_246_161,246,161,0.6732837943234722
421,face,FACE_32_201,32,201,4.825168367025521
422,face,FACE_236_196,236,196,4.535414269958713
423,face,FACE_409_304,409,304,3.2921194953810073
424,face,FACE_295_282,295,282,5.578929489428565
425,face,FACE_395_369,395,369,6.520869670977402
426,face,FACE_181_180,181,180,1.3437515536723719
427,face,FACE_353_372,353,372,7.260993976096246
428,face,FACE_139_34,139,34,5.766838235601344
429,face,FACE_432_436,432,436,6.6182504361177985
430,face,FACE_370_461,370,461,1.1980639294578868
431,face,FACE_184_42,184,42,2.000181780078857
432,face,FACE_96_78,96,78,0.9430228738896489
433,face,FACE_113_247,113,247,0.9567603031981269
434,face,FACE_326_391,326,391,8.180586679770569
435,face,FACE_147_123,147,123,6.004477670625937
436,face,FACE_126_100,126,100,1.5046188445334951
437,face,FACE_205_101,205,101,7.642435491665227
438,face,FACE_452_350,452,350,1.8219999692286248
439,face,FACE_71_21,71,21,1.3156530222932492
440,face,FACE_16_85,16,85,3.0858068892303367
441,face,FACE_297_333,297,333,8.42511332130313
442,face,FACE_136_150,136,150,3.589484286528679
443,face,FACE_260_445,260,445,1.770860726249352
444,face,FACE_34_139,34,139,5.766838235601344
445,face,FACE_46_113,46,113,3.4399987762568514
446,face,FACE_17_315,17,315,4.18295984530229
447,face,FACE_104_54,104,54,2.3350867433018685
448,face,FACE_383_372,383,372,5.253334803777607
449,face,FACE_417_285,417,285,4.544906189215565
450,face,FACE_150_170,150,170,1.5985212771949526
451,face,FACE_20_60,20,60,0.7967993534969037
452,face,FACE_39_73,39,73,1.090998083984723
453,face,FACE_45_4,45,4,2.1524211567853735
454,face,FACE_438_344,438,344,1.7289616611573477
455,face,FACE_37_0,37,0,3.342325017156018
456,face,FACE_177_123,177,123,9.06790972768341
457,face,FACE_336_296,336,296,6.43627629221444
458,face,FACE_102_129,102,129,0.738997402099864
459,face,FACE_134_198,134,198,0.5859604294831794
460,face,FACE_175_199,175,199,3.949477688204637
461,face,FACE_302_303,302,303,4.206754590578436
462,face,FACE_293_334,293,334,6.09269172306117
463,face,FACE_87_86,87,86,0.9490602246994665
464,face,FACE_99_240,99,240,2.1709286719713345
465,face,FACE_240_99,240,99,2.1709286719713345
466,face,FACE_364_394,364,394,6.797525908261124
467,face,FACE_64_102,64,102,1.3370203644468113
468,face,FACE_256_452,256,452,1.5836890389385183
469,face,FACE_337_297,337,297,12.226150846375013
470,face,FACE_383_264,383,264,10.702012486058935
471,face,FACE_141_242,141,242,0.6646207408278662
472,face,FACE_188_174,188,174,2.699973811488299
473,face,FACE_120_119,120,119,3.264186487517178
474,face,FACE_207_187,207,187,2.4249205207120923
475,face,FACE_467_263,467,263,2.1474111353001755
476,face,FACE_30_225,30,225,1.5472701819879426
477,face,FACE_131_48,131,48,3.2544527099117415
478,face,FACE_425_266,425,266,6.366715438839755
479,face,FACE_121_120,121,120,2.6196889366492058
480,face,FACE_85_17,85,17,3.592782694227131
481,face,FACE_28_157,28,157,3.921922967354489
482,face,FACE_337_9,337,9,11.499999111079806
483,face,FACE_342_353,342,353,3.2073987692026096
484,face,FACE_154_153,154,153,1.8163770544789921
485,face,FACE_361_366,361,366,10.422151324774822
486,face,FACE_227_137,227,137,6.079159635505132
487,face,FACE_52_105,52,105,2.032624665122208
488,face,FACE_118_50,118,50,7.136335235490583
489,face,FACE_217_209,217,209,4.531951277298227
490,face,FACE_424_422,424,422,4.981967781449556
491,face,FACE_249_390,249,390,1.5173803685139655
492,face,FACE_196_6,196,6,4.657951946946051
493,face,FACE_26_232,26,232,1.472583111417731
494,face,FACE_287_273,287,273,3.9140237464865235
495,face,FACE_210_169,210,169,4.2775466163763
496,face,FACE_350_329,350,329,4.331117104859167
497,face,FACE_62_191,62,191,1.7989246736232682
498,face,FACE_276_300,276,300,3.1918161559450535
499,face,FACE_248_281,248,281,2.7542241848869633
500,face,FACE_368_383,368,383,5.967084813655443
501,face,FACE_427_432,427,432,8.744087026097553
502,face,FACE_453_341,453,341,1.7503734545149243
503,face,FACE_372_353,372,353,7.260993976096246
504,face,FACE_357_453,357,453,1.8052083161891714
505,face,FACE_101_118,101,118,2.925840903185381
506,face,FACE_321_307,321,307,2.477210009116036
507,face,FACE_407_310,407,310,3.109715302278446
508,face,FACE_266_371,266,371,4.149673533985317
509,face,FACE_420_429,420,429,3.193028356683692
510,face,FACE_306_407,306,407,2.4140267957234403
511,face,FACE_253_252,253,252,2.5592414410488855
512,face,FACE_224_225,224,225,1.970810207939138
513,face,FACE_112_133,112,133,0.9787688258611528
514,face,FACE_356_264,356,264,5.182623493807376
515,face,FACE_370_19,370,19,2.26015976433018
516,face,FACE_254_253,254,253,2.8154725755633536
517,face,FACE_219_115,219,115,2.2622395240240945
518,face,FACE_225_46,225,46,1.6891128552939512
519,face,FACE_124_143,124,143,4.5699747506351995
520,face,FACE_289_439,289,439,1.2403623040164882
521,face,FACE_13_312,13,312,3.456631954444039
522,face,FACE_253_373,253,373,2.51814971401434
523,face,FACE_154_22,154,22,2.436085090148273
524,face,FACE_319_318,319,318,0.5482357374351712
525,face,FACE_363_281,363,281,3.348507589668453
526,face,FACE_169_150,169,150,4.5205001889783905
527,face,FACE_355_277,355,277,2.6119222263985096
528,face,FACE_354_461,354,461,1.0750861745184368
529,face,FACE_267_164,267,164,6.144567792611874
530,face,FACE_320_319,320,319,0.8857111240502308
531,face,FACE_39_40,39,40,2.2451280458358447
532,face,FACE_277_357,277,357,3.675550625485129
533,face,FACE_63_105,63,105,3.060509259186707
534,face,FACE_189_244,189,244,2.7646258392923477
535,face,FACE_34_227,34,227,6.034236288538244
536,face,FACE_120_230,120,230,2.665428943670437
537,face,FACE_293_301,293,301,11.005011317365646
538,face,FACE_60_99,60,99,0.6694752526706665
539,face,FACE_72_73,72,73,2.5818586172204236
540,face,FACE_283_293,283,293,2.746926061504643
541,face,FACE_307_321,307,321,2.477210009116036
542,face,FACE_321_405,321,405,3.5793981442898457
543,face,FACE_93_132,93,132,6.926849510263586
544,face,FACE_183_62,183,62,1.2741849623818737
545,face,FACE_408_409,408,409,0.5991070748608712
546,face,FACE_151_338,151,338,12.1531365104732
547,face,FACE_186_216,186,216,2.699863129476475
548,face,FACE_151_109,151,109,7.852313681709574
549,face,FACE_245_122,245,122,0.2359402438098373
550,face,FACE_189_221,189,221,2.9742178751643644
551,face,FACE_335_424,335,424,4.351022566348538
552,face,FACE_442_258,442,258,1.56295681053871
553,face,FACE_441_442,441,442,4.2579482471024415
554,face,FACE_114_47,114,47,2.4947975890354495
555,face,FACE_173_133,173,133,0.76520588374846
556,face,FACE_452_451,452,451,2.652909118065583
557,face,FACE_106_43,106,43,2.3549901552659307
558,face,FACE_305_289,305,289,0.8172943141747071
559,face,FACE_362_414,362,414,2.0699316799709355
560,face,FACE_443_259,443,259,3.626603901044509
561,face,FACE_294_279,294,279,2.920747111183193
562,face,FACE_258_442,258,442,1.56295681053871
563,face,FACE_57_43,57,43,3.232630533921883
564,face,FACE_256_252,256,252,2.168616421414418
565,face,FACE_259_443,259,443,3.626603901044509
566,face,FACE_46_70,46,70,1.1467796041886003
567,face,FACE_420_360,420,360,1.9991696292328214
568,face,FACE_126_142,126,142,2.89446180606733
569,face,FACE_371_355,371,355,3.6410575374123426
570,face,FACE_112_244,112,244,1.5467349442790521
571,face,FACE_431_369,431,369,7.92872263989071
572,face,FACE_47_114,47,114,2.4947975890354495
573,face,FACE_100_126,100,126,1.5046188445334951
574,face,FACE_12_13,12,13,0.7406332834587822
575,face,FACE_91_77,91,77,1.7082737694771308
576,face,FACE_23_22,23,22,2.145192091206504
577,face,FACE_51_4,51,4,3.048770363983566
578,face,FACE_48_115,48,115,1.4452561693197985
579,face,FACE_254_449,254,449,2.708630040103392
580,face,FACE_160_27,160,27,3.6648061224913966
581,face,FACE_353_342,353,342,3.2073987692026096
582,face,FACE_434_416,434,416,6.147922944287998
583,face,FACE_266_423,266,423,4.192330681268956
584,face,FACE_4_274,4,274,3.8909504574747342
585,face,FACE_316_15,316,15,3.6757878723952917
586,face,FACE_4_45,4,45,2.1524211567853735
587,face,FACE_24_23,24,23,1.9233337144834552
588,face,FACE_80_183,80,183,2.0180780977630426
589,face,FACE_341_453,341,453,1.7503734545149243
590,face,FACE_109_67,109,67,5.449039997528265
591,face,FACE_174_196,174,196,2.1220646637571265
592,face,FACE_66_105,66,105,3.613602542939389
593,face,FACE_89_88,89,88,0.6947989013137492
594,face,FACE_29_223,29,223,2.335228063555445
595,face,FACE_164_2,164,2,2.400634941382188
596,face,FACE_462_370,462,370,1.0315241745347206
597,face,FACE_328_290,328,290,0.8660967171642314
598,face,FACE_400_395,400,395,8.133521238542233
599,face,FACE_181_91,181,91,2.0673503112123597
600,face,FACE_252_380,252,380,1.3866668649301377
601,face,FACE_24_144,24,144,1.7867511044297577
602,face,FACE_313_18,313,18,4.127211615186076
603,face,FACE_354_19,354,19,1.4239860310458177
604,face,FACE_185_61,185,61,1.6013602373383036
605,face,FACE_90_89,90,89,0.9462566076048755
606,face,FACE_116_227,116,227,2.112501597176066
607,face,FACE_168_417,168,417,4.001661303218317
608,face,FACE_329_371,329,371,3.235678311521484
609,face,FACE_156_34,156,34,7.257981606902547
610,face,FACE_450_252,450,252,3.7071559889279326
611,face,FACE_8_285,8,285,5.481727940214464
612,face,FACE_164_267,164,267,6.144567792611874
613,face,FACE_168_8,168,8,2.9171381216983883
614,face,FACE_153_145,153,145,1.8414729633428584
615,face,FACE_361_323,361,323,7.821414821162552
616,face,FACE_285_413,285,413,4.954307042434694
617,face,FACE_346_280,346,280,7.461978203589995
618,face,FACE_117_228,117,228,3.439772458928183
619,face,FACE_130_247,130,247,1.8283598109820065
620,face,FACE_140_211,140,211,6.724155367000409
621,face,FACE_426_425,426,425,5.295045977674467
622,face,FACE_53_63,53,63,1.638927030647185
623,face,FACE_245_233,245,233,1.7257574748574764
624,face,FACE_2_97,2,97,2.8670482526973258
625,face,FACE_216_206,216,206,4.5209146771654956
626,face,FACE_195_3,195,3,1.9833808946075948
627,face,FACE_459_458,459,458,1.82909978782773
628,face,FACE_178_179,178,179,0.8700191696667462
629,face,FACE_276_342,276,342,3.3648520293289135
630,face,FACE_235_75,235,75,1.6331169902439397
631,face,FACE_399_412,399,412,2.6550166991923643
632,face,FACE_185_74,185,74,1.8742814265421852
633,face,FACE_170_211,170,211,3.8475306114709866
634,face,FACE_465_357,465,357,2.729859462564096
635,face,FACE_222_221,222,221,3.7900105477860198
636,face,FACE_75_59,75,59,0.893338208879229
637,face,FACE_229_117,229,117,4.33802306098447
638,face,FACE_422_432,422,432,4.7715855277599974
639,face,FACE_327_423,327,423,5.072717848117475
640,face,FACE_275_4,275,4,2.7853051336111982
641,face,FACE_12_268,12,268,3.770639556004161
642,face,FACE_267_0,267,0,4.015314627096668
643,face,FACE_64_49,64,49,2.7852902442807155
644,face,FACE_244_245,244,245,0.3558335292632344
645,face,FACE_115_131,115,131,1.8094474886676937
646,face,FACE_376_401,376,401,7.079234375002728
647,face,FACE_171_32,171,32,6.468512220899425
648,face,FACE_161_247,161,247,2.2605812844937807
649,face,FACE_26_22,26,22,1.959812807447796
650,face,FACE_454_356,454,356,7.337184562353802
651,face,FACE_166_218,166,218,1.3663820242316183
652,face,FACE_420_363,420,363,3.6762724710202197
653,face,FACE_233_128,233,128,0.9572764417414859
654,face,FACE_193_55,193,55,4.677905176506606
655,face,FACE_278_279,278,279,1.601428036863652
656,face,FACE_405_320,405,320,3.533709475417967
657,face,FACE_334_296,334,296,6.534995243728929
658,face,FACE_279_360,279,360,3.303190647646331
659,face,FACE_201_32,201,32,4.825168367025521
660,face,FACE_220_45,220,45,1.4809097235442825
661,face,FACE_315_17,315,17,4.18295984530229
662,face,FACE_354_274,354,274,1.908856764164614
663,face,FACE_167_39,167,39,4.48035630281446
664,face,FACE_51_236,51,236,0.9311001542076204
665,face,FACE_3_196,3,196,2.4862336400130594
666,face,FACE_108_69,108,69,4.787855365410695
667,face,FACE_128_47,128,47,4.793766157903043
668,face,FACE_266_426,266,426,7.039388953592462
669,face,FACE_99_20,99,20,1.118806527071577
670,face,FACE_259_387,259,387,2.7196751122416383
671,face,FACE_137_132,137,132,9.59636646966402
672,face,FACE_273_321,273,321,4.065317182390346
673,face,FACE_394_431,394,431,7.524385767357491
674,face,FACE_285_295,285,295,6.801903848323949
675,face,FACE_437_429,437,429,4.496081607606916
676,face,FACE_83_17,83,17,4.8498477832641305
677,face,FACE_315_403,315,403,3.7509789371389233
678,face,FACE_449_254,449,254,2.708630040103392
679,face,FACE_461_457,461,457,2.6022145093304356
680,face,FACE_260_467,260,467,2.314975759339309
681,face,FACE_359_446,359,446,2.9221677972392412
682,face,FACE_184_185,184,185,0.6481102786462034
683,face,FACE_411_376,411,376,6.438584170526546
684,face,FACE_263_249,263,249,1.5490159914982211
685,face,FACE_462_458,462,458,1.1068745663146986
686,face,FACE_215_172,215,172,9.853997325564379
687,face,FACE_52_65,52,65,3.4863871113297633
688,face,FACE_247_161,247,161,2.2605812844937807
689,face,FACE_191_80,191,80,1.3535345280555104
690,face,FACE_424_431,424,431,4.222001957151689
691,face,FACE_36_206,36,206,6.801491474995582
692,face,FACE_262_369,262,369,4.297050824538899
693,face,FACE_296_282,296,282,5.749339406000985
694,face,FACE_396_369,396,369,6.78930814321209
695,face,FACE_134_220,134,220,2.809703005254816
696,face,FACE_335_273,335,273,3.7971030819991443
697,face,FACE_214_212,214,212,2.460571554218694
698,face,FACE_193_189,193,189,1.1243309299524582
699,face,FACE_364_416,364,416,10.067177360321484
700,face,FACE_270_409,270,409,2.9376806180102877
701,face,FACE_444_445,444,445,3.514608473154654
702,face,FACE_229_228,229,228,1.7863912394510701
703,face,FACE_330_280,330,280,8.731756194278805
704,face,FACE_456_419,456,419,4.100737713578166
705,face,FACE_260_444,260,444,2.8614941679253327
706,face,FACE_188_196,188,196,0.5915333393436638
707,face,FACE_406_418,406,418,4.315885047276102
708,face,FACE_30_247,30,247,1.490491833447084
709,face,FACE_398_414,398,414,1.754177478583511
710,face,FACE_17_314,17,314,4.028959360970756
711,face,FACE_210_214,210,214,5.922240979999237
712,face,FACE_17_85,17,85,3.592782694227131
713,face,FACE_423_358,423,358,3.712498544442494
714,face,FACE_63_52,63,52,3.0812517850699463
715,face,FACE_19_274,19,274,2.5586198992404334
716,face,FACE_272_311,272,311,3.352417200999822
717,face,FACE_50_118,50,118,7.136335235490583
718,face,FACE_14_15,14,15,0.9347265413858272
719,face,FACE_180_84,180,84,3.0336641289542277
720,face,FACE_5_195,5,195,2.9462528523902822
721,face,FACE_240_98,240,98,0.5972710126803696
722,face,FACE_439_344,439,344,3.0163346966995497
723,face,FACE_256_451,256,451,2.759455590711553
724,face,FACE_123_187,123,187,6.513600954527563
725,face,FACE_15_16,15,16,1.2874490950430828
726,face,FACE_96_90,96,90,1.2014864333802378
727,face,FACE_141_241,141,241,1.9779774594960617
728,face,FACE_6_196,6,196,4.657951946946051
729,face,FACE_360_279,360,279,3.303190647646331
730,face,FACE_347_346,347,346,4.917996282429229
731,face,FACE_198_217,198,217,2.456771732165271
732,face,FACE_318_319,318,319,0.5482357374351712
733,face,FACE_358_355,358,355,5.873819528185912
734,face,FACE_418_406,418,406,4.315885047276102
735,face,FACE_115_219,115,219,2.2622395240240945
736,face,FACE_190_133,190,133,1.6779216486112372
737,face,FACE_77_76,77,76,1.177232381413572
738,face,FACE_110_24,110,24,1.4037913877430264
739,face,FACE_48_49,48,49,1.4297216943382163
740,face,FACE_80_81,80,81,1.54980641028972
741,face,FACE_333_298,333,298,7.377640366392752
742,face,FACE_353_276,353,276,4.158204904432502
743,face,FACE_141_97,141,97,1.509421350475981
744,face,FACE_373_254,373,254,1.6687931415541648
745,face,FACE_69_108,69,108,4.787855365410695
746,face,FACE_418_262,418,262,4.228207726904161
747,face,FACE_463_413,463,413,2.802478946697292
748,face,FACE_294_455,294,455,1.532577585417551
749,face,FACE_21_68,21,68,3.5892203708587735
750,face,FACE_81_82,81,82,2.0119272995323523
751,face,FACE_118_229,118,229,3.466664040954211
752,face,FACE_284_298,284,298,5.925173856780056
753,face,FACE_371_266,371,266,4.149673533985317
754,face,FACE_384_385,384,385,2.2293907263923276
755,face,FACE_231_26,231,26,3.1170146998228745
756,face,FACE_395_394,395,394,6.151413655574301
757,face,FACE_322_410,322,410,4.077885442798045
758,face,FACE_248_195,248,195,2.4369880867492166
759,face,FACE_361_401,361,401,4.930622816323673
760,face,FACE_214_202,214,202,4.5859057959640195
761,face,FACE_119_230,119,230,2.5822181964572546
762,face,FACE_111_226,111,226,4.925619215472803
763,face,FACE_43_91,43,91,2.646443358134072
764,face,FACE_383_276,383,276,6.923956987016593
765,face,FACE_168_351,168,351,3.6596501975884705
766,face,FACE_449_450,449,450,4.065246821416496
767,face,FACE_314_405,314,405,3.9280606681482606
768,face,FACE_55_65,55,65,5.31316468733297
769,face,FACE_182_106,182,106,2.6408464351033807
770,face,FACE_394_434,394,434,10.994397094787322
771,face,FACE_393_326,393,326,2.600769815559926
772,face,FACE_210_204,210,204,3.499242388235572
773,face,FACE_211_169,211,169,2.54529109330046
774,face,FACE_450_451,450,451,3.4726379711525523
775,face,FACE_203_165,203,165,4.641461122028038
776,face,FACE_22_153,22,153,1.5225537572420902
777,face,FACE_143_34,143,34,2.5492283841030696
778,face,FACE_409_270,409,270,2.9376806180102877
779,face,FACE_7_110,7,110,1.894190736972638
780,face,FACE_448_261,448,261,2.5191703009144195
781,face,FACE_213_215,213,215,3.7391164596640514
782,face,FACE_371_423,371,423,6.204346867082084
783,face,FACE_64_235,64,235,0.6909792976144306
784,face,FACE_9_336,9,336,5.793097685766555
785,face,FACE_278_344,278,344,3.3483177246272597
786,face,FACE_89_179,89,179,1.443764465634883
787,face,FACE_236_198,236,198,2.4376163603277132
788,face,FACE_336_285,336,285,3.5475245938632978
789,face,FACE_181_182,181,182,3.1870895247504767
790,face,FACE_194_201,194,201,3.426976842113003
791,face,FACE_66_52,66,52,3.8423142923754927
792,face,FACE_151_10,151,10,6.731544543785944
793,face,FACE_123_177,123,177,9.06790972768341
794,face,FACE_341_256,341,256,1.559652930664777
795,face,FACE_455_278,455,278,1.9644587250842664
796,face,FACE_326_393,326,393,2.600769815559926
797,face,FACE_257_442,257,442,3.9953966222842303
798,face,FACE_269_267,269,267,4.83927283811178
799,face,FACE_203_142,203,142,6.1341023047045296
800,face,FACE_238_20,238,20,0.9768053522284152
801,face,FACE_268_271,268,271,3.707871478878157
802,face,FACE_254_373,254,373,1.6687931415541648
803,face,FACE_414_362,414,362,2.0699316799709355
804,face,FACE_305_455,305,455,2.0296921849712053
805,face,FACE_357_465,357,465,2.729859462564096
806,face,FACE_189_243,189,243,2.2331589649417247
807,face,FACE_42_81,42,81,2.2541205837916802
808,face,FACE_286_441,286,441,2.66086112906579
809,face,FACE_179_86,179,86,2.0865261739061753
810,face,FACE_217_198,217,198,2.456771732165271
811,face,FACE_84_83,84,83,3.573755383836357
812,face,FACE_456_363,456,363,2.3844252846646645
813,face,FACE_214_192,214,192,3.037213050297299
814,face,FACE_326_370,326,370,4.085424054130417
815,face,FACE_107_66,107,66,4.652082958827855
816,face,FACE_247_226,247,226,2.7499871571874253
817,face,FACE_88_89,88,89,0.6947989013137492
818,face,FACE_27_222,27,222,2.475099868381149
819,face,FACE_120_121,120,121,2.6196889366492058
820,face,FACE_99_98,99,98,2.4179888545341366
821,face,FACE_279_294,279,294,2.920747111183193
822,face,FACE_151_108,151,108,6.08140822883848
823,face,FACE_75_235,75,235,1.6331169902439397
824,face,FACE_150_149,150,149,2.828650000788101
825,face,FACE_388_466,388,466,1.208436144003603
826,face,FACE_129_126,129,126,5.842536446454175
827,face,FACE_447_372,447,372,10.635522596685673
828,face,FACE_366_447,366,447,6.785749251456095
829,face,FACE_70_156,70,156,3.852865230113743
830,face,FACE_56_221,56,221,1.4827420779807052
831,face,FACE_171_208,171,208,3.736823183131051
832,face,FACE_190_221,190,221,2.981946833791534
833,face,FACE_28_159,28,159,3.4467338068927775
834,face,FACE_435_397,435,397,10.424571407480261
835,face,FACE_54_68,54,68,2.1991074267338777
836,face,FACE_368_264,368,264,6.8350315656214065
837,face,FACE_214_169,214,169,9.98866018410064
838,face,FACE_294_278,294,278,1.7416278101144425
839,face,FACE_221_65,221,65,5.638137844309771
840,face,FACE_206_165,206,165,3.3905892794352144
841,face,FACE_29_160,29,160,3.2509876294241766
842,face,FACE_281_195,281,195,3.2705190812598404
843,face,FACE_33_130,33,130,0.8116599939777194
844,face,FACE_447_264,447,264,6.557344211198682
845,face,FACE_298_284,298,284,5.925173856780056
846,face,FACE_278_455,278,455,1.9644587250842664
847,face,FACE_201_208,201,208,4.205639751684718
848,face,FACE_427_434,427,434,10.194066304616957
849,face,FACE_360_344,360,344,1.9042570052651668
850,face,FACE_321_273,321,273,4.065317182390346
851,face,FACE_379_394,379,394,4.794736587277682
852,face,FACE_265_372,265,372,4.119747188005349
853,face,FACE_274_457,274,457,2.6161474346588296
854,face,FACE_101_120,101,120,6.920627080051851
855,face,FACE_182_194,182,194,3.611617183204691
856,face,FACE_227_116,227,116,2.112501597176066
857,face,FACE_253_254,253,254,2.8154725755633536
858,face,FACE_352_376,352,376,6.580573102566735
859,face,FACE_4_44,4,44,3.6608585964368903
860,face,FACE_351_417,351,417,3.680972608672393
861,face,FACE_350_452,350,452,1.8219999692286248
862,face,FACE_283_282,283,282,5.00308469326969
863,face,FACE_194_204,194,204,3.1751920529502455
864,face,FACE_55_9,55,9,5.091629269374763
865,face,FACE_106_91,106,91,2.8153209751123685
866,face,FACE_410_322,410,322,4.077885442798045
867,face,FACE_48_235,48,235,2.086541874591089
868,face,FACE_316_315,316,315,1.2758750503132708
869,face,FACE_367_397,367,397,5.148671591566239
870,face,FACE_427_411,427,411,5.745671195599413
871,face,FACE_319_320,319,320,0.8857111240502308
872,face,FACE_193_244,193,244,3.204938891261126
873,face,FACE_398_384,398,384,1.831196600284197
874,face,FACE_331_294,331,294,1.685412243927158
875,face,FACE_313_17,313,17,5.136216157443369
876,face,FACE_297_338,297,338,8.364401492732645
877,face,FACE_164_37,164,37,3.8347754745181555
878,face,FACE_403_319,403,319,2.984187848771793
879,face,FACE_349_348,349,348,3.9976437928083546
880,face,FACE_47_126,47,126,2.5863735547869906
881,face,FACE_8_55,8,55,4.554461285230073
882,face,FACE_147_213,147,213,5.3838925968280265
883,face,FACE_320_321,320,321,0.9914320620715366
884,face,FACE_227_93,227,93,8.676025910742387
885,face,FACE_134_131,134,131,2.33480976390011
886,face,FACE_44_237,44,237,1.0953054928266173
887,face,FACE_393_391,393,391,6.868171747391531
888,face,FACE_439_278,439,278,1.4692478995420213
889,face,FACE_451_252,451,252,1.5903329984053654
890,face,FACE_120_232,120,232,3.8456394023107667
891,face,FACE_287_409,287,409,4.361246079915365
892,face,FACE_221_55,221,55,2.3879799096342116
893,face,FACE_385_386,385,386,2.1532294666724354
894,face,FACE_347_280,347,280,6.686705130294928
895,face,FACE_57_212,57,212,2.2768682660070296
896,face,FACE_58_177,58,177,10.40339003025579
897,face,FACE_257_386,257,386,2.6611638968594864
898,face,FACE_216_205,216,205,7.3366454905069505
899,face,FACE_208_201,208,201,4.205639751684718
900,face,FACE_386_387,386,387,2.38201936336389
901,face,FACE_459_457,459,457,1.058356973480358
902,face,FACE_137_177,137,177,6.48104957305426
903,face,FACE_391_322,391,322,4.116735567732931
904,face,FACE_49_64,49,64,2.7852902442807155
905,face,FACE_55_107,55,107,3.530092434624194
906,face,FACE_308_324,308,324,2.1790105007111102
907,face,FACE_372_345,372,345,6.089406442883246
908,face,FACE_11_37,11,37,3.5732165702197936
909,face,FACE_431_394,431,394,7.524385767357491
910,face,FACE_171_175,171,175,5.387771931694116
911,face,FACE_330_348,330,348,3.1341943255040263
912,face,FACE_156_46,156,46,3.0564365484802667
913,face,FACE_11_302,11,302,3.991105118140284
914,face,FACE_280_347,280,347,6.686705130294928
915,face,FACE_452_453,452,453,2.0604034599439296
916,face,FACE_352_366,352,366,7.571110844235348
917,face,FACE_12_38,12,38,2.83617407450401
918,face,FACE_64_48,64,48,1.5056031050618113
919,face,FACE_22_231,22,231,1.7470455097125768
920,face,FACE_414_463,414,463,1.9586958030077029
921,face,FACE_448_339,448,339,3.1797908124259564
922,face,FACE_422_287,422,287,5.2723192920464905
923,face,FACE_59_235,59,235,0.863696770696361
924,face,FACE_13_268,13,268,3.4843197555457985
925,face,FACE_298_251,298,251,11.33610648724114
926,face,FACE_237_241,237,241,2.786617350980122
927,face,FACE_68_54,68,54,2.1991074267338777
928,face,FACE_120_101,120,101,6.920627080051851
929,face,FACE_92_39,92,39,3.961945294079628
930,face,FACE_43_146,43,146,2.4708563797647622
931,face,FACE_377_400,377,400,6.120303435021622
932,face,FACE_238_242,238,242,1.5406879798193474
933,face,FACE_91_43,91,43,2.646443358134072
934,face,FACE_369_396,369,396,6.78930814321209
935,face,FACE_301_298,301,298,7.226163337355498
936,face,FACE_286_398,286,398,3.4497358004801897
937,face,FACE_346_449,346,449,6.748836181622709
938,face,FACE_220_44,220,44,2.617183478075505
939,face,FACE_299_337,299,337,7.211642188244114
940,face,FACE_358_423,358,423,3.712498544442494
941,face,FACE_131_115,131,115,1.8094474886676937
942,face,FACE_3_195,3,195,1.9833808946075948
943,face,FACE_23_24,23,24,1.9233337144834552
944,face,FACE_416_364,416,364,10.067177360321484
945,face,FACE_123_111,123,111,9.814042554154657
946,face,FACE_160_29,160,29,3.2509876294241766
947,face,FACE_326_327,326,327,6.081855235599721
948,face,FACE_266_425,266,425,6.366715438839755
949,face,FACE_345_340,345,340,6.020796246677891
950,face,FACE_53_52,53,52,2.703031059970285
951,face,FACE_98_203,98,203,2.245839324474287
952,face,FACE_411_434,411,434,11.932205801581322
953,face,FACE_358_279,358,279,2.907575006286275
954,face,FACE_3_51,3,51,2.920000478513193
955,face,FACE_261_346,261,346,3.780529037952533
956,face,FACE_367_364,367,364,6.700663611022883
957,face,FACE_66_107,66,107,4.652082958827855
958,face,FACE_86_85,86,85,1.2893146168334932
959,face,FACE_445_283,445,283,3.525037106583955
960,face,FACE_24_110,24,110,1.4037913877430264
961,face,FACE_23_145,23,145,1.6129440832314954
962,face,FACE_89_90,89,90,0.9462566076048755
963,face,FACE_449_253,449,253,4.953698506808614
964,face,FACE_340_346,340,346,3.7213569385337086
965,face,FACE_235_64,235,64,0.6909792976144306
966,face,FACE_67_108,67,108,5.986820371199424
967,face,FACE_228_25,228,25,3.043181059084523
968,face,FACE_119_118,119,118,3.853028480627862
969,face,FACE_250_309,250,309,3.3460440608796236
970,face,FACE_90_91,90,91,0.9882657346686488
971,face,FACE_269_322,269,322,4.767770213673022
972,face,FACE_264_356,264,356,5.182623493807376
973,face,FACE_84_17,84,17,3.2254715091788704
974,face,FACE_316_403,316,403,3.5034548415796407
975,face,FACE_407_292,407,292,2.0618377863450563
976,face,FACE_426_391,426,391,6.929401048178116
977,face,FACE_399_437,399,437,3.2919538962878057
978,face,FACE_212_202,212,202,4.092085645927305
979,face,FACE_175_171,175,171,5.387771931694116
980,face,FACE_117_50,117,50,7.108950861098198
981,face,FACE_374_380,374,380,1.9514490518794971
982,face,FACE_165_206,165,206,3.3905892794352144
983,face,FACE_205_50,205,50,3.7460851028861915
984,face,FACE_185_184,185,184,0.6481102786462034
985,face,FACE_30_161,30,161,2.7475284258554584
986,face,FACE_445_260,445,260,1.770860726249352
987,face,FACE_184_76,184,76,1.3293138582509296
988,face,FACE_195_5,195,5,2.9462528523902822
989,face,FACE_186_185,186,185,2.860606902824448
990,face,FACE_446_261,446,261,2.707161480623306
991,face,FACE_357_412,357,412,3.455020834249622
992,face,FACE_392_290,392,290,2.6806884549052468
993,face,FACE_225_113,225,113,2.2823730971924756
994,face,FACE_17_84,17,84,3.2254715091788704
995,face,FACE_189_190,189,190,1.069455239133325
996,face,FACE_384_286,384,286,2.343482549472774
997,face,FACE_329_350,329,350,4.331117104859167
998,face,FACE_429_437,429,437,4.496081607606916
999,face,FACE_241_237,241,237,2.786617350980122
1000,face,FACE_19_44,19,44,3.2343111546867704
1001,face,FACE_165_98,165,98,4.651828733520147
1002,face,FACE_219_218,219,218,1.1550696252272687
1003,face,FACE_4_1,4,1,3.0358283080935187
1004,face,FACE_50_117,50,117,7.108950861098198
1005,face,FACE_222_223,222,223,2.971015951135941
1006,face,FACE_422_434,422,434,8.175515695632845
1007,face,FACE_175_148,175,148,4.728484840393931
1008,face,FACE_198_131,198,131,2.7259421899601244
1009,face,FACE_204_211,204,211,3.325576853887031
1010,face,FACE_68_21,68,21,3.5892203708587735
1011,face,FACE_381_252,381,252,2.2574575187804387
1012,face,FACE_462_326,462,326,3.1676271688854025
1013,face,FACE_60_166,60,166,2.6623218083771985
1014,face,FACE_174_188,174,188,2.699973811488299
1015,face,FACE_414_286,414,286,2.9458216327273576
1016,face,FACE_339_255,339,255,1.9690084612044718
1017,face,FACE_115_218,115,218,1.3369046610058903
1018,face,FACE_411_280,411,280,8.57656005077737
1019,face,FACE_181_83,181,83,4.8654946926858065
1020,face,FACE_401_352,401,352,11.726220729067578
1021,face,FACE_333_297,333,297,8.42511332130313
1022,face,FACE_46_124,46,124,3.1755203353878536
1023,face,FACE_373_253,373,253,2.51814971401434
1024,face,FACE_71_68,71,68,4.768387701500508
1025,face,FACE_424_335,424,335,4.351022566348538
1026,face,FACE_76_146,76,146,1.409981189554687
1027,face,FACE_49_129,49,129,2.0187304357878757
1028,face,FACE_69_107,69,107,6.886034097128763
1029,face,FACE_335_406,335,406,4.233363805695607
1030,face,FACE_148_171,148,171,3.1510977022710827
1031,face,FACE_460_294,460,294,2.3768418152968844
1032,face,FACE_192_214,192,214,3.037213050297299
1033,face,FACE_446_359,446,359,2.9221677972392412
1034,face,FACE_391_423,391,423,6.08257109494237
1035,face,FACE_105_66,105,66,3.613602542939389
1036,face,FACE_410_436,410,436,3.822356067592767
1037,face,FACE_110_144,110,144,2.1659167412825098
1038,face,FACE_249_339,249,339,1.888325263764244
1039,face,FACE_163_7,163,7,0.6431907430903844
1040,face,FACE_273_287,273,287,3.9140237464865235
1041,face,FACE_45_51,45,51,3.428952591941708
1042,face,FACE_225_247,225,247,2.3615781462671315
1043,face,FACE_373_374,373,374,2.320979910019103
1044,face,FACE_38_12,38,12,2.83617407450401
1045,face,FACE_263_359,263,359,1.8181002640385502
1046,face,FACE_173_56,173,56,3.179640293439663
1047,face,FACE_159_158,159,158,1.8812200028461887
1048,face,FACE_461_459,461,459,2.6563426475806415
1049,face,FACE_111_117,111,117,1.750844439101221
1050,face,FACE_211_204,211,204,3.325576853887031
1051,face,FACE_225_224,225,224,1.970810207939138
1052,face,FACE_151_9,151,9,7.629370719483684
1053,face,FACE_370_462,370,462,1.0315241745347206
1054,face,FACE_55_221,55,221,2.3879799096342116
1055,face,FACE_156_124,156,124,0.7822067383878198
1056,face,FACE_196_197,196,197,2.177451147002795
1057,face,FACE_47_217,47,217,0.37751648277963484
1058,face,FACE_285_9,285,9,6.068676460018955
1059,face,FACE_208_171,208,171,3.736823183131051
1060,face,FACE_280_425,280,425,6.285963666214542
1061,face,FACE_164_393,164,393,4.259740381734438
1062,face,FACE_258_257,258,257,2.8895990427729283
1063,face,FACE_229_230,229,230,2.6456339491960525
1064,face,FACE_389_368,389,368,5.748209623243201
1065,face,FACE_139_156,139,156,1.531213410441566
1066,face,FACE_353_265,353,265,4.072555399261557
1067,face,FACE_412_351,412,351,2.9438906760915624
1068,face,FACE_218_220,218,220,2.3087313050460527
1069,face,FACE_304_409,304,409,3.2921194953810073
1070,face,FACE_311_268,311,268,3.472185394796452
1071,face,FACE_370_354,370,354,1.206004585548903
1072,face,FACE_288_401,288,401,10.661872137500918
1073,face,FACE_179_85,179,85,2.3703665702625543
1074,face,FACE_159_27,159,27,3.3529469416388227
1075,face,FACE_190_243,190,243,1.7504291643668288
1076,face,FACE_196_174,196,174,2.1220646637571265
1077,face,FACE_295_296,295,296,2.1974227464628973
1078,face,FACE_142_203,142,203,6.1341023047045296
1079,face,FACE_173_190,173,190,1.3314702827301883
1080,face,FACE_193_168,193,168,2.2484030805847874
1081,face,FACE_325_324,325,324,0.5140700848148627
1082,face,FACE_425_411,425,411,10.127465147649696
1083,face,FACE_391_269,391,269,3.343962850091612
1084,face,FACE_99_97,99,97,0.6447252973294602
1085,face,FACE_347_348,347,348,5.877600898392269
1086,face,FACE_366_361,366,361,10.422151324774822
1087,face,FACE_2_164,2,164,2.400634941382188
1088,face,FACE_131_49,131,49,1.8319980159277143
1089,face,FACE_26_112,26,112,1.4298824843092641
1090,face,FACE_380_381,380,381,1.7598992338517359
1091,face,FACE_211_194,211,194,3.578507530109859
1092,face,FACE_104_68,104,68,4.24212745147042
1093,face,FACE_124_46,124,46,3.1755203353878536
1094,face,FACE_234_34,234,34,8.031831389281962
1095,face,FACE_413_414,413,414,2.2294522541850648
1096,face,FACE_432_427,432,427,8.744087026097553
1097,face,FACE_452_256,452,256,1.5836890389385183
1098,face,FACE_177_137,177,137,6.48104957305426
1099,face,FACE_43_57,43,57,3.232630533921883
1100,face,FACE_276_445,276,445,2.957800990540099
1101,face,FACE_248_197,248,197,3.1853911390739085
1102,face,FACE_209_126,209,126,1.9942768400153466
1103,face,FACE_142_36,142,36,3.7175908818550805
1104,face,FACE_226_35,226,35,1.65849760767697
1105,face,FACE_2_141,2,141,2.1244432340703243
1106,face,FACE_237_44,237,44,1.0953054928266173
1107,face,FACE_435_288,435,288,5.002244043986583
1108,face,FACE_129_102,129,102,0.738997402099864
1109,face,FACE_273_375,273,375,2.3590944819387825
1110,face,FACE_166_20,166,20,3.0079319032599643
1111,face,FACE_425_280,425,280,6.285963666214542
1112,face,FACE_77_91,77,91,1.7082737694771308
1113,face,FACE_461_462,461,462,1.136437796527139
1114,face,FACE_306_408,306,408,2.0469476841947047
1115,face,FACE_247_130,247,130,1.8283598109820065
1116,face,FACE_206_92,206,92,3.708360441101175
1117,face,FACE_193_122,193,122,3.5232509841986808
1118,face,FACE_200_18,200,18,3.750492115647905
1119,face,FACE_157_56,157,56,2.3997194421030232
1120,face,FACE_352_411,352,411,9.433564084614705
1121,face,FACE_46_225,46,225,1.6891128552939512
1122,face,FACE_345_372,345,372,6.089406442883246
1123,face,FACE_264_447,264,447,6.557344211198682
1124,face,FACE_436_410,436,410,3.822356067592767
1125,face,FACE_17_18,17,18,3.5434734945925026
1126,face,FACE_28_27,28,27,2.3971986614001737
1127,face,FACE_235_240,235,240,1.3191314652918442
1128,face,FACE_128_114,128,114,2.299613073502666
1129,face,FACE_134_45,134,45,1.8383169965764494
1130,face,FACE_198_209,198,209,2.077522348111184
1131,face,FACE_64_129,64,129,1.0613835949003132
1132,face,FACE_459_250,459,250,1.9769727252896894
1133,face,FACE_192_135,192,135,9.091836890554456
1134,face,FACE_112_26,112,26,1.4298824843092641
1135,face,FACE_404_314,404,314,4.101275918334209
1136,face,FACE_297_337,297,337,12.226150846375013
1137,face,FACE_428_262,428,262,6.565282150580197
1138,face,FACE_81_38,81,38,1.6821767508539391
1139,face,FACE_51_195,51,195,4.565197973236107
1140,face,FACE_311_271,311,271,0.5226035223425289
1141,face,FACE_442_282,442,282,5.012355307325519
1142,face,FACE_179_88,179,88,1.191431750176216
1143,face,FACE_252_450,252,450,3.7071559889279326
1144,face,FACE_191_62,191,62,1.7989246736232682
1145,face,FACE_84_85,84,85,1.501782031161475
1146,face,FACE_203_36,203,36,3.6305246100642603
1147,face,FACE_443_283,443,283,5.51332749920592
1148,face,FACE_121_232,121,232,1.5793168237366046
1149,face,FACE_321_406,321,406,5.238841809495321
1150,face,FACE_226_25,226,25,1.8350294441835484
1151,face,FACE_323_366,323,366,5.236710352267895
1152,face,FACE_117_118,117,118,2.1032632199485164
1153,face,FACE_122_196,122,196,2.7343023600073333
1154,face,FACE_191_183,191,183,0.7590195237939864
1155,face,FACE_397_288,397,288,8.027693801248088
1156,face,FACE_383_353,383,353,3.663322879357253
1157,face,FACE_161_160,161,160,1.1416819696327705
1158,face,FACE_25_7,25,7,1.3756774562709289
1159,face,FACE_11_72,11,72,3.1625385909062955
1160,face,FACE_239_79,239,79,0.5425747527246912
1161,face,FACE_305_290,305,290,2.109223441179633
1162,face,FACE_464_463,464,463,2.029278232266851
1163,face,FACE_22_230,22,230,3.725168986394112
1164,face,FACE_183_184,183,184,0.7643418819223504
1165,face,FACE_143_111,143,111,2.9418993919990273
1166,face,FACE_442_295,442,295,2.693605877982219
1167,face,FACE_241_125,241,125,0.5253932566289079
1168,face,FACE_12_302,12,302,3.912133820837984
1169,face,FACE_426_436,426,436,5.3449655969412655
1170,face,FACE_13_38,13,38,3.2195411017057283
1171,face,FACE_428_396,428,396,4.017237254719414
1172,face,FACE_127_139,127,139,7.02853537410223
1173,face,FACE_120_100,120,100,2.947665015838762
1174,face,FACE_259_444,259,444,1.3924779210992755
1175,face,FACE_378_395,378,395,4.135489677355328
1176,face,FACE_183_76,183,76,1.560997921687232
1177,face,FACE_260_259,260,259,2.513664762911046
1178,face,FACE_427_436,427,436,5.2416597235265385
1179,face,FACE_346_448,346,448,3.923619321198213
1180,face,FACE_306_375,306,375,1.8820549124469366
1181,face,FACE_255_446,255,446,4.077731076579201
1182,face,FACE_36_142,36,142,3.7175908818550805
1183,face,FACE_369_431,369,431,7.92872263989071
1184,face,FACE_51_5,51,5,2.0978186535276966
1185,face,FACE_435_376,435,376,10.685840796380353
1186,face,FACE_282_283,282,283,5.00308469326969
1187,face,FACE_462_250,462,250,0.8893169863097532
1188,face,FACE_347_449,347,449,3.243969477910401
1189,face,FACE_205_216,205,216,7.3366454905069505
1190,face,FACE_64_240,64,240,1.997063388857015
1191,face,FACE_267_11,267,11,4.1526442732282485
1192,face,FACE_351_419,351,419,2.8495547427022214
1193,face,FACE_431_262,431,262,5.959087864492581
1194,face,FACE_411_433,411,433,8.261296923227071
1195,face,FACE_143_124,143,124,4.5699747506351995
1196,face,FACE_190_56,190,56,2.5690007164150583
1197,face,FACE_315_316,315,316,1.2758750503132708
1198,face,FACE_346_340,346,340,3.7213569385337086
1199,face,FACE_116_143,116,143,6.69298529073887
1200,face,FACE_316_317,316,317,0.808492503597107
1201,face,FACE_327_326,327,326,6.081855235599721
1202,face,FACE_206_36,206,36,6.801491474995582
1203,face,FACE_192_138,192,138,5.53247913729829
1204,face,FACE_464_417,464,417,4.433509163616827
1205,face,FACE_149_176,149,176,2.909902407566978
1206,face,FACE_356_389,356,389,8.166433101166108
1207,face,FACE_349_350,349,350,3.1409003316577677
1208,face,FACE_102_64,102,64,1.3370203644468113
1209,face,FACE_47_128,47,128,4.793766157903043
1210,face,FACE_81_41,81,41,0.8385310806634175
1211,face,FACE_147_215,147,215,9.090301023890303
1212,face,FACE_450_253,450,253,1.9974349066231187
1213,face,FACE_25_226,25,226,1.8350294441835484
1214,face,FACE_467_342,467,342,2.080771006944733
1215,face,FACE_332_297,332,297,9.58647658448978
1216,face,FACE_464_453,464,453,2.1404762348272204
1217,face,FACE_270_322,270,322,3.042496373044919
1218,face,FACE_117_229,117,229,4.33802306098447
1219,face,FACE_282_296,282,296,5.749339406000985
1220,face,FACE_129_203,129,203,3.1059841672911594
1221,face,FACE_155_112,155,112,0.7699716379290061
1222,face,FACE_434_430,434,430,7.330139509594563
1223,face,FACE_345_352,345,352,6.2318687818243275
1224,face,FACE_465_417,465,417,3.635094162349859
1225,face,FACE_248_419,248,419,2.6643358941543926
1226,face,FACE_61_184,61,184,1.5096659774535461
1227,face,FACE_216_207,216,207,3.312383661051309
1228,face,FACE_307_325,307,325,0.6814930936032886
1229,face,FACE_202_43,202,43,2.7023062065454804
1230,face,FACE_313_405,313,405,5.971045770853054
1231,face,FACE_79_238,79,238,2.0432483324299304
1232,face,FACE_39_165,39,165,3.5801493587478634
1233,face,FACE_177_215,177,215,5.973296280120682
1234,face,FACE_392_289,392,289,0.743307983276966
1235,face,FACE_329_349,329,349,2.492438115137343
1236,face,FACE_201_200,201,200,3.9669880458996727
1237,face,FACE_87_178,87,178,1.95512446394251
1238,face,FACE_448_449,448,449,3.617118510118116
1239,face,FACE_172_136,172,136,3.6679607349351673
1240,face,FACE_266_329,266,329,5.876998003574484
1241,face,FACE_274_4,274,4,3.8909504574747342
1242,face,FACE_165_97,165,97,5.6469032681425055
1243,face,FACE_226_113,226,113,2.6393279363440176
1244,face,FACE_56_190,56,190,2.5690007164150583
1245,face,FACE_323_454,323,454,7.256357231958356
1246,face,FACE_264_368,264,368,6.8350315656214065
1247,face,FACE_229_118,229,118,3.466664040954211
1248,face,FACE_75_60,75,60,1.2087525026151869
1249,face,FACE_88_179,88,179,1.191431750176216
1250,face,FACE_415_308,415,308,2.099348157394715
1251,face,FACE_293_282,293,282,7.072615328511037
1252,face,FACE_212_214,212,214,2.460571554218694
1253,face,FACE_204_210,204,210,3.499242388235572
1254,face,FACE_230_119,230,119,2.5822181964572546
1255,face,FACE_176_148,176,148,3.6975360555601906
1256,face,FACE_188_122,188,122,2.1479477964494276
1257,face,FACE_339_254,339,254,2.7139222416665536
1258,face,FACE_42_184,42,184,2.000181780078857
1259,face,FACE_342_445,342,445,3.2916548296629142
1260,face,FACE_199_396,199,396,8.027462095658207
1261,face,FACE_166_219,166,219,1.0560222470843936
1262,face,FACE_419_399,419,399,3.0160074578069658
1263,face,FACE_30_29,30,29,1.6603744864096188
1264,face,FACE_15_315,15,315,3.916104945423697
1265,face,FACE_236_134,236,134,2.7671367491585794
1266,face,FACE_301_300,301,300,6.069366563507943
1267,face,FACE_333_332,333,332,6.214417438510314
1268,face,FACE_352_345,352,345,6.2318687818243275
1269,face,FACE_52_53,52,53,2.703031059970285
1270,face,FACE_166_75,166,75,1.545237981832386
1271,face,FACE_192_213,192,213,3.296900107627293
1272,face,FACE_3_197,3,197,4.313300944530676
1273,face,FACE_77_146,77,146,0.6773452825184814
1274,face,FACE_363_360,363,360,3.928722958816857
1275,face,FACE_334_333,334,333,7.1040836461817385
1276,face,FACE_6_351,6,351,2.805119296967381
1277,face,FACE_6_122,6,122,2.2136023879031286
1278,face,FACE_406_321,406,321,5.238841809495321
1279,face,FACE_284_332,284,332,8.584341176262063
1280,face,FACE_350_277,350,277,2.181166930977906
1281,face,FACE_8_168,8,168,2.9171381216983883
1282,face,FACE_129_49,129,49,2.0187304357878757
1283,face,FACE_0_164,0,164,3.689425659520901
1284,face,FACE_300_276,300,276,3.1918161559450535
1285,face,FACE_86_87,86,87,0.9490602246994665
1286,face,FACE_226_247,226,247,2.7499871571874253
1287,face,FACE_119_120,119,120,3.264186487517178
1288,face,FACE_37_167,37,167,3.1912267113351245
1289,face,FACE_111_116,111,116,4.300577739765709
1290,face,FACE_451_450,451,450,3.4726379711525523
1291,face,FACE_335_418,335,418,5.941007808100008
1292,face,FACE_40_92,40,92,3.293707114313417
1293,face,FACE_52_66,52,66,3.8423142923754927
1294,face,FACE_285_417,285,417,4.544906189215565
1295,face,FACE_224_29,224,29,1.7369286585967294
1296,face,FACE_330_425,330,425,7.800937550169523
1297,face,FACE_285_8,285,8,5.481727940214464
1298,face,FACE_236_3,236,3,2.0878260245188027
1299,face,FACE_307_292,307,292,1.7558490493811585
1300,face,FACE_187_147,187,147,1.163137774337012
1301,face,FACE_139_70,139,70,5.36237057039267
1302,face,FACE_185_186,185,186,2.860606902824448
1303,face,FACE_270_410,270,410,4.488057659959205
1304,face,FACE_456_420,456,420,3.6696028726846124
1305,face,FACE_407_415,407,415,0.5012988691178429
1306,face,FACE_294_358,294,358,2.199143496537878
1307,face,FACE_78_96,78,96,0.9430228738896489
1308,face,FACE_259_257,259,257,3.0822019007208783
1309,face,FACE_218_219,218,219,1.1550696252272687
1310,face,FACE_417_465,417,465,3.635094162349859
1311,face,FACE_304_408,304,408,2.889303537076806
1312,face,FACE_56_157,56,157,2.3997194421030232
1313,face,FACE_63_53,63,53,1.638927030647185
1314,face,FACE_349_330,349,330,5.942208330428373
1315,face,FACE_241_239,241,239,1.7382866296945763
1316,face,FACE_261_446,261,446,2.707161480623306
1317,face,FACE_281_275,281,275,3.3122460314603415
1318,face,FACE_396_262,396,262,7.732851877678085
1319,face,FACE_441_413,441,413,2.953521470022779
1320,face,FACE_327_391,327,391,4.567123849553401
1321,face,FACE_100_120,100,120,2.947665015838762
1322,face,FACE_346_261,346,261,3.780529037952533
1323,face,FACE_348_450,348,450,2.392612527192858
1324,face,FACE_340_446,340,446,5.412981985795628
1325,face,FACE_180_85,180,85,2.33685937952858
1326,face,FACE_252_253,252,253,2.5592414410488855
1327,face,FACE_137_123,137,123,2.7746301919680767
1328,face,FACE_349_451,349,451,1.969396711459554
1329,face,FACE_462_328,462,328,3.4502531718540705
1330,face,FACE_455_289,455,289,1.4254637185340222
1331,face,FACE_6_197,6,197,2.847810648387964
1332,face,FACE_377_369,377,369,7.206020152870616
1333,face,FACE_115_220,115,220,1.3529253146564137
1334,face,FACE_35_111,35,111,3.667593807130129
1335,face,FACE_383_300,383,300,5.058579219469469
1336,face,FACE_110_25,110,25,0.9659743972348845
1337,face,FACE_437_420,437,420,2.3246787487767557
1338,face,FACE_333_299,333,299,8.46285561786761
1339,face,FACE_252_374,252,374,2.519843573687083
1340,face,FACE_31_226,31,226,2.5045800203221
1341,face,FACE_71_70,71,70,0.47812959745248723
1342,face,FACE_104_67,104,67,8.105655782746604
1343,face,FACE_49_131,49,131,1.8319980159277143
1344,face,FACE_463_414,463,414,1.9586958030077029
1345,face,FACE_118_230,118,230,5.446768266876935
1346,face,FACE_104_103,104,103,3.4317399769817536
1347,face,FACE_155_154,155,154,1.212028755749246
1348,face,FACE_220_134,220,134,2.809703005254816
1349,face,FACE_262_396,262,396,7.732851877678085
1350,face,FACE_70_46,70,46,1.1467796041886003
1351,face,FACE_436_432,436,432,6.6182504361177985
1352,face,FACE_167_164,167,164,3.4093714631537964
1353,face,FACE_170_169,170,169,3.308745129651404
1354,face,FACE_211_170,211,170,3.8475306114709866
1355,face,FACE_77_90,77,90,1.236355264822124
1356,face,FACE_22_154,22,154,2.436085090148273
1357,face,FACE_237_79,237,79,0.8388927979484476
1358,face,FACE_197_6,197,6,2.847810648387964
1359,face,FACE_143_35,143,35,1.2606139979136137
1360,face,FACE_146_77,146,77,0.6773452825184814
1361,face,FACE_434_364,434,364,8.063339380295321
1362,face,FACE_72_11,72,11,3.1625385909062955
1363,face,FACE_9_337,9,337,11.499999111079806
1364,face,FACE_465_351,465,351,3.9543334056908437
1365,face,FACE_89_180,89,180,1.6829782677110827
1366,face,FACE_255_249,255,249,2.210263844376171
1367,face,FACE_295_285,295,285,6.801903848323949
1368,face,FACE_90_181,90,181,2.3957534068736375
1369,face,FACE_91_146,91,146,1.5152960856113824
1370,face,FACE_143_156,143,156,4.708800824908967
1371,face,FACE_18_421,18,421,6.202802013545489
1372,face,FACE_232_121,232,121,1.5793168237366046
1373,face,FACE_425_436,425,436,7.5691429388336395
1374,face,FACE_257_443,257,443,1.3684581581586963
1375,face,FACE_29_27,29,27,2.147766546076752
1376,face,FACE_327_358,327,358,3.847144499782892
1377,face,FACE_433_376,433,376,5.800961281638217
1378,face,FACE_299_296,299,296,7.40771012569289
1379,face,FACE_259_260,259,260,2.513664762911046
1380,face,FACE_405_314,405,314,3.9280606681482606
1381,face,FACE_158_28,158,28,3.079572324502201
1382,face,FACE_217_114,217,114,2.489304662119687
1383,face,FACE_197_248,197,248,3.1853911390739085
1384,face,FACE_124_35,124,35,3.6913604396602056
1385,face,FACE_375_291,375,291,2.1337134522442196
1386,face,FACE_321_320,321,320,0.9914320620715366
1387,face,FACE_324_325,324,325,0.5140700848148627
1388,face,FACE_336_299,336,299,12.001038239106117
1389,face,FACE_62_96,62,96,1.1414454392762974
1390,face,FACE_22_23,22,23,2.145192091206504
1391,face,FACE_281_363,281,363,3.348507589668453
1392,face,FACE_443_282,443,282,2.270324489884089
1393,face,FACE_20_99,20,99,1.118806527071577
1394,face,FACE_124_156,124,156,0.7822067383878198
1395,face,FACE_464_341,464,341,2.902616278566931
1396,face,FACE_27_223,27,223,1.7933616968592958
1397,face,FACE_125_237,125,237,3.232224518314525
1398,face,FACE_148_140,148,140,6.670127434716002
1399,face,FACE_279_331,279,331,1.849714538079376
1400,face,FACE_32_194,32,194,3.806185612633227
1401,face,FACE_44_19,44,19,3.2343111546867704
1402,face,FACE_244_193,244,193,3.204938891261126
1403,face,FACE_439_289,439,289,1.2403623040164882
1404,face,FACE_453_452,453,452,2.0604034599439296
1405,face,FACE_12_72,12,72,3.5117603239888986
1406,face,FACE_343_437,343,437,2.5127328185409654
1407,face,FACE_94_370,94,370,1.1277829017810532
1408,face,FACE_94_141,94,141,0.9371166802838269
1409,face,FACE_429_360,429,360,2.8780664015613544
1410,face,FACE_444_259,444,259,1.3924779210992755
1411,face,FACE_322_270,322,270,3.042496373044919
1412,face,FACE_121_100,121,100,5.41684966000712
1413,face,FACE_199_428,199,428,6.1215895272759555
1414,face,FACE_379_395,379,395,6.517155984322425
1415,face,FACE_32_171,32,171,6.468512220899425
1416,face,FACE_322_391,322,391,4.116735567732931
1417,face,FACE_389_301,389,301,10.211907002835359
1418,face,FACE_279_429,279,429,1.8183827379842905
1419,face,FACE_394_379,394,379,4.794736587277682
1420,face,FACE_453_465,453,465,3.506095949430594
1421,face,FACE_380_252,380,252,1.3866668649301377
1422,face,FACE_416_434,416,434,6.147922944287998
1423,face,FACE_362_463,362,463,1.2191252027274218
1424,face,FACE_309_457,309,457,2.5359656980031615
1425,face,FACE_6_419,6,419,3.482762094488185
1426,face,FACE_193_245,193,245,3.517174322036996
1427,face,FACE_413_285,413,285,4.954307042434694
1428,face,FACE_310_272,310,272,0.46707355355596264
1429,face,FACE_163_110,163,110,1.7857770779230882
1430,face,FACE_29_30,29,30,1.6603744864096188
1431,face,FACE_69_66,69,66,5.025981212614976
1432,face,FACE_114_217,114,217,2.489304662119687
1433,face,FACE_328_326,328,326,0.7598167191500862
1434,face,FACE_431_418,431,418,6.998593562180921
1435,face,FACE_98_129,98,129,2.7632911350083873
1436,face,FACE_171_199,171,199,5.8428455051274755
1437,face,FACE_303_269,303,269,0.9655620261738272
1438,face,FACE_91_90,91,90,0.9882657346686488
1439,face,FACE_156_70,156,70,3.852865230113743
1440,face,FACE_282_295,282,295,5.578929489428565
1441,face,FACE_287_410,287,410,3.8531141804324656
1442,face,FACE_73_72,73,72,2.5818586172204236
1443,face,FACE_194_182,194,182,3.611617183204691
1444,face,FACE_408_291,408,291,2.3973761503199875
1445,face,FACE_221_56,221,56,1.4827420779807052
1446,face,FACE_126_47,126,47,2.5863735547869906
1447,face,FACE_137_93,137,93,4.2312223384709995
1448,face,FACE_49_209,49,209,2.5026486486704336
1449,face,FACE_257_387,257,387,3.761730489810219
1450,face,FACE_416_411,416,411,9.027671673312291
1451,face,FACE_176_170,176,170,6.770316653584822
1452,face,FACE_95_96,95,96,0.6552195527489219
1453,face,FACE_235_219,235,219,1.0198436353615579
1454,face,FACE_401_288,401,288,10.661872137500918
1455,face,FACE_346_352,346,352,10.785467697797452
1456,face,FACE_79_237,79,237,0.8388927979484476
1457,face,FACE_218_166,218,166,1.3663820242316183
1458,face,FACE_430_431,430,431,5.998577919234677
1459,face,FACE_289_455,289,455,1.4254637185340222
1460,face,FACE_82_13,82,13,2.557167244017201
1461,face,FACE_108_151,108,151,6.08140822883848
1462,face,FACE_355_437,355,437,3.3665162435068674
1463,face,FACE_342_467,342,467,2.080771006944733
1464,face,FACE_276_293,276,293,4.350692077541956
1465,face,FACE_308_325,308,325,1.7840932371755511
1466,face,FACE_427_425,427,425,6.735319637300913
1467,face,FACE_97_141,97,141,1.509421350475981
1468,face,FACE_431_395,431,395,4.751948742267384
1469,face,FACE_423_391,423,391,6.08257109494237
1470,face,FACE_190_189,190,189,1.069455239133325
1471,face,FACE_330_349,330,349,5.942208330428373
1472,face,FACE_162_127,162,127,7.111004212366719
1473,face,FACE_359_263,359,263,1.8181002640385502
1474,face,FACE_464_465,464,465,1.8243370024944103
1475,face,FACE_376_352,376,352,6.580573102566735
1476,face,FACE_223_222,223,222,2.971015951135941
1477,face,FACE_435_401,435,401,6.843565567564221
1478,face,FACE_230_118,230,118,5.446768266876935
1479,face,FACE_222_28,222,28,1.642894105609783
1480,face,FACE_408_304,408,304,2.889303537076806
1481,face,FACE_50_187,50,187,7.164466775537689
1482,face,FACE_42_183,42,183,1.4604479361888962
1483,face,FACE_183_42,183,42,1.4604479361888962
1484,face,FACE_187_192,187,192,8.069291866034055
1485,face,FACE_25_130,25,130,1.5332445151350251
1486,face,FACE_265_340,265,340,3.7798462937557034
1487,face,FACE_92_40,92,40,3.293707114313417
1488,face,FACE_371_358,371,358,3.610306897993736
1489,face,FACE_211_140,211,140,6.724155367000409
1490,face,FACE_35_143,35,143,1.2606139979136137
1491,face,FACE_15_85,15,85,3.369973797683316
1492,face,FACE_142_126,142,126,2.89446180606733
1493,face,FACE_195_281,195,281,3.2705190812598404
1494,face,FACE_440_457,440,457,2.3523942976406587
1495,face,FACE_221_190,221,190,2.981946833791534
1496,face,FACE_386_257,386,257,2.6611638968594864
1497,face,FACE_277_350,277,350,2.181166930977906
1498,face,FACE_251_298,251,298,11.33610648724114
1499,face,FACE_383_368,383,368,5.967084813655443
1500,face,FACE_255_448,255,448,2.9512855264754156
1501,face,FACE_290_289,290,289,2.7831417292823963
1502,face,FACE_317_14,317,14,3.4306920890635806
1503,face,FACE_103_54,103,54,5.224003250968316
1504,face,FACE_414_441,414,441,2.8969782020976047
1505,face,FACE_160_30,160,30,3.0977293460242996
1506,face,FACE_174_114,174,114,0.1465194530602695
1507,face,FACE_326_328,326,328,0.7598167191500862
1508,face,FACE_460_328,460,328,4.214462371714363
1509,face,FACE_152_175,152,175,3.282019491343744
1510,face,FACE_124_113,124,113,1.1947018828709093
1511,face,FACE_367_365,367,365,9.45758592818242
1512,face,FACE_98_240,98,240,0.5972710126803696
1513,face,FACE_64_98,64,98,2.1876746267458906
1514,face,FACE_262_428,262,428,6.565282150580197
1515,face,FACE_396_428,396,428,4.017237254719414
1516,face,FACE_122_188,122,188,2.1479477964494276
1517,face,FACE_327_328,327,328,5.576163030936409
1518,face,FACE_80_42,80,42,0.820388293787466
1519,face,FACE_265_353,265,353,4.072555399261557
1520,face,FACE_38_82,38,82,0.8679509614133059
1521,face,FACE_282_442,282,442,5.012355307325519
1522,face,FACE_209_49,209,49,2.5026486486704336
1523,face,FACE_73_39,73,39,1.090998083984723
1524,face,FACE_25_228,25,228,3.043181059084523
1525,face,FACE_302_11,302,11,3.991105118140284
1526,face,FACE_100_142,100,142,2.9115677113891545
1527,face,FACE_447_366,447,366,6.785749251456095
1528,face,FACE_460_305,460,305,1.5903124573645218
1529,face,FACE_451_256,451,256,2.759455590711553
1530,face,FACE_1_19,1,19,2.1366432334255743
1531,face,FACE_421_313,421,313,3.9400938858222974
1532,face,FACE_370_2,370,2,1.1344517049496867
1533,face,FACE_434_432,434,432,5.531046426426443
1534,face,FACE_321_375,321,375,2.7043474617743644
1535,face,FACE_308_292,308,292,0.39868363577921034
1536,face,FACE_179_178,179,178,0.8700191696667462
1537,face,FACE_39_167,39,167,4.48035630281446
1538,face,FACE_459_461,459,461,2.6563426475806415
1539,face,FACE_46_63,46,63,3.742057061298687
1540,face,FACE_391_326,391,326,8.180586679770569
1541,face,FACE_417_464,417,464,4.433509163616827
1542,face,FACE_197_195,197,195,2.7278988996371534
1543,face,FACE_230_229,230,229,2.6456339491960525
1544,face,FACE_356_368,356,368,10.554153700617599
1545,face,FACE_349_329,349,329,2.492438115137343
1546,face,FACE_241_238,241,238,0.15426847641680017
1547,face,FACE_326_462,326,462,3.1676271688854025
1548,face,FACE_52_222,52,222,4.672279270853765
1549,face,FACE_401_376,401,376,7.079234375002728
1550,face,FACE_172_138,172,138,5.043518701123342
1551,face,FACE_245_128,245,128,2.5278174394767436
1552,face,FACE_288_435,288,435,5.002244043986583
1553,face,FACE_382_362,382,362,0.6505796364534742
1554,face,FACE_407_306,407,306,2.4140267957234403
1555,face,FACE_187_123,187,123,6.513600954527563
1556,face,FACE_292_325,292,325,2.122912368826976
1557,face,FACE_212_216,212,216,5.91445821542239
1558,face,FACE_411_425,411,425,10.127465147649696
1559,face,FACE_143_116,143,116,6.69298529073887
1560,face,FACE_349_450,349,450,4.224757602159729
1561,face,FACE_216_186,216,186,2.699863129476475
1562,face,FACE_296_295,296,295,2.1974227464628973
1563,face,FACE_18_201,18,201,5.37694021635046
1564,face,FACE_247_30,247,30,1.490491833447084
1565,face,FACE_262_418,262,418,4.228207726904161
1566,face,FACE_14_316,14,316,3.535262780612952
1567,face,FACE_14_87,14,87,2.605085081493754
1568,face,FACE_114_174,114,174,0.1465194530602695
1569,face,FACE_195_248,195,248,2.4369880867492166
1570,face,FACE_300_301,300,301,6.069366563507943
1571,face,FACE_162_71,162,71,4.803499891768252
1572,face,FACE_181_84,181,84,2.6112090234888927
1573,face,FACE_423_371,423,371,6.204346867082084
1574,face,FACE_369_400,369,400,3.428504381757405
1575,face,FACE_330_329,330,329,5.04833401495591
1576,face,FACE_142_129,142,129,3.237458988638261
1577,face,FACE_188_245,188,245,2.2257817132524202
1578,face,FACE_333_334,333,334,7.1040836461817385
1579,face,FACE_334_299,334,299,7.622955833563431
1580,face,FACE_274_19,274,19,2.5586198992404334
1581,face,FACE_251_301,251,301,5.808703219960514
1582,face,FACE_264_383,264,383,10.702012486058935
1583,face,FACE_76_183,76,183,1.560997921687232
1584,face,FACE_355_358,355,358,5.873819528185912
1585,face,FACE_434_422,434,422,8.175515695632845
1586,face,FACE_286_258,286,258,2.538229895484689
1587,face,FACE_372_447,372,447,10.635522596685673
1588,face,FACE_31_117,31,117,3.978641606907848
1589,face,FACE_438_392,438,392,2.175652787865449
1590,face,FACE_38_13,38,13,3.2195411017057283
1591,face,FACE_1_274,1,274,2.4390077340457936
1592,face,FACE_168_122,168,122,4.722406214658796
1593,face,FACE_121_47,121,47,2.5799342561201777
1594,face,FACE_7_25,7,25,1.3756774562709289
1595,face,FACE_138_136,138,136,8.46874237128341
1596,face,FACE_262_431,262,431,5.959087864492581
1597,face,FACE_97_98,97,98,2.8060900567679914
1598,face,FACE_369_377,369,377,7.206020152870616
1599,face,FACE_463_341,463,341,1.2607354273299063
1600,face,FACE_401_366,401,366,7.212676217066522
1601,face,FACE_146_76,146,76,1.409981189554687
1602,face,FACE_9_107,9,107,5.431869472948269
1603,face,FACE_451_452,451,452,2.652909118065583
1604,face,FACE_238_79,238,79,2.0432483324299304
1605,face,FACE_462_461,462,461,1.136437796527139
1606,face,FACE_132_177,132,177,4.255235894166836
1607,face,FACE_441_258,441,258,4.925300133076877
1608,face,FACE_339_390,339,390,2.255530076290946
1609,face,FACE_204_202,204,202,3.6377068610940495
1610,face,FACE_90_180,90,180,1.6826615329073753
1611,face,FACE_410_270,410,270,4.488057659959205
1612,face,FACE_355_371,355,371,3.6410575374123426
1613,face,FACE_176_140,176,140,3.441595657800012
1614,face,FACE_27_160,27,160,3.6648061224913966
1615,face,FACE_447_454,447,454,5.171992804060748
1616,face,FACE_114_128,114,128,2.299613073502666
1617,face,FACE_466_467,466,467,2.604001380060239
1618,face,FACE_188_114,188,114,2.5983567114614545
1619,face,FACE_141_2,141,2,2.1244432340703243
1620,face,FACE_91_181,91,181,2.0673503112123597
1621,face,FACE_78_62,78,62,0.3532631124668157
1622,face,FACE_232_120,232,120,3.8456394023107667
1623,face,FACE_48_219,48,219,1.066725996106723
1624,face,FACE_400_378,400,378,6.287722984916342
1625,face,FACE_207_212,207,212,8.232288429780851
1626,face,FACE_406_421,406,421,6.300715245338804
1627,face,FACE_199_208,199,208,4.857678906241173
1628,face,FACE_439_455,439,455,1.065917007185627
1629,face,FACE_250_290,250,290,3.2049714590722926
1630,face,FACE_405_313,405,313,5.971045770853054
1631,face,FACE_269_303,269,303,0.9655620261738272
1632,face,FACE_295_441,295,441,4.825748922232984
1633,face,FACE_36_101,36,101,3.3141876112278763
1634,face,FACE_261_448,261,448,2.5191703009144195
1635,face,FACE_388_260,388,260,2.620252715845715
1636,face,FACE_20_242,20,242,0.5651853987322484
1637,face,FACE_414_398,414,398,1.754177478583511
1638,face,FACE_273_422,273,422,3.972263073980827
1639,face,FACE_433_411,433,411,8.261296923227071
1640,face,FACE_4_5,4,5,3.5844935725378586
1641,face,FACE_159_28,159,28,3.4467338068927775
1642,face,FACE_255_261,255,261,3.6099227485706433
1643,face,FACE_175_152,175,152,3.282019491343744
1644,face,FACE_117_31,117,31,3.978641606907848
1645,face,FACE_99_242,99,242,1.0043858581402465
1646,face,FACE_133_155,133,155,0.664441715256438
1647,face,FACE_53_46,53,46,2.5734977197895716
1648,face,FACE_66_65,66,65,2.136938554108202
1649,face,FACE_406_313,406,313,4.673730730045099
1650,face,FACE_322_436,322,436,6.466470336918121
1651,face,FACE_337_299,337,299,7.211642188244114
1652,face,FACE_134_236,134,236,2.7671367491585794
1653,face,FACE_456_399,456,399,2.41521586270479
1654,face,FACE_328_250,328,250,2.812206452060288
1655,face,FACE_247_33,247,33,1.9555497574301506
1656,face,FACE_365_397,365,397,7.297399582630191
1657,face,FACE_70_71,70,71,0.47812959745248723
1658,face,FACE_338_151,338,151,12.1531365104732
1659,face,FACE_35_113,35,113,3.7859413354105773
1660,face,FACE_94_19,94,19,1.4227130328468849
1661,face,FACE_194_106,194,106,5.229372066045099
1662,face,FACE_447_323,447,323,10.009510841084316
1663,face,FACE_31_228,31,228,1.1644385832717508
1664,face,FACE_185_57,185,57,3.4000408609102255
1665,face,FACE_63_68,63,68,1.5314508402466083
1666,face,FACE_104_69,104,69,4.406359911194371
1667,face,FACE_43_202,43,202,2.7023062065454804
1668,face,FACE_217_126,217,126,2.543451013270335
1669,face,FACE_21_71,21,71,1.3156530222932492
1670,face,FACE_454_447,454,447,5.171992804060748
1671,face,FACE_140_171,140,171,3.956104513730547
1672,face,FACE_398_286,398,286,3.4497358004801897
1673,face,FACE_245_193,245,193,3.517174322036996
1674,face,FACE_56_28,56,28,2.3006829037841863
1675,face,FACE_196_188,196,188,0.5915333393436638
1676,face,FACE_435_433,435,433,5.963859624408819
1677,face,FACE_54_104,54,104,2.3350867433018685
1678,face,FACE_368_300,368,300,10.094857194838093
1679,face,FACE_273_291,273,291,3.1162850336048984
1680,face,FACE_92_216,92,216,3.107230212071165
1681,face,FACE_255_359,255,359,1.9830152281514608
1682,face,FACE_437_399,437,399,3.2919538962878057
1683,face,FACE_309_250,309,250,3.3460440608796236
1684,face,FACE_322_269,322,269,4.767770213673022
1685,face,FACE_113_46,113,46,3.4399987762568514
1686,face,FACE_59_75,59,75,0.893338208879229
1687,face,FACE_146_43,146,43,2.4708563797647622
1688,face,FACE_358_371,358,371,3.610306897993736
1689,face,FACE_362_341,362,341,0.8608546986079985
1690,face,FACE_148_152,148,152,5.41548994309019
1691,face,FACE_200_428,200,428,7.307729861782086
1692,face,FACE_140_148,140,148,6.670127434716002
1693,face,FACE_221_222,221,222,3.7900105477860198
1694,face,FACE_200_199,200,199,4.326330018735435
1695,face,FACE_240_235,240,235,1.3191314652918442
1696,face,FACE_272_304,272,304,0.7311464427801823
1697,face,FACE_232_231,232,231,2.329805553228746
1698,face,FACE_421_18,421,18,6.202802013545489
1699,face,FACE_446_340,446,340,5.412981985795628
1700,face,FACE_55_189,55,189,4.658480595065455
1701,face,FACE_169_211,169,211,2.54529109330046
1702,face,FACE_287_432,287,432,3.528268467866995
1703,face,FACE_228_117,228,117,3.439772458928183
1704,face,FACE_233_232,233,232,1.7108974552226306
1705,face,FACE_125_141,125,141,1.529304903760725
1706,face,FACE_453_464,453,464,2.1404762348272204
1707,face,FACE_310_415,310,415,2.65018934985116
1708,face,FACE_289_392,289,392,0.743307983276966
1709,face,FACE_416_433,416,433,5.257802474101478
1710,face,FACE_322_426,322,426,4.74398016033464
1711,face,FACE_294_327,294,327,2.038497240222176
1712,face,FACE_118_101,118,101,2.925840903185381
1713,face,FACE_199_175,199,175,3.949477688204637
1714,face,FACE_438_457,438,457,3.206713613375603
1715,face,FACE_366_352,366,352,7.571110844235348
1716,face,FACE_404_315,404,315,3.7842783668132616
1717,face,FACE_269_270,269,270,3.6058745174641964
1718,face,FACE_367_433,367,433,9.564135122332168
1719,face,FACE_298_333,298,333,7.377640366392752
1720,face,FACE_311_272,311,272,3.352417200999822
1721,face,FACE_0_267,0,267,4.015314627096668
1722,face,FACE_252_451,252,451,1.5903329984053654
1723,face,FACE_179_89,179,89,1.443764465634883
1724,face,FACE_25_31,25,31,2.5375156943931247
1725,face,FACE_278_360,278,360,3.716967461626459
1726,face,FACE_269_391,269,391,3.343962850091612
1727,face,FACE_325_292,325,292,2.122912368826976
1728,face,FACE_413_441,413,441,2.953521470022779
1729,face,FACE_107_69,107,69,6.886034097128763
1730,face,FACE_92_206,92,206,3.708360441101175
1731,face,FACE_365_364,365,364,5.353691242353024
1732,face,FACE_363_440,363,440,2.7364521308860117
1733,face,FACE_62_183,62,183,1.2741849623818737
1734,face,FACE_187_214,187,214,10.847809697561052
1735,face,FACE_455_294,455,294,1.532577585417551
1736,face,FACE_133_243,133,243,0.535885335582858
1737,face,FACE_387_388,387,388,1.721554611768396
1738,face,FACE_219_166,219,166,1.0560222470843936
1739,face,FACE_350_357,350,357,2.754037373358137
1740,face,FACE_109_151,109,151,7.852313681709574
1741,face,FACE_448_254,448,254,5.470119560253482
1742,face,FACE_419_456,419,456,4.100737713578166
1743,face,FACE_431_430,431,430,5.998577919234677
1744,face,FACE_50_101,50,101,6.3090842070485875
1745,face,FACE_423_426,423,426,4.421382523954184
1746,face,FACE_222_27,222,27,2.475099868381149
1747,face,FACE_287_422,287,422,5.2723192920464905
1748,face,FACE_321_335,321,335,2.7197595916226205
1749,face,FACE_152_377,152,377,6.478997769067912
1750,face,FACE_165_167,165,167,4.020932426955732
1751,face,FACE_167_97,167,97,2.6224084781008044
1752,face,FACE_43_61,43,61,3.349017098584199
1753,face,FACE_306_291,306,291,0.41257157172099973
1754,face,FACE_79_20,79,20,2.9810339594299045
1755,face,FACE_465_464,465,464,1.8243370024944103
1756,face,FACE_432_287,432,287,3.528268467866995
1757,face,FACE_195_51,195,51,4.565197973236107
1758,face,FACE_221_189,221,189,2.9742178751643644
1759,face,FACE_239_237,239,237,1.064984101954752
1760,face,FACE_85_179,85,179,2.3703665702625543
1761,face,FACE_272_271,272,271,3.1159093271527176
1762,face,FACE_445_342,445,342,3.2916548296629142
1763,face,FACE_344_439,344,439,3.0163346966995497
1764,face,FACE_42_74,42,74,0.9482538711145995
1765,face,FACE_162_139,162,139,1.1282732262754493
1766,face,FACE_347_450,347,450,6.350550148797976
1767,face,FACE_133_112,133,112,0.9787688258611528
1768,face,FACE_387_257,387,257,3.761730489810219
1769,face,FACE_460_327,460,327,1.504028801006153
1770,face,FACE_57_202,57,202,4.537299489046488
1771,face,FACE_271_311,271,311,0.5226035223425289
1772,face,FACE_123_147,123,147,6.004477670625937
1773,face,FACE_437_343,437,343,2.5127328185409654
1774,face,FACE_275_281,275,281,3.3122460314603415
1775,face,FACE_340_261,340,261,4.302605220342839
1776,face,FACE_161_30,161,30,2.7475284258554584
1777,face,FACE_338_337,338,337,6.921872810122561
1778,face,FACE_357_350,357,350,2.754037373358137
1779,face,FACE_217_47,217,47,0.37751648277963484
1780,face,FACE_309_459,309,459,1.7761207790605043
1781,face,FACE_255_339,255,339,1.9690084612044718
1782,face,FACE_287_291,287,291,2.584727869312149
1783,face,FACE_139_127,139,127,7.02853537410223
1784,face,FACE_268_12,268,12,3.770639556004161
1785,face,FACE_38_81,38,81,1.6821767508539391
1786,face,FACE_230_22,230,22,3.725168986394112
1787,face,FACE_101_100,101,100,4.256786968787007
1788,face,FACE_81_42,81,42,2.2541205837916802
1789,face,FACE_220_237,220,237,2.104453490599322
1790,face,FACE_404_403,404,403,1.0871773756191565
1791,face,FACE_351_168,351,168,3.6596501975884705
1792,face,FACE_405_404,405,404,1.3732922541461139
1793,face,FACE_61_185,61,185,1.6013602373383036
1794,face,FACE_396_175,396,175,6.62234386544375
1795,face,FACE_93_137,93,137,4.2312223384709995
1796,face,FACE_79_239,79,239,0.5425747527246912
1797,face,FACE_313_406,313,406,4.673730730045099
1798,face,FACE_424_273,424,273,5.551118978326119
1799,face,FACE_266_330,266,330,4.270358981373625
1800,face,FACE_196_122,196,122,2.7343023600073333
1801,face,FACE_435_367,435,367,7.2917911168332905
1802,face,FACE_108_9,108,9,8.802868465419046
1803,face,FACE_242_238,242,238,1.5406879798193474
1804,face,FACE_375_273,375,273,2.3590944819387825
1805,face,FACE_293_283,293,283,2.746926061504643
1806,face,FACE_205_207,205,207,5.513478515836165
1807,face,FACE_123_137,123,137,2.7746301919680767
1808,face,FACE_130_33,130,33,0.8116599939777194
1809,face,FACE_223_224,223,224,2.401387427939663
1810,face,FACE_230_120,230,120,2.665428943670437
1811,face,FACE_408_306,408,306,2.0469476841947047
1812,face,FACE_92_186,92,186,2.927160409457428
1813,face,FACE_345_366,345,366,10.867667461090885
1814,face,FACE_18_200,18,200,3.750492115647905
1815,face,FACE_65_52,65,52,3.4863871113297633
1816,face,FACE_76_61,76,61,0.37209310710820703
1817,face,FACE_9_8,9,8,3.6646120273539333
1818,face,FACE_342_446,342,446,2.872323164222824
1819,face,FACE_14_86,14,86,3.1683370218294784
1820,face,FACE_202_57,202,57,4.537299489046488
1821,face,FACE_335_321,335,321,2.7197595916226205
1822,face,FACE_20_166,20,166,3.0079319032599643
1823,face,FACE_379_364,379,364,9.778137904287691
1824,face,FACE_265_342,265,342,6.046937891229705
1825,face,FACE_32_140,32,140,3.783759661315108
1826,face,FACE_385_258,385,258,2.5900630242119775
1827,face,FACE_390_373,390,373,1.7842482065193923
1828,face,FACE_231_120,231,120,1.99195465708015
1829,face,FACE_77_62,77,62,1.0667523316813419
1830,face,FACE_257_258,257,258,2.8895990427729283
1831,face,FACE_15_316,15,316,3.6757878723952917
1832,face,FACE_42_41,42,41,1.7116958724446079
1833,face,FACE_289_290,289,290,2.7831417292823963
1834,face,FACE_340_372,340,372,5.7356295721987385
1835,face,FACE_187_50,187,50,7.164466775537689
1836,face,FACE_352_346,352,346,10.785467697797452
1837,face,FACE_70_139,70,139,5.36237057039267
1838,face,FACE_416_367,416,367,7.240099095222919
1839,face,FACE_41_81,41,81,0.8385310806634175
1840,face,FACE_285_441,285,441,4.2545704853070925
1841,face,FACE_277_437,277,437,3.4188725111559775
1842,face,FACE_178_86,178,86,1.7859105365611374
1843,face,FACE_224_53,224,53,2.1416333695717977
1844,face,FACE_284_333,284,333,11.806232160750861
1845,face,FACE_116_111,116,111,4.300577739765709
1846,face,FACE_108_107,108,107,6.17599284650305
1847,face,FACE_415_407,415,407,0.5012988691178429
1848,face,FACE_1_44,1,44,1.8441534974857023
1849,face,FACE_327_294,327,294,2.038497240222176
1850,face,FACE_439_392,439,392,1.3567334555739323
1851,face,FACE_57_61,57,61,2.750167454416915
1852,face,FACE_138_135,138,135,3.627229285645505
1853,face,FACE_109_108,109,108,6.0328727095927235
1854,face,FACE_229_24,229,24,2.7569432824996682
1855,face,FACE_106_182,106,182,2.6408464351033807
1856,face,FACE_277_329,277,329,3.6333488309285604
1857,face,FACE_278_294,278,294,1.7416278101144425
1858,face,FACE_274_440,274,440,4.237436013669515
1859,face,FACE_436_322,436,322,6.466470336918121
1860,face,FACE_422_424,422,424,4.981967781449556
1861,face,FACE_286_414,286,414,2.9458216327273576
1862,face,FACE_360_363,360,363,3.928722958816857
1863,face,FACE_359_255,359,255,1.9830152281514608
1864,face,FACE_85_15,85,15,3.369973797683316
1865,face,FACE_397_367,397,367,5.148671591566239
1866,face,FACE_224_30,224,30,2.4018542928653273
1867,face,FACE_27_159,27,159,3.3529469416388227
1868,face,FACE_139_71,139,71,5.01057149280763
1869,face,FACE_406_335,406,335,4.233363805695607
1870,face,FACE_344_360,344,360,1.9042570052651668
1871,face,FACE_348_330,348,330,3.1341943255040263
1872,face,FACE_418_431,418,431,6.998593562180921
1873,face,FACE_269_302,269,302,4.585602456957252
1874,face,FACE_189_193,189,193,1.1243309299524582
1875,face,FACE_36_100,36,100,6.194631779544555
1876,face,FACE_230_231,230,231,2.7999718372003164
1877,face,FACE_169_135,169,135,3.9415849012128246
1878,face,FACE_441_414,441,414,2.8969782020976047
1879,face,FACE_447_345,447,345,6.860303262253043
1880,face,FACE_407_272,407,272,2.78988832414282
1881,face,FACE_44_220,44,220,2.617183478075505
1882,face,FACE_100_121,100,121,5.41684966000712
1883,face,FACE_200_208,200,208,6.258384829229529
1884,face,FACE_264_372,264,372,6.616898834289643
1885,face,FACE_270_303,270,303,3.8157018725174954
1886,face,FACE_271_268,271,268,3.707871478878157
1887,face,FACE_276_383,276,383,6.923956987016593
1888,face,FACE_434_411,434,411,11.932205801581322
1889,face,FACE_198_134,198,134,0.5859604294831794
1890,face,FACE_144_163,144,163,1.0176586345162002
1891,face,FACE_411_427,411,427,5.745671195599413
1892,face,FACE_349_452,349,452,3.3236192491576073
1893,face,FACE_275_274,275,274,2.953583783174089
1894,face,FACE_242_97,242,97,1.301959305207193
1895,face,FACE_307_306,307,306,2.040379873138731
1896,face,FACE_133_190,133,190,1.6779216486112372
1897,face,FACE_234_93,234,93,6.432302637137987
1898,face,FACE_5_4,5,4,3.5844935725378586
1899,face,FACE_445_276,445,276,2.957800990540099
1900,face,FACE_329_330,329,330,5.04833401495591
1901,face,FACE_374_252,374,252,2.519843573687083
1902,face,FACE_27_28,27,28,2.3971986614001737
1903,face,FACE_0_11,0,11,0.93786565566791
1904,face,FACE_437_277,437,277,3.4188725111559775
1905,face,FACE_382_341,382,341,1.1038789297228486
1906,face,FACE_140_170,140,170,3.4142984104150083
1907,face,FACE_280_330,280,330,8.731756194278805
1908,face,FACE_166_79,166,79,0.7547141955780613
1909,face,FACE_111_143,111,143,2.9418993919990273
1910,face,FACE_226_130,226,130,1.3709205017476827
1911,face,FACE_186_57,186,57,3.1831089114423206
1912,face,FACE_391_426,391,426,6.929401048178116
1913,face,FACE_105_69,105,69,6.588632876890286
1914,face,FACE_123_117,123,117,8.550031384906298
1915,face,FACE_256_381,256,381,1.2467731880656117
1916,face,FACE_301_389,301,389,10.211907002835359
1917,face,FACE_428_200,428,200,7.307729861782086
1918,face,FACE_167_165,167,165,4.020932426955732
1919,face,FACE_132_58,132,58,7.275793461166364
1920,face,FACE_19_1,19,1,2.1366432334255743
1921,face,FACE_125_19,125,19,1.1309979889884065
1922,face,FACE_89_96,89,96,1.1252453087074192
1923,face,FACE_418_421,418,421,5.790330793093539
1924,face,FACE_340_352,340,352,10.250204683798119
1925,face,FACE_48_64,48,64,1.5056031050618113
1926,face,FACE_228_31,228,31,1.1644385832717508
1927,face,FACE_459_309,459,309,1.7761207790605043
1928,face,FACE_72_12,72,12,3.5117603239888986
1929,face,FACE_169_210,169,210,4.2775466163763
1930,face,FACE_215_177,215,177,5.973296280120682
1931,face,FACE_172_215,172,215,9.853997325564379
1932,face,FACE_215_213,215,213,3.7391164596640514
1933,face,FACE_455_460,455,460,1.1148366702185346
1934,face,FACE_417_168,417,168,4.001661303218317
1935,face,FACE_461_354,461,354,1.0750861745184368
1936,face,FACE_413_463,413,463,2.802478946697292
1937,face,FACE_290_392,290,392,2.6806884549052468
1938,face,FACE_43_106,43,106,2.3549901552659307
1939,face,FACE_423_327,423,327,5.072717848117475
1940,face,FACE_300_293,300,293,5.745141688832316
1941,face,FACE_34_143,34,143,2.5492283841030696
1942,face,FACE_207_214,207,214,9.143912895703343
1943,face,FACE_119_101,119,101,3.917219444180259
1944,face,FACE_299_297,299,297,6.6709878101714075
1945,face,FACE_377_396,377,396,3.267393493143597
1946,face,FACE_171_148,171,148,3.1510977022710827
1947,face,FACE_40_73,40,73,2.3290507662926077
1948,face,FACE_41_38,41,38,2.1972601300453687
1949,face,FACE_273_424,273,424,5.551118978326119
1950,face,FACE_146_91,146,91,1.5152960856113824
1951,face,FACE_141_125,141,125,1.529304903760725
1952,face,FACE_299_333,299,333,8.46285561786761
1953,face,FACE_12_11,12,11,1.0153787142375423
1954,face,FACE_218_79,218,79,1.06174119871736
1955,face,FACE_50_123,50,123,2.6521225226644116
1956,face,FACE_255_263,255,263,1.719862209198893
1957,face,FACE_180_89,180,89,1.6829782677110827
1958,face,FACE_233_244,233,244,1.9394487540550152
1959,face,FACE_45_44,45,44,2.892874643448953
1960,face,FACE_217_236,217,236,0.17934627196820974
1961,face,FACE_351_465,351,465,3.9543334056908437
1962,face,FACE_96_95,96,95,0.6552195527489219
1963,face,FACE_187_213,187,213,4.948964647685395
1964,face,FACE_113_35,113,35,3.7859413354105773
1965,face,FACE_352_280,352,280,10.384837586254287
1966,face,FACE_426_266,426,266,7.039388953592462
1967,face,FACE_292_415,292,415,2.474942830839413
1968,face,FACE_65_107,65,107,4.617452903771226
1969,face,FACE_164_0,164,0,3.689425659520901
1970,face,FACE_2_167,2,167,4.076994850593199
1971,face,FACE_22_145,22,145,2.48915405581934
1972,face,FACE_444_283,444,283,2.4036135001002794
1973,face,FACE_429_420,429,420,3.193028356683692
1974,face,FACE_34_156,34,156,7.257981606902547
1975,face,FACE_100_101,100,101,4.256786968787007
1976,face,FACE_291_306,291,306,0.41257157172099973
1977,face,FACE_138_213,138,213,8.78786590301314
1978,face,FACE_391_393,391,393,6.868171747391531
1979,face,FACE_43_204,43,204,4.819776301025703
1980,face,FACE_294_460,294,460,2.3768418152968844
1981,face,FACE_414_413,414,413,2.2294522541850648
1982,face,FACE_319_404,319,404,2.9715317809701345
1983,face,FACE_420_456,420,456,3.6696028726846124
1984,face,FACE_352_401,352,401,11.726220729067578
1985,face,FACE_413_417,413,417,3.6361715717573566
1986,face,FACE_292_307,292,307,1.7558490493811585
1987,face,FACE_175_396,175,396,6.62234386544375
1988,face,FACE_223_27,223,27,1.7933616968592958
1989,face,FACE_209_129,209,129,3.8574967257365147
1990,face,FACE_422_273,422,273,3.972263073980827
1991,face,FACE_214_207,214,207,9.143912895703343
1992,face,FACE_206_203,206,203,3.8919426501952623
1993,face,FACE_131_209,131,209,0.9709416116730751
1994,face,FACE_232_112,232,112,2.4579971446556015
1995,face,FACE_425_427,425,427,6.735319637300913
1996,face,FACE_392_250,392,250,5.458781254310749
1997,face,FACE_457_459,457,459,1.058356973480358
1998,face,FACE_444_260,444,260,2.8614941679253327
1999,face,FACE_281_4,281,4,4.842416181257402
2000,face,FACE_433_367,433,367,9.564135122332168
2001,face,FACE_199_200,199,200,4.326330018735435
2002,face,FACE_197_419,197,419,2.61815561730338
2003,face,FACE_11_0,11,0,0.93786565566791
2004,face,FACE_344_438,344,438,1.7289616611573477
2005,face,FACE_122_245,122,245,0.2359402438098373
2006,face,FACE_300_368,300,368,10.094857194838093
2007,face,FACE_86_179,86,179,2.0865261739061753
2008,face,FACE_32_208,32,208,3.771408112665365
2009,face,FACE_232_233,232,233,1.7108974552226306
2010,face,FACE_446_342,446,342,2.872323164222824
2011,face,FACE_203_206,203,206,3.8919426501952623
2012,face,FACE_449_347,449,347,3.243969477910401
2013,face,FACE_202_210,202,210,3.3539953465538983
2014,face,FACE_19_354,19,354,1.4239860310458177
2015,face,FACE_19_125,19,125,1.1309979889884065
2016,face,FACE_220_115,220,115,1.3529253146564137
2017,face,FACE_412_465,412,465,2.063351212019603
2018,face,FACE_206_216,206,216,4.5209146771654956
2019,face,FACE_154_26,154,26,1.2298105976023952
2020,face,FACE_452_357,452,357,3.399895322001258
2021,face,FACE_70_63,70,63,3.070835952456801
2022,face,FACE_170_150,170,150,1.5985212771949526
2023,face,FACE_135_192,135,192,9.091836890554456
2024,face,FACE_69_67,69,67,4.902083829560125
2025,face,FACE_421_406,421,406,6.300715245338804
2026,face,FACE_367_435,367,435,7.2917911168332905
2027,face,FACE_328_327,328,327,5.576163030936409
2028,face,FACE_333_293,333,293,6.924155539990961
2029,face,FACE_139_162,139,162,1.1282732262754493
2030,face,FACE_305_460,305,460,1.5903124573645218
2031,face,FACE_97_165,97,165,5.6469032681425055
2032,face,FACE_393_164,393,164,4.259740381734438
2033,face,FACE_303_270,303,270,3.8157018725174954
2034,face,FACE_268_312,268,312,0.6432002071827009
2035,face,FACE_341_382,341,382,1.1038789297228486
2036,face,FACE_421_262,421,262,7.664479113135011
2037,face,FACE_440_275,440,275,3.3062555117058214
2038,face,FACE_25_33,25,33,1.571205661216057
2039,face,FACE_258_384,258,384,3.6041495398093293
2040,face,FACE_332_333,332,333,6.214417438510314
2041,face,FACE_364_365,364,365,5.353691242353024
2042,face,FACE_269_393,269,393,7.167871763515189
2043,face,FACE_222_52,222,52,4.672279270853765
2044,face,FACE_437_355,437,355,3.3665162435068674
2045,face,FACE_96_62,96,62,1.1414454392762974
2046,face,FACE_6_168,6,168,2.840229479833546
2047,face,FACE_440_360,440,360,4.356893267100221
2048,face,FACE_58_215,58,215,5.036186975786185
2049,face,FACE_397_435,397,435,10.424571407480261
2050,face,FACE_465_453,465,453,3.506095949430594
2051,face,FACE_358_327,358,327,3.847144499782892
2052,face,FACE_417_413,417,413,3.6361715717573566
2053,face,FACE_135_169,135,169,3.9415849012128246
2054,face,FACE_125_241,125,241,0.5253932566289079
2055,face,FACE_326_2,326,2,4.126755541340435
2056,face,FACE_291_273,291,273,3.1162850336048984
2057,face,FACE_49_102,49,102,1.4500308420477994
2058,face,FACE_75_240,75,240,0.7832373508025762
2059,face,FACE_61_76,61,76,0.37209310710820703
2060,face,FACE_372_383,372,383,5.253334803777607
2061,face,FACE_205_206,205,206,3.9865374486318204
2062,face,FACE_184_183,184,183,0.7643418819223504
2063,face,FACE_144_110,144,110,2.1659167412825098
2064,face,FACE_23_229,23,229,4.073958241983374
2065,face,FACE_412_419,412,419,3.747638021259402
2066,face,FACE_9_151,9,151,7.629370719483684
2067,face,FACE_62_77,62,77,1.0667523316813419
2068,face,FACE_327_460,327,460,1.504028801006153
2069,face,FACE_325_307,325,307,0.6814930936032886
2070,face,FACE_310_407,310,407,3.109715302278446
2071,face,FACE_329_277,329,277,3.6333488309285604
2072,face,FACE_195_197,195,197,2.7278988996371534
2073,face,FACE_267_302,267,302,1.2056890003419045
2074,face,FACE_10_151,10,151,6.731544543785944
2075,face,FACE_170_140,170,140,3.4142984104150083
2076,face,FACE_28_56,28,56,2.3006829037841863
2077,face,FACE_288_361,288,361,8.62010608789333
2078,face,FACE_363_275,363,275,4.5092839635569755
2079,face,FACE_15_86,15,86,2.8751083497850183
2080,face,FACE_463_362,463,362,1.2191252027274218
2081,face,FACE_209_217,209,217,4.531951277298227
2082,face,FACE_106_204,106,204,3.279051823410531
2083,face,FACE_213_187,213,187,4.948964647685395
2084,face,FACE_386_258,386,258,3.658500609279231
2085,face,FACE_215_147,215,147,9.090301023890303
2086,face,FACE_127_34,127,34,2.5835098189278423
2087,face,FACE_387_259,387,259,2.7196751122416383
2088,face,FACE_71_139,71,139,5.01057149280763
2089,face,FACE_240_60,240,60,1.7957320732355788
2090,face,FACE_432_410,432,410,6.954955506381912
2091,face,FACE_241_141,241,141,1.9779774594960617
2092,face,FACE_214_187,214,187,10.847809697561052
2093,face,FACE_225_53,225,53,3.207951769378485
2094,face,FACE_111_31,111,31,2.8110207044931697
2095,face,FACE_430_422,430,422,4.985299874038862
2096,face,FACE_117_111,117,111,1.750844439101221
2097,face,FACE_182_91,182,91,4.40664863620736
2098,face,FACE_229_23,229,23,4.073958241983374
2099,face,FACE_134_51,134,51,1.9840396701421479
2100,face,FACE_174_236,174,236,2.416164032693297
2101,face,FACE_319_325,319,325,2.328954192050627
2102,face,FACE_419_412,419,412,3.747638021259402
2103,face,FACE_9_285,9,285,6.068676460018955
2104,face,FACE_98_97,98,97,2.8060900567679914
2105,face,FACE_282_443,282,443,2.270324489884089
2106,face,FACE_73_40,73,40,2.3290507662926077
2107,face,FACE_302_12,302,12,3.912133820837984
2108,face,FACE_318_402,318,402,2.8666374355486424
2109,face,FACE_404_405,404,405,1.3732922541461139
2110,face,FACE_275_440,275,440,3.3062555117058214
2111,face,FACE_34_234,34,234,8.031831389281962
2112,face,FACE_65_221,65,221,5.638137844309771
2113,face,FACE_86_15,86,15,2.8751083497850183
2114,face,FACE_405_406,405,406,3.164894368471362
2115,face,FACE_358_294,358,294,2.199143496537878
2116,face,FACE_225_30,225,30,1.5472701819879426
2117,face,FACE_116_123,116,123,5.695247959514931
2118,face,FACE_309_438,309,438,0.9768198957708242
2119,face,FACE_135_136,135,136,4.842560147350624
2120,face,FACE_196_3,196,3,2.4862336400130594
2121,face,FACE_440_363,440,363,2.7364521308860117
2122,face,FACE_272_407,272,407,2.78988832414282
2123,face,FACE_467_466,467,466,2.604001380060239
2124,face,FACE_273_335,273,335,3.7971030819991443
2125,face,FACE_438_439,438,439,3.25349623753067
2126,face,FACE_226_31,226,31,2.5045800203221
2127,face,FACE_110_228,110,228,2.74239560169504
2128,face,FACE_391_327,391,327,4.567123849553401
2129,face,FACE_449_448,449,448,3.617118510118116
2130,face,FACE_197_196,197,196,2.177451147002795
2131,face,FACE_129_98,129,98,2.7632911350083873
2132,face,FACE_61_43,61,43,3.349017098584199
2133,face,FACE_106_194,106,194,5.229372066045099
2134,face,FACE_52_223,52,223,2.463296619609043
2135,face,FACE_237_125,237,125,3.232224518314525
2136,face,FACE_33_246,33,246,0.48739062031988994
2137,face,FACE_341_362,341,362,0.8608546986079985
2138,face,FACE_53_224,53,224,2.1416333695717977
2139,face,FACE_408_272,408,272,3.2644297115887233
2140,face,FACE_45_220,45,220,1.4809097235442825
2141,face,FACE_280_352,280,352,10.384837586254287
2142,face,FACE_351_412,351,412,2.9438906760915624
2143,face,FACE_271_303,271,303,0.8352766617560705
2144,face,FACE_231_230,231,230,2.7999718372003164
2145,face,FACE_267_269,267,269,4.83927283811178
2146,face,FACE_79_218,79,218,1.06174119871736
2147,face,FACE_37_72,37,72,1.2267499626783818
2148,face,FACE_390_339,390,339,2.255530076290946
2149,face,FACE_313_421,313,421,3.9400938858222974
2150,face,FACE_157_173,157,173,1.291150137236231
2151,face,FACE_437_456,437,456,3.5986672255039434
2152,face,FACE_458_250,458,250,0.801299213927365
2153,face,FACE_47_121,47,121,2.5799342561201777
2154,face,FACE_60_240,60,240,1.7957320732355788
2155,face,FACE_412_399,412,399,2.6550166991923643
2156,face,FACE_39_37,39,37,3.1340243928579246
2157,face,FACE_76_184,76,184,1.3293138582509296
2158,face,FACE_123_116,123,116,5.695247959514931
2159,face,FACE_362_398,362,398,0.9513852490894279
2160,face,FACE_309_392,309,392,2.6127781437268887
2161,face,FACE_302_267,302,267,1.2056890003419045
2162,face,FACE_293_298,293,298,6.598414029951493
2163,face,FACE_92_165,92,165,2.732525344762177
2164,face,FACE_4_281,4,281,4.842416181257402
2165,face,FACE_186_92,186,92,2.927160409457428
2166,face,FACE_58_172,58,172,5.45410513801367
2167,face,FACE_3_236,3,236,2.0878260245188027
2168,face,FACE_105_104,105,104,3.29772354883589
2169,face,FACE_178_88,178,88,1.4266305783757034
2170,face,FACE_418_335,418,335,5.941007808100008
2171,face,FACE_395_431,395,431,4.751948742267384
2172,face,FACE_108_109,108,109,6.0328727095927235
2173,face,FACE_428_199,428,199,6.1215895272759555
2174,face,FACE_194_32,194,32,3.806185612633227
2175,face,FACE_99_60,99,60,0.6694752526706665
2176,face,FACE_250_458,250,458,0.801299213927365
2177,face,FACE_97_99,97,99,0.6447252973294602
2178,face,FACE_83_201,83,201,3.743916260045625
2179,face,FACE_98_64,98,64,2.1876746267458906
2180,face,FACE_343_277,343,277,3.038970549551926
2181,face,FACE_35_124,35,124,3.6913604396602056
2182,face,FACE_114_188,114,188,2.5983567114614545
2183,face,FACE_5_281,5,281,2.6235595640323703
2184,face,FACE_440_438,440,438,3.1544802507308214
2185,face,FACE_372_340,372,340,5.7356295721987385
2186,face,FACE_243_189,243,189,2.2331589649417247
2187,face,FACE_90_96,90,96,1.2014864333802378
2188,face,FACE_419_6,419,6,3.482762094488185
2189,face,FACE_323_447,323,447,10.009510841084316
2190,face,FACE_9_108,9,108,8.802868465419046
2191,face,FACE_289_305,289,305,0.8172943141747071
2192,face,FACE_216_92,216,92,3.107230212071165
2193,face,FACE_433_435,433,435,5.963859624408819
2194,face,FACE_212_207,212,207,8.232288429780851
2195,face,FACE_411_416,411,416,9.027671673312291
2196,face,FACE_130_25,130,25,1.5332445151350251
2197,face,FACE_129_209,129,209,3.8574967257365147
2198,face,FACE_441_295,441,295,4.825748922232984
2199,face,FACE_392_439,392,439,1.3567334555739323
2200,face,FACE_91_182,91,182,4.40664863620736
2201,face,FACE_331_279,331,279,1.849714538079376
2202,face,FACE_270_269,270,269,3.6058745174641964
2203,face,FACE_329_355,329,355,4.066091037153401
2204,face,FACE_295_442,295,442,2.693605877982219
2205,face,FACE_241_242,241,242,1.3864259994128876
2206,face,FACE_301_293,301,293,11.005011317365646
2207,face,FACE_18_313,18,313,4.127211615186076
2208,face,FACE_93_227,93,227,8.676025910742387
2209,face,FACE_399_419,399,419,3.0160074578069658
2210,face,FACE_419_248,419,248,2.6643358941543926
2211,face,FACE_303_302,303,302,4.206754590578436
2212,face,FACE_274_275,274,275,2.953583783174089
2213,face,FACE_41_73,41,73,1.0703274294669773
2214,face,FACE_252_256,252,256,2.168616421414418
2215,face,FACE_37_39,37,39,3.1340243928579246
2216,face,FACE_304_303,304,303,3.3624460819739244
2217,face,FACE_156_139,156,139,1.531213410441566
2218,face,FACE_296_299,296,299,7.40771012569289
2219,face,FACE_351_6,351,6,2.805119296967381
2220,face,FACE_242_99,242,99,1.0043858581402465
2221,face,FACE_188_128,188,128,0.40524020506393654
2222,face,FACE_467_446,467,446,4.2434763506002415
2223,face,FACE_371_329,371,329,3.235678311521484
2224,face,FACE_337_336,337,336,7.828632418903741
2225,face,FACE_402_316,402,316,3.3242636869908315
2226,face,FACE_235_59,235,59,0.863696770696361
2227,face,FACE_67_103,67,103,5.268757034529957
2228,face,FACE_125_44,125,44,2.39193557027131
2229,face,FACE_56_173,56,173,3.179640293439663
2230,face,FACE_145_22,145,22,2.48915405581934
2231,face,FACE_464_413,464,413,2.7646915522070237
2232,face,FACE_190_173,190,173,1.3314702827301883
2233,face,FACE_267_393,267,393,3.1319373060068676
2234,face,FACE_319_403,319,403,2.984187848771793
2235,face,FACE_72_37,72,37,1.2267499626783818
2236,face,FACE_232_26,232,26,1.472583111417731
2237,face,FACE_292_306,292,306,0.3828975787780852
2238,face,FACE_403_402,403,402,0.6979186989450903
2239,face,FACE_320_404,320,404,3.2729289493442577
2240,face,FACE_360_440,360,440,4.356893267100221
2241,face,FACE_441_285,441,285,4.2545704853070925
2242,face,FACE_368_301,368,301,6.303432637535336
2243,face,FACE_425_426,425,426,5.295045977674467
2244,face,FACE_2_94,2,94,1.3511400320674183
2245,face,FACE_341_463,341,463,1.2607354273299063
2246,face,FACE_208_199,208,199,4.857678906241173
2247,face,FACE_215_58,215,58,5.036186975786185
2248,face,FACE_407_408,407,408,0.5870014294388044
2249,face,FACE_101_36,101,36,3.3141876112278763
2250,face,FACE_455_305,455,305,2.0296921849712053
2251,face,FACE_400_369,400,369,3.428504381757405
2252,face,FACE_126_129,126,129,5.842536446454175
2253,face,FACE_233_112,233,112,1.3180521245095813
2254,face,FACE_412_343,412,343,3.2894084606139993
2255,face,FACE_458_459,458,459,1.82909978782773
2256,face,FACE_63_46,63,46,3.742057061298687
2257,face,FACE_135_214,135,214,6.300943167334197
2258,face,FACE_421_428,421,428,4.330967973577537
2259,face,FACE_86_178,86,178,1.7859105365611374
2260,face,FACE_449_346,449,346,6.748836181622709
2261,face,FACE_301_368,301,368,6.303432637535336
2262,face,FACE_137_116,137,116,8.085410322232217
2263,face,FACE_450_347,450,347,6.350550148797976
2264,face,FACE_237_239,237,239,1.064984101954752
2265,face,FACE_83_181,83,181,4.8654946926858065
2266,face,FACE_170_149,170,149,4.044736287272553
2267,face,FACE_243_133,243,133,0.535885335582858
2268,face,FACE_384_258,384,258,3.6041495398093293
2269,face,FACE_370_94,370,94,1.1277829017810532
2270,face,FACE_208_32,208,32,3.771408112665365
2271,face,FACE_40_39,40,39,2.2451280458358447
2272,face,FACE_155_26,155,26,1.7157886494309866
2273,face,FACE_207_216,207,216,3.312383661051309
2274,face,FACE_213_147,213,147,5.3838925968280265
2275,face,FACE_453_357,453,357,1.8052083161891714
2276,face,FACE_11_12,11,12,1.0153787142375423
2277,face,FACE_71_63,71,63,3.286923961783555
2278,face,FACE_290_250,290,250,3.2049714590722926
2279,face,FACE_128_188,128,188,0.40524020506393654
2280,face,FACE_409_287,409,287,4.361246079915365
2281,face,FACE_268_311,268,311,3.472185394796452
2282,face,FACE_334_293,334,293,6.09269172306117
2283,face,FACE_440_274,440,274,4.237436013669515
2284,face,FACE_44_45,44,45,2.892874643448953
2285,face,FACE_98_165,98,165,4.651828733520147
2286,face,FACE_304_270,304,270,0.764347983529194
2287,face,FACE_22_26,22,26,1.959812807447796
2288,face,FACE_455_439,455,439,1.065917007185627
2289,face,FACE_74_73,74,73,1.9251866009850993
2290,face,FACE_66_69,66,69,5.025981212614976
2291,face,FACE_31_111,31,111,2.8110207044931697
2292,face,FACE_131_198,131,198,2.7259421899601244
2293,face,FACE_184_61,184,61,1.5096659774535461
2294,face,FACE_28_222,28,222,1.642894105609783
2295,face,FACE_410_287,410,287,3.8531141804324656
2296,face,FACE_436_425,436,425,7.5691429388336395
2297,face,FACE_409_408,409,408,0.5991070748608712
2298,face,FACE_223_52,223,52,2.463296619609043
2299,face,FACE_428_421,428,421,4.330967973577537
2300,face,FACE_376_411,376,411,6.438584170526546
2301,face,FACE_141_19,141,19,1.03212712510881
2302,face,FACE_144_24,144,24,1.7867511044297577
2303,face,FACE_123_50,123,50,2.6521225226644116
2304,face,FACE_142_100,142,100,2.9115677113891545
2305,face,FACE_442_441,442,441,4.2579482471024415
2306,face,FACE_421_418,421,418,5.790330793093539
2307,face,FACE_448_255,448,255,2.9512855264754156
2308,face,FACE_138_215,138,215,5.0716566848244
2309,face,FACE_443_442,443,442,3.8083898884272482
2310,face,FACE_62_76,62,76,0.3917528005518576
2311,face,FACE_355_329,355,329,4.066091037153401
2312,face,FACE_375_307,375,307,0.7209504462281738
2313,face,FACE_227_143,227,143,8.56709317133967
2314,face,FACE_20_79,20,79,2.9810339594299045
2315,face,FACE_39_92,39,92,3.961945294079628
2316,face,FACE_24_229,24,229,2.7569432824996682
2317,face,FACE_250_392,250,392,5.458781254310749
2318,face,FACE_219_59,219,59,1.6038643905741288
2319,face,FACE_36_203,36,203,3.6305246100642603
2320,face,FACE_223_29,223,29,2.335228063555445
2321,face,FACE_209_131,209,131,0.9709416116730751
2322,face,FACE_328_460,328,460,4.214462371714363
2323,face,FACE_206_205,206,205,3.9865374486318204
2324,face,FACE_347_330,347,330,6.121994507612027
2325,face,FACE_306_292,306,292,0.3828975787780852
2326,face,FACE_2_326,2,326,4.126755541340435
2327,face,FACE_184_74,184,74,1.6109528939199504
2328,face,FACE_457_461,457,461,2.6022145093304356
2329,face,FACE_228_229,228,229,1.7863912394510701
2330,face,FACE_368_389,368,389,5.748209623243201
2331,face,FACE_239_238,239,238,1.5858012891078268
2332,face,FACE_85_180,85,180,2.33685937952858
2333,face,FACE_137_227,137,227,6.079159635505132
2334,face,FACE_171_140,171,140,3.956104513730547
2335,face,FACE_210_211,210,211,3.8866733897551367
2336,face,FACE_138_192,138,192,5.53247913729829
2337,face,FACE_77_96,77,96,0.6897026946140407
2338,face,FACE_458_462,458,462,1.1068745663146986
2339,face,FACE_344_440,344,440,3.5112398771322413
2340,face,FACE_11_267,11,267,4.1526442732282485
2341,face,FACE_242_20,242,20,0.5651853987322484
2342,face,FACE_126_217,126,217,2.543451013270335
2343,face,FACE_243_244,243,244,0.9013759125016714
2344,face,FACE_324_318,324,318,2.1997148594759515
2345,face,FACE_211_32,211,32,3.491829640478306
2346,face,FACE_55_193,55,193,4.677905176506606
2347,face,FACE_395_378,395,378,4.135489677355328
2348,face,FACE_202_212,202,212,4.092085645927305
2349,face,FACE_360_420,360,420,1.9991696292328214
2350,face,FACE_325_319,325,319,2.328954192050627
2351,face,FACE_457_438,457,438,3.206713613375603
2352,face,FACE_40_186,40,186,3.4490703402936695
2353,face,FACE_276_283,276,283,4.774582353781473
2354,face,FACE_294_331,294,331,1.685412243927158
2355,face,FACE_242_141,242,141,0.6646207408278662
2356,face,FACE_187_205,187,205,5.159512528967271
2357,face,FACE_396_199,396,199,8.027462095658207
2358,face,FACE_268_13,268,13,3.4843197555457985
2359,face,FACE_292_407,292,407,2.0618377863450563
2360,face,FACE_298_301,298,301,7.226163337355498
2361,face,FACE_404_319,404,319,2.9715317809701345
2362,face,FACE_9_55,9,55,5.091629269374763
2363,face,FACE_370_326,370,326,4.085424054130417
2364,face,FACE_68_104,68,104,4.24212745147042
2365,face,FACE_281_248,281,248,2.7542241848869633
2366,face,FACE_230_23,230,23,2.3008287550607935
2367,face,FACE_74_184,74,184,1.6109528939199504
2368,face,FACE_320_325,320,325,2.060374792223761
2369,face,FACE_141_94,141,94,0.9371166802838269
2370,face,FACE_60_20,60,20,0.7967993534969037
2371,face,FACE_97_167,97,167,2.6224084781008044
2372,face,FACE_104_63,104,63,5.578026770210025
2373,face,FACE_283_443,283,443,5.51332749920592
2374,face,FACE_69_105,69,105,6.588632876890286
2375,face,FACE_300_383,300,383,5.058579219469469
2376,face,FACE_48_131,48,131,3.2544527099117415
2377,face,FACE_401_435,401,435,6.843565567564221
2378,face,FACE_74_40,74,40,0.840019240030026
2379,face,FACE_258_386,258,386,3.658500609279231
2380,face,FACE_86_14,86,14,3.1683370218294784
2381,face,FACE_364_367,364,367,6.700663611022883
2382,face,FACE_432_422,432,422,4.7715855277599974
2383,face,FACE_424_418,424,418,5.133969136264804
2384,face,FACE_177_132,177,132,4.255235894166836
2385,face,FACE_282_334,282,334,2.4032535960722052
2386,face,FACE_329_266,329,266,5.876998003574484
2387,face,FACE_394_395,394,395,6.151413655574301
2388,face,FACE_372_264,372,264,6.616898834289643
2389,face,FACE_430_434,430,434,7.330139509594563
2390,face,FACE_117_123,117,123,8.550031384906298
2391,face,FACE_88_96,88,96,1.581690135441034
2392,face,FACE_180_179,180,179,1.1466611436439291
2393,face,FACE_406_405,406,405,3.164894368471362
2394,face,FACE_45_134,45,134,1.8383169965764494
2395,face,FACE_53_223,53,223,3.6647419089454982
2396,face,FACE_91_106,91,106,2.8153209751123685
2397,face,FACE_271_302,271,302,4.063412183703119
2398,face,FACE_283_276,283,276,4.774582353781473
2399,face,FACE_76_62,76,62,0.3917528005518576
2400,face,FACE_236_51,236,51,0.9311001542076204
2401,face,FACE_96_77,96,77,0.6897026946140407
2402,face,FACE_8_193,8,193,3.809053143953953
2403,face,FACE_247_246,247,246,1.9856236944738779
2404,face,FACE_368_356,368,356,10.554153700617599
2405,face,FACE_100_47,100,47,2.936858350255006
2406,face,FACE_279_278,279,278,1.601428036863652
2407,face,FACE_452_349,452,349,3.3236192491576073
2408,face,FACE_379_365,379,365,7.729649256668451
2409,face,FACE_38_72,38,72,1.1819586434718348
2410,face,FACE_399_343,399,343,3.6047428220280766
2411,face,FACE_257_259,257,259,3.0822019007208783
2412,face,FACE_377_175,377,175,8.203247740956105
2413,face,FACE_249_255,249,255,2.210263844376171
2414,face,FACE_354_457,354,457,3.4628424678895295
2415,face,FACE_239_241,239,241,1.7382866296945763
2416,face,FACE_312_311,312,311,3.3048777534876583
2417,face,FACE_150_169,150,169,4.5205001889783905
2418,face,FACE_157_28,157,28,3.921922967354489
2419,face,FACE_182_201,182,201,5.2800537583265115
2420,face,FACE_19_94,19,94,1.4227130328468849
2421,face,FACE_39_72,39,72,3.0609872260727684
2422,face,FACE_4_51,4,51,3.048770363983566
2423,face,FACE_97_242,97,242,1.301959305207193
2424,face,FACE_290_328,290,328,0.8660967171642314
2425,face,FACE_336_295,336,295,6.3611713650252515
2426,face,FACE_194_211,194,211,3.578507530109859
2427,face,FACE_293_333,293,333,6.924155539990961
2428,face,FACE_340_265,340,265,3.7798462937557034
2429,face,FACE_25_110,25,110,0.9659743972348845
2430,face,FACE_291_409,291,409,2.152907041827837
2431,face,FACE_445_467,445,467,2.304323467319808
2432,face,FACE_366_323,366,323,5.236710352267895
2433,face,FACE_46_53,46,53,2.5734977197895716
2434,face,FACE_278_439,278,439,1.4692478995420213
2435,face,FACE_65_66,65,66,2.136938554108202
2436,face,FACE_430_424,430,424,7.22334536681046
2437,face,FACE_68_71,68,71,4.768387701500508
2438,face,FACE_5_51,5,51,2.0978186535276966
2439,face,FACE_30_224,30,224,2.4018542928653273
2440,face,FACE_186_212,186,212,4.588314692848306
2441,face,FACE_138_172,138,172,5.043518701123342
2442,face,FACE_98_99,98,99,2.4179888545341366
2443,face,FACE_85_16,85,16,3.0858068892303367
2444,face,FACE_431_424,431,424,4.222001957151689
2445,face,FACE_244_189,244,189,2.7646258392923477
2446,face,FACE_290_305,290,305,2.109223441179633
2447,face,FACE_454_264,454,264,9.77925001667277
2448,face,FACE_373_339,373,339,3.6637497985008896
2449,face,FACE_240_75,240,75,0.7832373508025762
2450,face,FACE_445_444,445,444,3.514608473154654
2451,face,FACE_112_155,112,155,0.7699716379290061
2452,face,FACE_392_438,392,438,2.175652787865449
2453,face,FACE_135_138,135,138,3.627229285645505
2454,face,FACE_216_212,216,212,5.91445821542239
2455,face,FACE_122_168,122,168,4.722406214658796
2456,face,FACE_26_231,26,231,3.1170146998228745
2457,face,FACE_129_64,129,64,1.0613835949003132
2458,face,FACE_446_265,446,265,3.8023429144389227
2459,face,FACE_203_129,203,129,3.1059841672911594
2460,face,FACE_143_227,143,227,8.56709317133967
2461,face,FACE_457_274,457,274,2.6161474346588296
2462,face,FACE_220_218,220,218,2.3087313050460527
2463,face,FACE_18_83,18,83,3.234240435596463
2464,face,FACE_357_452,357,452,3.399895322001258
2465,face,FACE_277_343,277,343,3.038970549551926
2466,face,FACE_270_304,270,304,0.764347983529194
2467,face,FACE_261_255,261,255,3.6099227485706433
2468,face,FACE_41_72,41,72,2.277347882958945
2469,face,FACE_393_2,393,2,5.267808761997325
2470,face,FACE_231_232,231,232,2.329805553228746
2471,face,FACE_16_15,16,15,1.2874490950430828
2472,face,FACE_261_340,261,340,4.302605220342839
2473,face,FACE_448_346,448,346,3.923619321198213
2474,face,FACE_381_256,381,256,1.2467731880656117
2475,face,FACE_467_445,467,445,2.304323467319808
2476,face,FACE_393_267,393,267,3.1319373060068676
2477,face,FACE_17_16,17,16,1.5319387784911802
2478,face,FACE_262_421,262,421,7.664479113135011
2479,face,FACE_296_334,296,334,6.534995243728929
2480,face,FACE_49_48,49,48,1.4297216943382163
2481,face,FACE_297_299,297,299,6.6709878101714075
2482,face,FACE_182_83,182,83,3.181181484773154
2483,face,FACE_227_234,227,234,4.0382670254957045
2484,face,FACE_201_182,201,182,5.2800537583265115
2485,face,FACE_374_253,374,253,1.4356227444168708
2486,face,FACE_27_29,27,29,2.147766546076752
2487,face,FACE_403_316,403,316,3.5034548415796407
2488,face,FACE_148_175,148,175,4.728484840393931
2489,face,FACE_213_192,213,192,3.296900107627293
2490,face,FACE_219_235,219,235,1.0198436353615579
2491,face,FACE_63_104,63,104,5.578026770210025
2492,face,FACE_104_105,104,105,3.29772354883589
2493,face,FACE_256_382,256,382,1.3784949183348603
2494,face,FACE_128_233,128,233,0.9572764417414859
2495,face,FACE_302_269,302,269,4.585602456957252
2496,face,FACE_293_300,293,300,5.745141688832316
2497,face,FACE_59_219,59,219,1.6038643905741288
2498,face,FACE_465_412,465,412,2.063351212019603
2499,face,FACE_423_266,423,266,4.192330681268956
2500,face,FACE_260_388,260,388,2.620252715845715
2501,face,FACE_307_320,307,320,2.4570493625218854
2502,face,FACE_113_226,113,226,2.6393279363440176
2503,face,FACE_51_134,51,134,1.9840396701421479
2504,face,FACE_446_255,446,255,4.077731076579201
2505,face,FACE_47_100,47,100,2.936858350255006
2506,face,FACE_147_187,147,187,1.163137774337012
2507,face,FACE_460_455,460,455,1.1148366702185346
2508,face,FACE_151_337,151,337,7.253090649882607
2509,face,FACE_165_92,165,92,2.732525344762177
2510,face,FACE_263_255,263,255,1.719862209198893
2511,face,FACE_182_181,182,181,3.1870895247504767
2512,face,FACE_442_257,442,257,3.9953966222842303
2513,face,FACE_389_251,389,251,7.230180907183552
2514,face,FACE_60_75,60,75,1.2087525026151869
2515,face,FACE_57_186,57,186,3.1831089114423206
2516,face,FACE_258_441,258,441,4.925300133076877
2517,face,FACE_413_464,413,464,2.7646915522070237
2518,face,FACE_339_249,339,249,1.888325263764244
2519,face,FACE_131_220,131,220,0.6219884876796997
2520,face,FACE_376_433,376,433,5.800961281638217
2521,face,FACE_235_48,235,48,2.086541874591089
2522,face,FACE_112_243,112,243,1.2337781020680298
2523,face,FACE_312_268,312,268,0.6432002071827009
2524,face,FACE_84_181,84,181,2.6112090234888927
2525,face,FACE_238_239,238,239,1.5858012891078268
2526,face,FACE_102_49,102,49,1.4500308420477994
2527,face,FACE_456_281,456,281,3.9568086535069273
2528,face,FACE_40_74,40,74,0.840019240030026
2529,face,FACE_352_340,352,340,10.250204683798119
2530,face,FACE_299_334,299,334,7.622955833563431
2531,face,FACE_31_25,31,25,2.5375156943931247
2532,face,FACE_212_186,212,186,4.588314692848306
2533,face,FACE_271_272,271,272,3.1159093271527176
2534,face,FACE_425_330,425,330,7.800937550169523
2535,face,FACE_51_3,51,3,2.920000478513193
2536,face,FACE_303_304,303,304,3.3624460819739244
2537,face,FACE_314_313,314,313,3.630904383984456
2538,face,FACE_254_448,254,448,5.470119560253482
2539,face,FACE_360_429,360,429,2.8780664015613544
2540,face,FACE_316_14,316,14,3.535262780612952
2541,face,FACE_180_90,180,90,1.6826615329073753
2542,face,FACE_233_245,233,245,1.7257574748574764
2543,face,FACE_295_336,295,336,6.3611713650252515
2544,face,FACE_336_337,336,337,7.828632418903741
2545,face,FACE_101_205,101,205,7.642435491665227
2546,face,FACE_28_221,28,221,3.149576191722287
2547,face,FACE_315_314,315,314,1.5470926958333475
2548,face,FACE_341_452,341,452,2.07140251962044
2549,face,FACE_67_69,67,69,4.902083829560125
2550,face,FACE_318_325,318,325,2.67849500502967
2551,face,FACE_144_23,144,23,2.4187547130241476
2552,face,FACE_337_338,337,338,6.921872810122561
2553,face,FACE_348_347,348,347,5.877600898392269
2554,face,FACE_275_363,275,363,4.5092839635569755
2555,face,FACE_147_177,147,177,3.242824739082788
2556,face,FACE_181_90,181,90,2.3957534068736375
2557,face,FACE_366_401,366,401,7.212676217066522
2558,face,FACE_218_237,218,237,0.7703695620572807
2559,face,FACE_63_71,63,71,3.286923961783555
2560,face,FACE_338_10,338,10,8.583505273765876
2561,face,FACE_402_403,402,403,0.6979186989450903
2562,face,FACE_375_306,375,306,1.8820549124469366
2563,face,FACE_72_39,72,39,3.0609872260727684
2564,face,FACE_24_228,24,228,3.558334667184861
2565,face,FACE_292_308,292,308,0.39868363577921034
2566,face,FACE_403_404,403,404,1.0871773756191565
2567,face,FACE_61_146,61,146,1.4453552857752272
2568,face,FACE_369_262,369,262,4.297050824538899
2569,face,FACE_395_400,395,400,8.133521238542233
2570,face,FACE_165_203,165,203,4.641461122028038
2571,face,FACE_430_394,430,394,5.45037405350731
2572,face,FACE_75_166,75,166,1.545237981832386
2573,face,FACE_110_7,110,7,1.894190736972638
2574,face,FACE_281_5,281,5,2.6235595640323703
2575,face,FACE_207_205,207,205,5.513478515836165
2576,face,FACE_112_233,112,233,1.3180521245095813
2577,face,FACE_198_236,198,236,2.4376163603277132
2578,face,FACE_227_34,227,34,6.034236288538244
2579,face,FACE_458_461,458,461,0.9044268937376527
2580,face,FACE_129_142,129,142,3.237458988638261
2581,face,FACE_334_282,334,282,2.4032535960722052
2582,face,FACE_201_18,201,18,5.37694021635046
2583,face,FACE_33_25,33,25,1.571205661216057
2584,face,FACE_166_60,166,60,2.6623218083771985
2585,face,FACE_251_284,251,284,8.236279595346446
2586,face,FACE_226_111,226,111,4.925619215472803
2587,face,FACE_169_214,169,214,9.98866018410064
2588,face,FACE_325_318,325,318,2.67849500502967
2589,face,FACE_450_349,450,349,4.224757602159729
2590,face,FACE_40_185,40,185,1.7621774157508792
