id,category,mediapipe_length_desc,from_landmark_index,to_landmark_index,pixel_length,length_cm,ratio,alt_cm,notes
0,pose,POSE_15_21,15,21,83.38313825345317
1,pose,POSE_16_20,16,20,34.15839482243963
2,pose,POSE_18_20,18,20,37.89258283101959
3,pose,POSE_3_7,3,7,29.519754014748752
4,pose,POSE_14_16,14,16,157.84019896121399
5,pose,POSE_23_25,23,25,379.88946549777927
6,pose,POSE_28_30,28,30,21.609365623752137
7,pose,POSE_11_23,11,23,464.9957456817075
8,pose,POSE_27_31,27,31,155.7176099173157
9,pose,POSE_6_8,6,8,28.275412679050927
10,pose,POSE_15_17,15,17,60.592919285883056
11,pose,POSE_24_26,24,26,90.5077341870852
12,pose,POSE_16_22,16,22,34.83440473452151
13,pose,POSE_4_5,4,5,16.062671324086608
14,pose,POSE_5_6,5,6,13.403362756896142
15,pose,POSE_29_31,29,31,129.37930497140653
16,pose,POSE_12_24,12,24,480.71818862979467
17,pose,POSE_23_24,23,24,227.50614207817907
18,pose,POSE_0_1,0,1,45.998381094828254
19,pose,POSE_9_10,9,10,51.49556707984417
20,pose,POSE_1_2,1,2,14.050366592080392
21,pose,POSE_0_4,0,4,43.90005335847161
22,pose,POSE_11_13,11,13,348.86327669187284
23,pose,POSE_30_32,30,32,74.0338923543912
24,pose,POSE_28_32,28,32,95.31781292605154
25,pose,POSE_15_19,15,19,102.56533233880931
26,pose,POSE_16_18,16,18,60.095837869866
27,pose,POSE_25_27,25,27,506.08715257891924
28,pose,POSE_26_28,26,28,186.59822958067346
29,pose,POSE_12_14,12,14,287.2787649438494
30,pose,POSE_17_19,17,19,57.40261543148374
31,pose,POSE_2_3,2,3,17.161657223959082
32,pose,POSE_11_12,11,12,392.79298260903374
33,pose,POSE_27_29,27,29,76.7577236427532
34,pose,POSE_13_15,13,15,184.4917210289244
35,face,FACE_18_17,18,17,7.33638423346718
36,face,FACE_82_38,82,38,2.4297846341410425
37,face,FACE_8_9,8,9,10.649215786134329
38,face,FACE_456_248,456,248,7.02447373529246
39,face,FACE_167_2,167,2,12.928220317244248
40,face,FACE_303_271,303,271,3.1234001747101363
41,face,FACE_69_104,69,104,19.94384464287401
42,face,FACE_253_450,253,450,5.291989715523632
43,face,FACE_41_42,41,42,5.761179332087029
44,face,FACE_315_16,315,16,10.17939154773967
45,face,FACE_73_74,73,74,6.515066641531946
46,face,FACE_339_373,339,373,7.842451174710342
47,face,FACE_258_385,258,385,6.747449778219896
48,face,FACE_105_63,105,63,14.049064679945264
49,face,FACE_219_48,219,48,3.5830452506677566
50,face,FACE_304_272,304,272,2.7275334417019743
51,face,FACE_236_217,236,217,4.927085808750502
52,face,FACE_231_22,231,22,4.995550724607284
53,face,FACE_85_84,85,84,4.6523692927154
54,face,FACE_365_367,365,367,24.375002584471428
55,face,FACE_237_218,237,218,5.343356944043249
56,face,FACE_243_112,243,112,3.7223686941972836
57,face,FACE_436_427,436,427,12.645049883069289
58,face,FACE_409_410,409,410,10.696180114395602
59,face,FACE_248_456,248,456,7.02447373529246
60,face,FACE_330_266,330,266,11.284071616352804
61,face,FACE_136_135,136,135,11.936552095340597
62,face,FACE_88_95,88,95,4.008984466303869
63,face,FACE_394_430,394,430,11.884299482528181
64,face,FACE_107_108,107,108,22.03157982858599
65,face,FACE_118_117,118,117,11.11900790359226
66,face,FACE_439_438,439,438,5.193732697093924
67,face,FACE_442_443,442,443,10.130589241506291
68,face,FACE_260_466,260,466,7.650322136987898
69,face,FACE_115_48,115,48,6.032945012429093
70,face,FACE_342_276,342,276,9.56148333841814
71,face,FACE_121_128,121,128,7.701111752767368
72,face,FACE_200_421,200,421,13.21159421186447
73,face,FACE_113_124,113,124,7.312323676516794
74,face,FACE_132_137,132,137,25.419203790714413
75,face,FACE_23_230,23,230,6.274814722884027
76,face,FACE_343_357,343,357,3.491174733438548
77,face,FACE_443_444,443,444,9.087319538359196
78,face,FACE_62_78,62,78,1.1077276366810582
79,face,FACE_26_155,26,155,4.744742280221402
80,face,FACE_228_110,228,110,8.77518718742038
81,face,FACE_432_434,432,434,10.966158872874702
82,face,FACE_364_379,364,379,24.803761254253587
83,face,FACE_325_308,325,308,3.7468420775802307
84,face,FACE_424_430,424,430,15.157384777627815
85,face,FACE_36_205,36,205,16.506225595630024
86,face,FACE_363_420,363,420,4.043096915127643
87,face,FACE_21_162,21,162,17.68972018011978
88,face,FACE_328_462,328,462,5.61209929442139
89,face,FACE_419_351,419,351,7.864137743368576
90,face,FACE_366_345,366,345,23.526232689855465
91,face,FACE_193_8,193,8,12.986430244418175
92,face,FACE_363_456,363,456,7.216783206867435
93,face,FACE_183_80,183,80,6.364149671439349
94,face,FACE_307_375,307,375,2.1472320348042793
95,face,FACE_94_2,94,2,2.330905418235874
96,face,FACE_333_284,333,284,19.70995411754021
97,face,FACE_17_313,17,313,14.950044435905024
98,face,FACE_185_40,185,40,5.52477483839708
99,face,FACE_44_1,44,1,6.322784301864581
100,face,FACE_291_287,291,287,10.464546266234144
101,face,FACE_411_352,411,352,22.95565905083918
102,face,FACE_20_238,20,238,1.5625183398862255
103,face,FACE_59_166,59,166,1.4570051756020908
104,face,FACE_272_310,272,310,2.049267856057215
105,face,FACE_420_437,420,437,6.879500556324974
106,face,FACE_387_260,387,260,9.398669795645434
107,face,FACE_130_226,130,226,6.931642026298701
108,face,FACE_51_45,51,45,9.75393981090582
109,face,FACE_175_377,175,377,17.764259738917538
110,face,FACE_202_214,202,214,17.860352989784456
111,face,FACE_353_383,353,383,6.770745359889235
112,face,FACE_339_448,339,448,7.803768490353985
113,face,FACE_291_408,291,408,5.172010499167141
114,face,FACE_466_260,466,260,7.650322136987898
115,face,FACE_264_454,264,454,21.236852200786988
116,face,FACE_457_440,457,440,6.222929184553469
117,face,FACE_355_429,355,429,5.675972714823042
118,face,FACE_96_89,96,89,4.441448828500437
119,face,FACE_128_121,128,121,7.701111752767368
120,face,FACE_187_207,187,207,11.965399965281684
121,face,FACE_360_278,360,278,9.54194180166429
122,face,FACE_306_307,306,307,4.427822777124501
123,face,FACE_446_467,446,467,9.623366537868431
124,face,FACE_165_39,165,39,7.5869065677959915
125,face,FACE_337_151,337,151,20.669850874308125
126,face,FACE_168_193,168,193,8.478067136542823
127,face,FACE_73_41,73,41,3.216605296872691
128,face,FACE_318_403,318,403,5.0757719684979685
129,face,FACE_263_467,263,467,6.048023883414072
130,face,FACE_283_445,283,445,8.805979413976027
131,face,FACE_74_42,74,42,2.8226381031541403
132,face,FACE_201_83,201,83,9.816745414107027
133,face,FACE_65_222,65,222,6.205239672001076
134,face,FACE_37_11,37,11,11.011010200177493
135,face,FACE_429_355,429,355,5.675972714823042
136,face,FACE_272_408,272,408,7.120419256442493
137,face,FACE_179_180,179,180,3.6621191069354446
138,face,FACE_100_36,100,36,17.248197904784647
139,face,FACE_158_157,158,157,6.967787360452883
140,face,FACE_438_440,438,440,6.728370735245661
141,face,FACE_358_331,358,331,1.1743167088335917
142,face,FACE_281_456,281,456,6.261273532952598
143,face,FACE_136_138,136,138,24.509529825888574
144,face,FACE_314_404,314,404,10.658830189399513
145,face,FACE_417_8,417,8,15.398049800713373
146,face,FACE_34_127,34,127,4.245454237462096
147,face,FACE_367_416,367,416,14.904333974613369
148,face,FACE_180_181,180,181,4.146829575170473
149,face,FACE_426_322,426,322,12.139976316515
150,face,FACE_419_197,419,197,6.9843409460000005
151,face,FACE_457_309,457,309,3.1045420958802534
152,face,FACE_215_138,215,138,16.91584114580302
153,face,FACE_242_241,242,241,2.2272790923710053
154,face,FACE_33_247,33,247,6.117210486367883
155,face,FACE_53_225,53,225,9.106255323792835
156,face,FACE_126_209,126,209,5.649615249514029
157,face,FACE_467_359,467,359,5.13306043647736
158,face,FACE_224_223,224,223,9.775395062309778
159,face,FACE_271_304,271,304,8.263770529378
160,face,FACE_97_2,97,2,9.565173722426515
161,face,FACE_183_191,183,191,2.0276560591067576
162,face,FACE_202_204,202,204,12.400418164902316
163,face,FACE_95_78,95,78,4.9630318483808455
164,face,FACE_246_247,246,247,7.008945443564415
165,face,FACE_177_147,177,147,9.85160602765072
166,face,FACE_357_343,357,343,3.491174733438548
167,face,FACE_65_55,65,55,20.50489768110193
168,face,FACE_116_137,116,137,23.56696268185273
169,face,FACE_135_150,135,150,25.220029959836342
170,face,FACE_382_256,382,256,3.9467118259028977
171,face,FACE_199_171,199,171,18.550874819774542
172,face,FACE_298_293,298,293,15.213112496053295
173,face,FACE_16_315,16,315,10.17939154773967
174,face,FACE_204_106,204,106,9.459988141486594
175,face,FACE_149_170,149,170,10.334885839778789
176,face,FACE_150_135,150,135,25.220029959836342
177,face,FACE_403_315,403,315,9.036131671200296
178,face,FACE_61_57,61,57,7.8302540435656685
179,face,FACE_205_187,205,187,20.140176380861416
180,face,FACE_44_4,44,4,10.712035019979258
181,face,FACE_358_429,358,429,11.446323234482072
182,face,FACE_277_355,277,355,7.38743295245164
183,face,FACE_438_309,438,309,2.8109841332496015
184,face,FACE_42_80,42,80,2.1981459497005993
185,face,FACE_236_174,236,174,6.837206353363899
186,face,FACE_128_232,128,232,7.422375147778571
187,face,FACE_302_268,302,268,3.8440935880304283
188,face,FACE_313_314,313,314,7.513201729867536
189,face,FACE_240_64,240,64,6.210300175981095
190,face,FACE_291_375,291,375,4.937477802874502
191,face,FACE_260_387,260,387,9.398669795645434
192,face,FACE_113_225,113,225,7.172340977433418
193,face,FACE_107_65,107,65,17.67484899409712
194,face,FACE_247_225,247,225,6.48789710474369
195,face,FACE_346_347,346,347,10.491072979216993
196,face,FACE_44_125,44,125,5.291079719612544
197,face,FACE_378_379,378,379,11.994463714852156
198,face,FACE_466_263,466,263,2.6606234797492054
199,face,FACE_250_459,250,459,6.205331119577287
200,face,FACE_50_205,50,205,15.071898093840556
201,face,FACE_111_35,111,35,10.562484329094127
202,face,FACE_76_77,76,77,4.3240784738211895
203,face,FACE_122_193,122,193,8.470026940827614
204,face,FACE_209_198,209,198,6.927386226687695
205,face,FACE_201_194,201,194,13.024707032607063
206,face,FACE_408_407,408,407,2.1633783655146956
207,face,FACE_285_336,285,336,10.161232056013167
208,face,FACE_2_393,2,393,12.825575319998062
209,face,FACE_243_190,243,190,5.586064385555047
210,face,FACE_336_9,336,9,17.285465443336125
211,face,FACE_234_227,234,227,4.282449748079328
212,face,FACE_293_276,293,276,10.908581558129804
213,face,FACE_221_28,221,28,13.612345968463822
214,face,FACE_57_185,57,185,10.597290659507655
215,face,FACE_217_174,217,174,7.742239737859754
216,face,FACE_131_134,131,134,8.108801701177342
217,face,FACE_344_278,344,278,5.738039854825566
218,face,FACE_343_399,343,399,4.983568328249499
219,face,FACE_28_158,28,158,7.284730416464489
220,face,FACE_128_245,128,245,7.74351074679925
221,face,FACE_463_464,463,464,4.612161310651844
222,face,FACE_443_257,443,257,4.0319654692704905
223,face,FACE_394_364,394,364,14.635919013876041
224,face,FACE_164_167,164,167,10.593447457904729
225,face,FACE_10_109,10,109,24.490551651716807
226,face,FACE_196_236,196,236,12.798658925219353
227,face,FACE_429_358,429,358,11.446323234482072
228,face,FACE_174_217,174,217,7.742239737859754
229,face,FACE_452_341,452,341,5.569240516382564
230,face,FACE_2_370,2,370,4.20221908666002
231,face,FACE_84_180,84,180,10.656725266481935
232,face,FACE_320_307,320,307,5.056571823586848
233,face,FACE_0_37,0,37,10.130125440051373
234,face,FACE_250_328,250,328,4.677357468981972
235,face,FACE_101_119,101,119,9.107702626657012
236,face,FACE_41_74,41,74,7.735470257654442
237,face,FACE_399_456,399,456,6.829781802544768
238,face,FACE_13_12,13,12,2.28322885534888
239,face,FACE_218_115,218,115,4.308184632634986
240,face,FACE_343_412,343,412,8.256649633347031
241,face,FACE_16_17,16,17,4.68700119395503
242,face,FACE_55_8,55,8,15.01609228417158
243,face,FACE_107_55,107,55,10.774644772870511
244,face,FACE_153_22,153,22,4.485054574753159
245,face,FACE_440_344,440,344,5.918245571477244
246,face,FACE_393_269,393,269,13.755356875468754
247,face,FACE_364_434,364,434,17.377077880590722
248,face,FACE_38_41,38,41,7.466718886317569
249,face,FACE_296_336,296,336,16.654889991061335
250,face,FACE_68_63,68,63,11.292570861585219
251,face,FACE_402_317,402,317,6.996503442443336
252,face,FACE_456_437,456,437,4.598149767324165
253,face,FACE_253_374,253,374,4.06654807481637
254,face,FACE_254_339,254,339,6.02930111809441
255,face,FACE_67_104,67,104,25.002251726679148
256,face,FACE_392_309,392,309,3.9120418551720233
257,face,FACE_145_23,145,23,4.5804768255602335
258,face,FACE_63_70,63,70,11.612547701614654
259,face,FACE_403_318,403,318,5.0757719684979685
260,face,FACE_127_234,127,234,19.512145702226718
261,face,FACE_415_292,415,292,6.059196540285247
262,face,FACE_54_21,54,21,18.815832170685464
263,face,FACE_168_6,168,6,7.9716961344314585
264,face,FACE_72_38,72,38,3.892934719650881
265,face,FACE_204_194,204,194,11.766395857425312
266,face,FACE_83_84,83,84,8.018855211987566
267,face,FACE_282_293,282,293,15.792223255485327
268,face,FACE_302_271,302,271,9.166781780068758
269,face,FACE_120_231,120,231,5.803429406117924
270,face,FACE_434_427,434,427,24.763880236722542
271,face,FACE_320_405,320,405,8.723707523671582
272,face,FACE_426_423,426,423,11.823893356463657
273,face,FACE_441_286,441,286,5.805964074817848
274,face,FACE_145_144,145,144,6.42497677650598
275,face,FACE_341_464,341,464,7.211075465994873
276,face,FACE_208_200,208,200,18.447063485033638
277,face,FACE_250_462,250,462,2.0272829725945813
278,face,FACE_112_232,112,232,6.804071229044792
279,face,FACE_258_286,258,286,7.171667838781634
280,face,FACE_418_424,418,424,11.36555697401391
281,face,FACE_160_159,160,159,6.538209228910678
282,face,FACE_286_384,286,384,5.8712185354497874
283,face,FACE_421_200,421,200,13.21159421186447
284,face,FACE_274_1,274,1,6.289649601487628
285,face,FACE_200_201,200,201,13.09108931752835
286,face,FACE_166_59,166,59,1.4570051756020908
287,face,FACE_111_123,111,123,25.62075735349737
288,face,FACE_211_210,211,210,13.946015852501281
289,face,FACE_330_347,330,347,12.453174074391404
290,face,FACE_422_430,422,430,10.968141582433992
291,face,FACE_214_135,214,135,16.943632030446732
292,face,FACE_280_346,280,346,19.18650270658751
293,face,FACE_107_9,107,9,17.888533818638507
294,face,FACE_265_446,265,446,8.092815091646791
295,face,FACE_244_243,244,243,4.5581946618431175
296,face,FACE_417_351,417,351,6.782562648783835
297,face,FACE_110_163,110,163,5.716459825087549
298,face,FACE_450_348,450,348,6.014306774177236
299,face,FACE_396_377,396,377,6.910394658783772
300,face,FACE_245_244,245,244,2.861711978164061
301,face,FACE_83_182,83,182,11.343039408804291
302,face,FACE_8_417,8,417,15.398049800713373
303,face,FACE_451_349,451,349,4.768680410457524
304,face,FACE_203_98,203,98,11.4293390566217
305,face,FACE_376_435,376,435,24.161140074175172
306,face,FACE_101_50,101,50,21.46980218807126
307,face,FACE_345_447,345,447,9.180272369948389
308,face,FACE_412_357,412,357,5.822789286244759
309,face,FACE_238_241,238,241,1.4560525232416976
310,face,FACE_90_77,90,77,4.9094885550748515
311,face,FACE_369_395,369,395,13.189955826419334
312,face,FACE_276_353,276,353,9.605540582225357
313,face,FACE_253_449,253,449,11.994195202820405
314,face,FACE_359_467,359,467,5.13306043647736
315,face,FACE_279_358,279,358,5.409456488416667
316,face,FACE_315_15,315,15,10.814414697247352
317,face,FACE_433_416,433,416,11.919298135309027
318,face,FACE_299_336,299,336,31.810740005375703
319,face,FACE_46_156,46,156,12.548479878650658
320,face,FACE_167_37,167,37,6.747370531137243
321,face,FACE_460_290,460,290,7.253279825532929
322,face,FACE_311_310,311,310,5.975248346763369
323,face,FACE_410_432,410,432,15.385693098674212
324,face,FACE_357_277,357,277,10.768892668680452
325,face,FACE_35_226,35,226,8.754353170086885
326,face,FACE_304_271,304,271,8.263770529378
327,face,FACE_189_55,189,55,11.740214805000347
328,face,FACE_314_315,314,315,4.731125972670092
329,face,FACE_108_67,108,67,28.565540337445466
330,face,FACE_1_4,1,4,8.681095708051261
331,face,FACE_4_275,4,275,7.08681537670667
332,face,FACE_205_36,205,36,16.506225595630024
333,face,FACE_156_143,156,143,14.148883152893278
334,face,FACE_436_426,436,426,13.008193882967355
335,face,FACE_223_53,223,53,15.349153474255434
336,face,FACE_461_370,461,370,4.172448024433327
337,face,FACE_23_144,23,144,7.877569485713867
338,face,FACE_29_224,29,224,4.868547181281963
339,face,FACE_244_112,244,112,7.001520887054977
340,face,FACE_348_349,348,349,10.42283793996499
341,face,FACE_340_345,340,345,12.867943453153476
342,face,FACE_122_6,122,6,7.529904307051203
343,face,FACE_401_361,401,361,6.464131113040233
344,face,FACE_228_24,228,24,13.791754781800996
345,face,FACE_252_381,252,381,6.142319133115302
346,face,FACE_37_164,37,164,14.477005440546263
347,face,FACE_192_187,192,187,21.663182575323496
348,face,FACE_177_58,177,58,27.72583646943545
349,face,FACE_410_409,410,409,10.696180114395602
350,face,FACE_316_402,316,402,7.14031381124047
351,face,FACE_381_382,381,382,3.416734879866844
352,face,FACE_429_279,429,279,6.038035789353717
353,face,FACE_140_176,140,176,8.261932895045183
354,face,FACE_26_154,26,154,3.879501220105118
355,face,FACE_434_394,434,394,27.84562250557011
356,face,FACE_52_63,52,63,16.381463132332616
357,face,FACE_79_166,79,166,4.2588775925741835
358,face,FACE_72_41,72,41,8.197556887591674
359,face,FACE_71_162,71,162,17.21277742060358
360,face,FACE_244_233,244,233,6.036145443923913
361,face,FACE_222_65,222,65,6.205239672001076
362,face,FACE_214_210,214,210,18.572404894125086
363,face,FACE_354_370,354,370,2.390044034363343
364,face,FACE_140_32,140,32,9.539117918078988
365,face,FACE_30_160,30,160,9.912710415014152
366,face,FACE_212_57,212,57,7.65914414341857
367,face,FACE_444_443,444,443,9.087319538359196
368,face,FACE_7_33,7,33,3.344003592038542
369,face,FACE_301_251,301,251,7.827735917210626
370,face,FACE_213_138,213,138,23.936003488772645
371,face,FACE_170_176,170,176,20.477713153178897
372,face,FACE_17_83,17,83,9.935115703035148
373,face,FACE_268_302,268,302,3.8440935880304283
374,face,FACE_32_211,32,211,13.182986117377885
375,face,FACE_331_358,331,358,1.1743167088335917
376,face,FACE_186_40,186,40,10.703891295798481
377,face,FACE_105_52,105,52,6.793636501827411
378,face,FACE_457_354,457,354,9.434786529448226
379,face,FACE_395_379,395,379,9.295902358176868
380,face,FACE_375_321,375,321,5.921660935792049
381,face,FACE_325_320,325,320,4.3924385262339465
382,face,FACE_317_316,317,316,3.16909707464048
383,face,FACE_274_354,274,354,5.369441136141582
384,face,FACE_96_88,96,88,5.7903466686907805
385,face,FACE_15_14,15,14,3.4491825384847052
386,face,FACE_467_260,467,260,5.438271829927301
387,face,FACE_232_128,232,128,7.422375147778571
388,face,FACE_404_320,404,320,7.011961607264454
389,face,FACE_350_349,350,349,8.351364106229617
390,face,FACE_342_265,342,265,13.430824371416001
391,face,FACE_74_185,74,185,6.261593304499797
392,face,FACE_314_17,314,17,10.719961143173117
393,face,FACE_146_61,146,61,4.9118413892568435
394,face,FACE_247_113,247,113,5.14011339840244
395,face,FACE_405_321,405,321,8.199987459154677
396,face,FACE_256_341,256,341,4.197087028146533
397,face,FACE_283_444,283,444,6.6427923561761775
398,face,FACE_409_291,409,291,4.68372804530552
399,face,FACE_74_41,74,41,7.735470257654442
400,face,FACE_78_191,78,191,4.734085156866522
401,face,FACE_245_188,245,188,4.199358318932825
402,face,FACE_103_104,103,104,13.911367754941644
403,face,FACE_19_370,19,370,3.3273475706783824
404,face,FACE_19_141,19,141,3.6486816163534375
405,face,FACE_280_411,280,411,20.743243475246807
406,face,FACE_220_131,220,131,6.553787462706501
407,face,FACE_85_86,85,86,4.381131926678871
408,face,FACE_372_265,372,265,8.061024237093205
409,face,FACE_237_220,237,220,6.2520224373834425
410,face,FACE_204_43,204,43,14.056206603363698
411,face,FACE_118_119,118,119,15.559594195494798
412,face,FACE_210_202,210,202,10.168794709919988
413,face,FACE_290_460,290,460,7.253279825532929
414,face,FACE_450_449,450,449,9.724384136054804
415,face,FACE_83_18,83,18,10.580474290192635
416,face,FACE_197_3,197,3,11.26167019128981
417,face,FACE_315_404,315,404,8.832196035832517
418,face,FACE_461_458,461,458,1.389078837301603
419,face,FACE_169_170,169,170,13.194326893560241
420,face,FACE_246_161,246,161,2.736343689515396
421,face,FACE_32_201,32,201,16.5383316009736
422,face,FACE_236_196,236,196,12.798658925219353
423,face,FACE_409_304,409,304,6.903121289949522
424,face,FACE_295_282,295,282,13.888491508405112
425,face,FACE_395_369,395,369,13.189955826419334
426,face,FACE_181_180,181,180,4.146829575170473
427,face,FACE_353_372,353,372,16.066151723986692
428,face,FACE_139_34,139,34,17.502414109491596
429,face,FACE_432_436,432,436,16.20029682955363
430,face,FACE_370_461,370,461,4.172448024433327
431,face,FACE_184_42,184,42,6.5605429090609855
432,face,FACE_96_78,96,78,3.5330190846289087
433,face,FACE_113_247,113,247,5.14011339840244
434,face,FACE_326_391,326,391,18.65863619189717
435,face,FACE_147_123,147,123,17.43387128645556
436,face,FACE_126_100,126,100,9.391025702265512
437,face,FACE_205_101,205,101,21.491817535828655
438,face,FACE_452_350,452,350,4.083317783662484
439,face,FACE_71_21,71,21,8.794917642348807
440,face,FACE_16_85,16,85,9.892581639808933
441,face,FACE_297_333,297,333,24.852670378420736
442,face,FACE_136_150,136,150,15.531096692924187
443,face,FACE_260_445,260,445,5.060290391734763
444,face,FACE_34_139,34,139,17.502414109491596
445,face,FACE_46_113,46,113,9.996307502656578
446,face,FACE_17_315,17,315,11.425309492472111
447,face,FACE_104_54,104,54,21.389670053953353
448,face,FACE_383_372,383,372,13.783063390111261
449,face,FACE_417_285,417,285,12.171580600218258
450,face,FACE_150_170,150,170,8.92473651209441
451,face,FACE_20_60,20,60,5.398991674901249
452,face,FACE_39_73,39,73,3.404702986559687
453,face,FACE_45_4,45,4,7.239808956769748
454,face,FACE_438_344,438,344,4.245117763959711
455,face,FACE_37_0,37,0,10.130125440051373
456,face,FACE_177_123,177,123,24.97610320079391
457,face,FACE_336_296,336,296,16.654889991061335
458,face,FACE_102_129,102,129,1.2062114803948478
459,face,FACE_134_198,134,198,4.380314457801088
460,face,FACE_175_199,175,199,9.539163968958487
461,face,FACE_302_303,302,303,9.717785676172674
462,face,FACE_293_334,293,334,13.64872578937904
463,face,FACE_87_86,87,86,3.198493411783103
464,face,FACE_99_240,99,240,8.719696263722847
465,face,FACE_240_99,240,99,8.719696263722847
466,face,FACE_364_394,364,394,14.635919013876041
467,face,FACE_64_102,64,102,4.279444272154383
468,face,FACE_256_452,256,452,4.102026860392423
469,face,FACE_337_297,337,297,28.39391415951884
470,face,FACE_383_264,383,264,18.68989477925276
471,face,FACE_141_242,141,242,2.336214269351296
472,face,FACE_188_174,188,174,7.456619578709685
473,face,FACE_120_119,120,119,11.840778398132608
474,face,FACE_207_187,207,187,11.965399965281684
475,face,FACE_467_263,467,263,6.048023883414072
476,face,FACE_30_225,30,225,5.628856025110348
477,face,FACE_131_48,131,48,9.618624394250764
478,face,FACE_425_266,425,266,16.565455372422853
479,face,FACE_121_120,121,120,9.283998949329415
480,face,FACE_85_17,85,17,11.498330678301766
481,face,FACE_28_157,28,157,11.046665177079266
482,face,FACE_337_9,337,9,30.69324642457551
483,face,FACE_342_353,342,353,6.750946195895597
484,face,FACE_154_153,154,153,6.258738111196414
485,face,FACE_361_366,361,366,25.486351732031363
486,face,FACE_227_137,227,137,18.099728498884335
487,face,FACE_52_105,52,105,6.793636501827411
488,face,FACE_118_50,118,50,18.27102456410442
489,face,FACE_217_209,217,209,12.9171686772717
490,face,FACE_424_422,424,422,11.958316415142898
491,face,FACE_249_390,249,390,3.08559799693402
492,face,FACE_196_6,196,6,12.247815267705073
493,face,FACE_26_232,26,232,4.617551350081589
494,face,FACE_287_273,287,273,10.208372355920158
495,face,FACE_210_169,210,169,11.489816335911675
496,face,FACE_350_329,350,329,12.995597083220716
497,face,FACE_62_191,62,191,5.754396096480213
498,face,FACE_276_300,276,300,6.28053310260012
499,face,FACE_248_281,248,281,8.033502892524913
500,face,FACE_368_383,368,383,9.31295603660488
501,face,FACE_427_432,427,432,23.27385286829664
502,face,FACE_453_341,453,341,4.2800787633173405
503,face,FACE_372_353,372,353,16.066151723986692
504,face,FACE_357_453,357,453,3.590247073685876
505,face,FACE_101_118,101,118,14.69355100460074
506,face,FACE_321_307,321,307,5.907887762100782
507,face,FACE_407_310,407,310,6.911983907241917
508,face,FACE_266_371,266,371,11.82474752499201
509,face,FACE_420_429,420,429,6.752927079966428
510,face,FACE_306_407,306,407,5.554074264363409
511,face,FACE_253_252,253,252,6.685673291966693
512,face,FACE_224_225,224,225,7.884577074019676
513,face,FACE_112_133,112,133,2.6620775991723575
514,face,FACE_356_264,356,264,3.124450271797544
515,face,FACE_370_19,370,19,3.3273475706783824
516,face,FACE_254_253,254,253,6.79628886009524
517,face,FACE_219_115,219,115,6.559097267539148
518,face,FACE_225_46,225,46,7.82702716045377
519,face,FACE_124_143,124,143,15.947056375050638
520,face,FACE_289_439,289,439,3.99834504659649
521,face,FACE_13_312,13,312,8.396338450643576
522,face,FACE_253_373,253,373,7.236262439433574
523,face,FACE_154_22,154,22,7.501211664401706
524,face,FACE_319_318,319,318,2.1592249892135476
525,face,FACE_363_281,363,281,7.044463716139263
526,face,FACE_169_150,169,150,11.475814578308443
527,face,FACE_355_277,355,277,7.38743295245164
528,face,FACE_354_461,354,461,2.2889398284024516
529,face,FACE_267_164,267,164,10.7316985235954
530,face,FACE_320_319,320,319,3.001976755452387
531,face,FACE_39_40,39,40,7.421347506283836
532,face,FACE_277_357,277,357,10.768892668680452
533,face,FACE_63_105,63,105,14.049064679945264
534,face,FACE_189_244,189,244,8.000917479981535
535,face,FACE_34_227,34,227,17.573143078846897
536,face,FACE_120_230,120,230,11.181670756701564
537,face,FACE_293_301,293,301,17.505187325846183
538,face,FACE_60_99,60,99,2.024815354242873
539,face,FACE_72_73,72,73,8.777215140159004
540,face,FACE_283_293,283,293,6.472785305880345
541,face,FACE_307_321,307,321,5.907887762100782
542,face,FACE_321_405,321,405,8.199987459154677
543,face,FACE_93_132,93,132,20.81443402496972
544,face,FACE_183_62,183,62,4.146256094806607
545,face,FACE_408_409,408,409,2.0118391511249776
546,face,FACE_151_338,151,338,30.92025982646672
547,face,FACE_186_216,186,216,9.397250811984186
548,face,FACE_151_109,151,109,30.923128353814356
549,face,FACE_245_122,245,122,4.38290458142591
550,face,FACE_189_221,189,221,9.069563136372752
551,face,FACE_335_424,335,424,10.084203699030494
552,face,FACE_442_258,442,258,3.6474523068663345
553,face,FACE_441_442,441,442,11.999459171596222
554,face,FACE_114_47,114,47,8.055792949743731
555,face,FACE_173_133,173,133,3.1297895649810106
556,face,FACE_452_451,452,451,7.164955703981082
557,face,FACE_106_43,106,43,8.933573117674994
558,face,FACE_305_289,305,289,2.373428646773653
559,face,FACE_362_414,362,414,5.383382282614976
560,face,FACE_443_259,443,259,7.948505300669013
561,face,FACE_294_279,294,279,8.004344153600178
562,face,FACE_258_442,258,442,3.6474523068663345
563,face,FACE_57_43,57,43,10.457232095982846
564,face,FACE_256_252,256,252,5.809579331828716
565,face,FACE_259_443,259,443,7.948505300669013
566,face,FACE_46_70,46,70,6.511386817554432
567,face,FACE_420_360,420,360,6.585784960605529
568,face,FACE_126_142,126,142,9.608843685985
569,face,FACE_371_355,371,355,9.522780904564977
570,face,FACE_112_244,112,244,7.001520887054977
571,face,FACE_431_369,431,369,19.24799186639738
572,face,FACE_47_114,47,114,8.055792949743731
573,face,FACE_100_126,100,126,9.391025702265512
574,face,FACE_12_13,12,13,2.28322885534888
575,face,FACE_91_77,91,77,5.890789457336168
576,face,FACE_23_22,23,22,7.841250886193681
577,face,FACE_51_4,51,4,11.610209609277087
578,face,FACE_48_115,48,115,6.032945012429093
579,face,FACE_254_449,254,449,6.924834951132636
580,face,FACE_160_27,160,27,10.007830262265223
581,face,FACE_353_342,353,342,6.750946195895597
582,face,FACE_434_416,434,416,12.966573057583782
583,face,FACE_266_423,266,423,11.738140682042902
584,face,FACE_4_274,4,274,10.646208066206585
585,face,FACE_316_15,316,15,9.380174749504087
586,face,FACE_4_45,4,45,7.239808956769748
587,face,FACE_24_23,24,23,7.620805671278221
588,face,FACE_80_183,80,183,6.364149671439349
589,face,FACE_341_453,341,453,4.2800787633173405
590,face,FACE_109_67,109,67,21.60838355190896
591,face,FACE_174_196,174,196,7.1100546781334435
592,face,FACE_66_105,66,105,16.77976937698144
593,face,FACE_89_88,89,88,2.1040833782554156
594,face,FACE_29_223,29,223,8.005957472776513
595,face,FACE_164_2,164,2,6.651828650396504
596,face,FACE_462_370,462,370,2.29656000317579
597,face,FACE_328_290,328,290,2.0336939913798506
598,face,FACE_400_395,400,395,19.8352338922996
599,face,FACE_181_91,181,91,8.074075500184454
600,face,FACE_252_380,252,380,4.041947724869499
601,face,FACE_24_144,24,144,4.989042852020133
602,face,FACE_313_18,313,18,10.662246339151498
603,face,FACE_354_19,354,19,3.729550761928359
604,face,FACE_185_61,185,61,4.421796379049563
605,face,FACE_90_89,90,89,2.9214796998258907
606,face,FACE_116_227,116,227,10.016642767387486
607,face,FACE_168_417,168,417,10.479774386204745
608,face,FACE_329_371,329,371,8.900109517786278
609,face,FACE_156_34,156,34,21.097986254697666
610,face,FACE_450_252,450,252,9.613294118753014
611,face,FACE_8_285,8,285,15.087736134152538
612,face,FACE_164_267,164,267,10.7316985235954
613,face,FACE_168_8,168,8,8.045526849098593
614,face,FACE_153_145,153,145,6.422154717249537
615,face,FACE_361_323,361,323,20.81083579657298
616,face,FACE_285_413,285,413,12.145699110645294
617,face,FACE_346_280,346,280,19.18650270658751
618,face,FACE_117_228,117,228,11.272251755903172
619,face,FACE_130_247,130,247,4.912872896561699
620,face,FACE_140_211,140,211,19.822600597658134
621,face,FACE_426_425,426,425,14.113532124844825
622,face,FACE_53_63,53,63,6.8440762248984015
623,face,FACE_245_233,245,233,7.367938702449512
624,face,FACE_2_97,2,97,9.565173722426515
625,face,FACE_216_206,216,206,12.820807825097956
626,face,FACE_195_3,195,3,6.495940410933706
627,face,FACE_459_458,459,458,4.789993104854744
628,face,FACE_178_179,178,179,2.680189939118926
629,face,FACE_276_342,276,342,9.56148333841814
630,face,FACE_235_75,235,75,5.253565802031616
631,face,FACE_399_412,399,412,7.396876132710598
632,face,FACE_185_74,185,74,6.261593304499797
633,face,FACE_170_211,170,211,10.152776561186664
634,face,FACE_465_357,465,357,7.106352425750372
635,face,FACE_222_221,222,221,13.940914298316441
636,face,FACE_75_59,75,59,2.293535041406311
637,face,FACE_229_117,229,117,17.42611222824412
638,face,FACE_422_432,422,432,12.362079516754726
639,face,FACE_327_423,327,423,11.078707852050393
640,face,FACE_275_4,275,4,7.08681537670667
641,face,FACE_12_268,12,268,9.3930716111513
642,face,FACE_267_0,267,0,10.544889187687348
643,face,FACE_64_49,64,49,7.902219888249895
644,face,FACE_244_245,244,245,2.861711978164061
645,face,FACE_115_131,115,131,5.008954564511246
646,face,FACE_376_401,376,401,9.343911503338713
647,face,FACE_171_32,171,32,19.374712888433304
648,face,FACE_161_247,161,247,8.772146715663904
649,face,FACE_26_22,26,22,7.01397728772301
650,face,FACE_454_356,454,356,19.555171332989964
651,face,FACE_166_218,166,218,3.4474498973777985
652,face,FACE_420_363,420,363,4.043096915127643
653,face,FACE_233_128,233,128,3.6544535958494206
654,face,FACE_193_55,193,55,13.091423188675812
655,face,FACE_278_279,278,279,4.152933217674496
656,face,FACE_405_320,405,320,8.723707523671582
657,face,FACE_334_296,334,296,15.580221918991667
658,face,FACE_279_360,279,360,6.497751735791482
659,face,FACE_201_32,201,32,16.5383316009736
660,face,FACE_220_45,220,45,6.506878211313358
661,face,FACE_315_17,315,17,11.425309492472111
662,face,FACE_354_274,354,274,5.369441136141582
663,face,FACE_167_39,167,39,15.814454573655134
664,face,FACE_51_236,51,236,6.491967116255615
665,face,FACE_3_196,3,196,7.376819658664701
666,face,FACE_108_69,108,69,18.82349153081415
667,face,FACE_128_47,128,47,12.246803259832985
668,face,FACE_266_426,266,426,19.209300511553415
669,face,FACE_99_20,99,20,4.868229094583542
670,face,FACE_259_387,259,387,7.794187095316358
671,face,FACE_137_132,137,132,25.419203790714413
672,face,FACE_273_321,273,321,11.449013747704434
673,face,FACE_394_431,394,431,13.327279342346255
674,face,FACE_285_295,285,295,18.280467314508318
675,face,FACE_437_429,437,429,12.874425175587355
676,face,FACE_83_17,83,17,9.935115703035148
677,face,FACE_315_403,315,403,9.036131671200296
678,face,FACE_449_254,449,254,6.924834951132636
679,face,FACE_461_457,461,457,7.400928899740565
680,face,FACE_260_467,260,467,5.438271829927301
681,face,FACE_359_446,359,446,6.311572357648133
682,face,FACE_184_185,184,185,2.056914766507932
683,face,FACE_411_376,411,376,10.908904597526995
684,face,FACE_263_249,263,249,3.193580933669033
685,face,FACE_462_458,462,458,3.5235607995871017
686,face,FACE_215_172,215,172,27.49393203295702
687,face,FACE_52_65,52,65,15.327382975210082
688,face,FACE_247_161,247,161,8.772146715663904
689,face,FACE_191_80,191,80,4.5660277351262755
690,face,FACE_424_431,424,431,9.668340150924978
691,face,FACE_36_206,36,206,19.131983162905215
692,face,FACE_262_369,262,369,9.778748812675408
693,face,FACE_296_282,296,282,13.969660919509304
694,face,FACE_396_369,396,369,14.803081536732178
695,face,FACE_134_220,134,220,7.855096744571005
696,face,FACE_335_273,335,273,8.516755080621529
697,face,FACE_214_212,214,212,10.104453025332013
698,face,FACE_193_189,193,189,7.0259058072100995
699,face,FACE_364_416,364,416,25.298326529327774
700,face,FACE_270_409,270,409,6.037933992181087
701,face,FACE_444_445,444,445,7.796320896393105
702,face,FACE_229_228,229,228,8.467786576839057
703,face,FACE_330_280,330,280,21.443247905018072
704,face,FACE_456_419,456,419,12.783311623152052
705,face,FACE_260_444,260,444,6.781405121463788
706,face,FACE_188_196,188,196,5.761436970598568
707,face,FACE_406_418,406,418,10.47145572727875
708,face,FACE_30_247,30,247,5.270638002934588
709,face,FACE_398_414,398,414,4.215479150432537
710,face,FACE_17_314,17,314,10.719961143173117
711,face,FACE_210_214,210,214,18.572404894125086
712,face,FACE_17_85,17,85,11.498330678301766
713,face,FACE_423_358,423,358,9.697167662352536
714,face,FACE_63_52,63,52,16.381463132332616
715,face,FACE_19_274,19,274,8.063700231987848
716,face,FACE_272_311,272,311,7.678312096136589
717,face,FACE_50_118,50,118,18.27102456410442
718,face,FACE_14_15,14,15,3.4491825384847052
719,face,FACE_180_84,180,84,10.656725266481935
720,face,FACE_5_195,5,195,8.40503336887861
721,face,FACE_240_98,240,98,2.6950810418849374
722,face,FACE_439_344,439,344,6.474459545739765
723,face,FACE_256_451,256,451,7.430952158484915
724,face,FACE_123_187,123,187,23.244780245416006
725,face,FACE_15_16,15,16,4.394168999146194
726,face,FACE_96_90,96,90,4.349367676060224
727,face,FACE_141_241,141,241,3.9439779592393363
728,face,FACE_6_196,6,196,12.247815267705073
729,face,FACE_360_279,360,279,6.497751735791482
730,face,FACE_347_346,347,346,10.491072979216993
731,face,FACE_198_217,198,217,6.846359855284189
732,face,FACE_318_319,318,319,2.1592249892135476
733,face,FACE_358_355,358,355,16.78842143723527
734,face,FACE_418_406,418,406,10.47145572727875
735,face,FACE_115_219,115,219,6.559097267539148
736,face,FACE_190_133,190,133,5.165883485793103
737,face,FACE_77_76,77,76,4.3240784738211895
738,face,FACE_110_24,110,24,6.444824664997087
739,face,FACE_48_49,48,49,4.188846544941439
740,face,FACE_80_81,80,81,5.3326477527704075
741,face,FACE_333_298,333,298,16.068469702513735
742,face,FACE_353_276,353,276,9.605540582225357
743,face,FACE_141_97,141,97,7.423333458420698
744,face,FACE_373_254,373,254,4.373015614022545
745,face,FACE_69_108,69,108,18.82349153081415
746,face,FACE_418_262,418,262,10.5735133818445
747,face,FACE_463_413,463,413,7.166878728054266
748,face,FACE_294_455,294,455,3.1119846014349344
749,face,FACE_21_68,21,68,18.767570987857763
750,face,FACE_81_82,81,82,6.691185878747039
751,face,FACE_118_229,118,229,10.088908154334941
752,face,FACE_284_298,284,298,10.630461221102566
753,face,FACE_371_266,371,266,11.82474752499201
754,face,FACE_384_385,384,385,5.761406288410527
755,face,FACE_231_26,231,26,9.260393031491962
756,face,FACE_395_394,395,394,12.807573611738743
757,face,FACE_322_410,322,410,9.073710145572218
758,face,FACE_248_195,248,195,6.406345983798974
759,face,FACE_361_401,361,401,6.464131113040233
760,face,FACE_214_202,214,202,17.860352989784456
761,face,FACE_119_230,119,230,7.238270005399661
762,face,FACE_111_226,111,226,15.045113833376547
763,face,FACE_43_91,43,91,8.146424029349573
764,face,FACE_383_276,383,276,13.200804752003345
765,face,FACE_168_351,168,351,12.496645425266518
766,face,FACE_449_450,449,450,9.724384136054804
767,face,FACE_314_405,314,405,9.632525739655366
768,face,FACE_55_65,55,65,20.50489768110193
769,face,FACE_182_106,182,106,9.965750356178944
770,face,FACE_394_434,394,434,27.84562250557011
771,face,FACE_393_326,393,326,7.2851676678381585
772,face,FACE_210_204,210,204,14.608153586059633
773,face,FACE_211_169,211,169,12.906519073016653
774,face,FACE_450_451,450,451,8.97483560723157
775,face,FACE_203_165,203,165,14.90006143633931
776,face,FACE_22_153,22,153,4.485054574753159
777,face,FACE_143_34,143,34,9.929234940080622
778,face,FACE_409_270,409,270,6.037933992181087
779,face,FACE_7_110,7,110,5.547290785493071
780,face,FACE_448_261,448,261,5.391640504483781
781,face,FACE_213_215,213,215,10.031985671762598
782,face,FACE_371_423,371,423,17.474341910386855
783,face,FACE_64_235,64,235,3.181863253608059
784,face,FACE_9_336,9,336,17.285465443336125
785,face,FACE_278_344,278,344,5.738039854825566
786,face,FACE_89_179,89,179,5.712359900069166
787,face,FACE_236_198,236,198,8.023857144294729
788,face,FACE_336_285,336,285,10.161232056013167
789,face,FACE_181_182,181,182,7.24791523993639
790,face,FACE_194_201,194,201,13.024707032607063
791,face,FACE_66_52,66,52,15.003309478970834
792,face,FACE_151_10,151,10,20.00372135058841
793,face,FACE_123_177,123,177,24.97610320079391
794,face,FACE_341_256,341,256,4.197087028146533
795,face,FACE_455_278,455,278,5.592318686326007
796,face,FACE_326_393,326,393,7.2851676678381585
797,face,FACE_257_442,257,442,9.082910673576572
798,face,FACE_269_267,269,267,11.612446418426005
799,face,FACE_203_142,203,142,17.389856114272085
800,face,FACE_238_20,238,20,1.5625183398862255
801,face,FACE_268_271,268,271,8.193137157033028
802,face,FACE_254_373,254,373,4.373015614022545
803,face,FACE_414_362,414,362,5.383382282614976
804,face,FACE_305_455,305,455,5.194287746196704
805,face,FACE_357_465,357,465,7.106352425750372
806,face,FACE_189_243,189,243,6.882823571153285
807,face,FACE_42_81,42,81,7.172015256547855
808,face,FACE_286_441,286,441,5.805964074817848
809,face,FACE_179_86,179,86,7.447229810420239
810,face,FACE_217_198,217,198,6.846359855284189
811,face,FACE_84_83,84,83,8.018855211987566
812,face,FACE_456_363,456,363,7.216783206867435
813,face,FACE_214_192,214,192,12.970525718600632
814,face,FACE_326_370,326,370,7.070059964154071
815,face,FACE_107_66,107,66,18.703235681938114
816,face,FACE_247_226,247,226,9.642571758916366
817,face,FACE_88_89,88,89,2.1040833782554156
818,face,FACE_27_222,27,222,9.783812463150813
819,face,FACE_120_121,120,121,9.283998949329415
820,face,FACE_99_98,99,98,10.982669964151546
821,face,FACE_279_294,279,294,8.004344153600178
822,face,FACE_151_108,151,108,20.880958875276765
823,face,FACE_75_235,75,235,5.253565802031616
824,face,FACE_150_149,150,149,12.376509107560775
825,face,FACE_388_466,388,466,2.929327725508138
826,face,FACE_129_126,129,126,16.65068851396105
827,face,FACE_447_372,447,372,20.54279080554417
828,face,FACE_366_447,366,447,18.167577588048527
829,face,FACE_70_156,70,156,11.568475447002651
830,face,FACE_56_221,56,221,5.993097427533004
831,face,FACE_171_208,171,208,9.222226781246277
832,face,FACE_190_221,190,221,7.680959532586236
833,face,FACE_28_159,28,159,9.902618769364583
834,face,FACE_435_397,435,397,27.407536063716332
835,face,FACE_54_68,54,68,11.191927809447337
836,face,FACE_368_264,368,264,17.53050289771471
837,face,FACE_214_169,214,169,28.037529474920692
838,face,FACE_294_278,294,278,3.8846838840574094
839,face,FACE_221_65,221,65,16.821564878144997
840,face,FACE_206_165,206,165,15.7873140933474
841,face,FACE_29_160,29,160,8.21067545730964
842,face,FACE_281_195,281,195,11.609827704686076
843,face,FACE_33_130,33,130,4.121525374070299
844,face,FACE_447_264,447,264,17.65368512666082
845,face,FACE_298_284,298,284,10.630461221102566
846,face,FACE_278_455,278,455,5.592318686326007
847,face,FACE_201_208,201,208,10.99232926551488
848,face,FACE_427_434,427,434,24.763880236722542
849,face,FACE_360_344,360,344,5.022604216897158
850,face,FACE_321_273,321,273,11.449013747704434
851,face,FACE_379_394,379,394,11.518394816138775
852,face,FACE_265_372,265,372,8.061024237093205
853,face,FACE_274_457,274,457,5.083507492051374
854,face,FACE_101_120,101,120,18.53838384207191
855,face,FACE_182_194,182,194,9.918991711739931
856,face,FACE_227_116,227,116,10.016642767387486
857,face,FACE_253_254,253,254,6.79628886009524
858,face,FACE_352_376,352,376,17.490082112038397
859,face,FACE_4_44,4,44,10.712035019979258
860,face,FACE_351_417,351,417,6.782562648783835
861,face,FACE_350_452,350,452,4.083317783662484
862,face,FACE_283_282,283,282,11.392193362370714
863,face,FACE_194_204,194,204,11.766395857425312
864,face,FACE_55_9,55,9,17.65424696037686
865,face,FACE_106_91,106,91,6.887842472935429
866,face,FACE_410_322,410,322,9.073710145572218
867,face,FACE_48_235,48,235,5.4870238734668435
868,face,FACE_316_315,316,315,4.410531089488727
869,face,FACE_367_397,367,397,11.354063674308899
870,face,FACE_427_411,427,411,11.959076780001446
871,face,FACE_319_320,319,320,3.001976755452387
872,face,FACE_193_244,193,244,10.066692457009076
873,face,FACE_398_384,398,384,4.9579324789379715
874,face,FACE_331_294,331,294,4.255986746558769
875,face,FACE_313_17,313,17,14.950044435905024
876,face,FACE_297_338,297,338,21.14374873766373
877,face,FACE_164_37,164,37,14.477005440546263
878,face,FACE_403_319,403,319,6.046963000766805
879,face,FACE_349_348,349,348,10.42283793996499
880,face,FACE_47_126,47,126,7.363613308349611
881,face,FACE_8_55,8,55,15.01609228417158
882,face,FACE_147_213,147,213,15.045816734982646
883,face,FACE_320_321,320,321,3.045131996026781
884,face,FACE_227_93,227,93,22.9301606869258
885,face,FACE_134_131,134,131,8.108801701177342
886,face,FACE_44_237,44,237,5.270716390506568
887,face,FACE_393_391,393,391,14.961135485310056
888,face,FACE_439_278,439,278,3.567413551679376
889,face,FACE_451_252,451,252,4.19286193635976
890,face,FACE_120_232,120,232,11.327666122028404
891,face,FACE_287_409,287,409,13.026059157970721
892,face,FACE_221_55,221,55,8.505035998487283
893,face,FACE_385_386,385,386,5.575726262562511
894,face,FACE_347_280,347,280,19.462877049027707
895,face,FACE_57_212,57,212,7.65914414341857
896,face,FACE_58_177,58,177,27.72583646943545
897,face,FACE_257_386,257,386,7.387266916265221
898,face,FACE_216_205,216,205,20.198533878448004
899,face,FACE_208_201,208,201,10.99232926551488
900,face,FACE_386_387,386,387,6.044513666781577
901,face,FACE_459_457,459,457,1.8081700629932274
902,face,FACE_137_177,137,177,19.119531174025546
903,face,FACE_391_322,391,322,9.313066280531748
904,face,FACE_49_64,49,64,7.902219888249895
905,face,FACE_55_107,55,107,10.774644772870511
906,face,FACE_308_324,308,324,5.228380941808428
907,face,FACE_372_345,372,345,13.468396499927014
908,face,FACE_11_37,11,37,11.011010200177493
909,face,FACE_431_394,431,394,13.327279342346255
910,face,FACE_171_175,171,175,16.976665988857736
911,face,FACE_330_348,330,348,9.584043771619186
912,face,FACE_156_46,156,46,12.548479878650658
913,face,FACE_11_302,11,302,10.220860726297845
914,face,FACE_280_347,280,347,19.462877049027707
915,face,FACE_452_453,452,453,5.454958287166942
916,face,FACE_352_366,352,366,9.386692176714593
917,face,FACE_12_38,12,38,8.786278472142662
918,face,FACE_64_48,64,48,3.781063039915273
919,face,FACE_22_231,22,231,4.995550724607284
920,face,FACE_414_463,414,463,5.299484525931863
921,face,FACE_448_339,448,339,7.803768490353985
922,face,FACE_422_287,422,287,13.41852343232538
923,face,FACE_59_235,59,235,3.3384365237484617
924,face,FACE_13_268,13,268,9.387522685719256
925,face,FACE_298_251,298,251,16.796592753781653
926,face,FACE_237_241,237,241,7.3454829403459465
927,face,FACE_68_54,68,54,11.191927809447337
928,face,FACE_120_101,120,101,18.53838384207191
929,face,FACE_92_39,92,39,10.793840174639467
930,face,FACE_43_146,43,146,6.466798293482198
931,face,FACE_377_400,377,400,13.233549828595422
932,face,FACE_238_242,238,242,3.376514582319806
933,face,FACE_91_43,91,43,8.146424029349573
934,face,FACE_369_396,369,396,14.803081536732178
935,face,FACE_301_298,301,298,15.659189709295994
936,face,FACE_286_398,286,398,9.35878765408667
937,face,FACE_346_449,346,449,15.788112033450382
938,face,FACE_220_44,220,44,9.865545258996448
939,face,FACE_299_337,299,337,18.578470567804345
940,face,FACE_358_423,358,423,9.697167662352536
941,face,FACE_131_115,131,115,5.008954564511246
942,face,FACE_3_195,3,195,6.495940410933706
943,face,FACE_23_24,23,24,7.620805671278221
944,face,FACE_416_364,416,364,25.298326529327774
945,face,FACE_123_111,123,111,25.62075735349737
946,face,FACE_160_29,160,29,8.21067545730964
947,face,FACE_326_327,326,327,11.870660707097459
948,face,FACE_266_425,266,425,16.565455372422853
949,face,FACE_345_340,345,340,12.867943453153476
950,face,FACE_53_52,53,52,11.959013971031203
951,face,FACE_98_203,98,203,11.4293390566217
952,face,FACE_411_434,411,434,30.935211724454813
953,face,FACE_358_279,358,279,5.409456488416667
954,face,FACE_3_51,3,51,8.049899939172432
955,face,FACE_261_346,261,346,9.972054166452377
956,face,FACE_367_364,367,364,13.9741135585397
957,face,FACE_66_107,66,107,18.703235681938114
958,face,FACE_86_85,86,85,4.381131926678871
959,face,FACE_445_283,445,283,8.805979413976027
960,face,FACE_24_110,24,110,6.444824664997087
961,face,FACE_23_145,23,145,4.5804768255602335
962,face,FACE_89_90,89,90,2.9214796998258907
963,face,FACE_449_253,449,253,11.994195202820405
964,face,FACE_340_346,340,346,7.5416794803010685
965,face,FACE_235_64,235,64,3.181863253608059
966,face,FACE_67_108,67,108,28.565540337445466
967,face,FACE_228_25,228,25,8.693930650627026
968,face,FACE_119_118,119,118,15.559594195494798
969,face,FACE_250_309,250,309,8.674608708671657
970,face,FACE_90_91,90,91,2.9647071761690977
971,face,FACE_269_322,269,322,14.738665849350667
972,face,FACE_264_356,264,356,3.124450271797544
973,face,FACE_84_17,84,17,10.387292973968155
974,face,FACE_316_403,316,403,7.82222143168637
975,face,FACE_407_292,407,292,4.543920732239519
976,face,FACE_426_391,426,391,15.754565246911303
977,face,FACE_399_437,399,437,7.602687027844528
978,face,FACE_212_202,212,202,12.586141125272865
979,face,FACE_175_171,175,171,16.976665988857736
980,face,FACE_117_50,117,50,20.179838649936514
981,face,FACE_374_380,374,380,5.376782841903259
982,face,FACE_165_206,165,206,15.7873140933474
983,face,FACE_205_50,205,50,15.071898093840556
984,face,FACE_185_184,185,184,2.056914766507932
985,face,FACE_30_161,30,161,7.697941610648461
986,face,FACE_445_260,445,260,5.060290391734763
987,face,FACE_184_76,184,76,3.9213547996839
988,face,FACE_195_5,195,5,8.40503336887861
989,face,FACE_186_185,186,185,7.656885657613762
990,face,FACE_446_261,446,261,6.870867185818232
991,face,FACE_357_412,357,412,5.822789286244759
992,face,FACE_392_290,392,290,7.2524429892179585
993,face,FACE_225_113,225,113,7.172340977433418
994,face,FACE_17_84,17,84,10.387292973968155
995,face,FACE_189_190,189,190,5.080830988328418
996,face,FACE_384_286,384,286,5.8712185354497874
997,face,FACE_329_350,329,350,12.995597083220716
998,face,FACE_429_437,429,437,12.874425175587355
999,face,FACE_241_237,241,237,7.3454829403459465
1000,face,FACE_19_44,19,44,7.940730518102675
1001,face,FACE_165_98,165,98,12.810342111762607
1002,face,FACE_219_218,219,218,5.549187200497834
1003,face,FACE_4_1,4,1,8.681095708051261
1004,face,FACE_50_117,50,117,20.179838649936514
1005,face,FACE_222_223,222,223,11.413738259938095
1006,face,FACE_422_434,422,434,18.267694715660948
1007,face,FACE_175_148,175,148,17.126375208134647
1008,face,FACE_198_131,198,131,6.589718896751974
1009,face,FACE_204_211,204,211,9.04134530955948
1010,face,FACE_68_21,68,21,18.767570987857763
1011,face,FACE_381_252,381,252,6.142319133115302
1012,face,FACE_462_326,462,326,5.34523289738725
1013,face,FACE_60_166,60,166,7.18705150709561
1014,face,FACE_174_188,174,188,7.456619578709685
1015,face,FACE_414_286,414,286,8.226698844458749
1016,face,FACE_339_255,339,255,4.274091242240091
1017,face,FACE_115_218,115,218,4.308184632634986
1018,face,FACE_411_280,411,280,20.743243475246807
1019,face,FACE_181_83,181,83,15.76894919917415
1020,face,FACE_401_352,401,352,24.975198669397333
1021,face,FACE_333_297,333,297,24.852670378420736
1022,face,FACE_46_124,46,124,9.278389595156744
1023,face,FACE_373_253,373,253,7.236262439433574
1024,face,FACE_71_68,71,68,16.21823747536641
1025,face,FACE_424_335,424,335,10.084203699030494
1026,face,FACE_76_146,76,146,4.447715889806
1027,face,FACE_49_129,49,129,5.360174186243985
1028,face,FACE_69_107,69,107,29.82669702529058
1029,face,FACE_335_406,335,406,9.619709902442048
1030,face,FACE_148_171,148,171,6.8477992219748085
1031,face,FACE_460_294,460,294,6.145248397694088
1032,face,FACE_192_214,192,214,12.970525718600632
1033,face,FACE_446_359,446,359,6.311572357648133
1034,face,FACE_391_423,391,423,14.971094393920994
1035,face,FACE_105_66,105,66,16.77976937698144
1036,face,FACE_410_436,410,436,9.784759656355204
1037,face,FACE_110_144,110,144,8.625848449026254
1038,face,FACE_249_339,249,339,5.192061833415838
1039,face,FACE_163_7,163,7,3.226117598151573
1040,face,FACE_273_287,273,287,10.208372355920158
1041,face,FACE_45_51,45,51,9.75393981090582
1042,face,FACE_225_247,225,247,6.48789710474369
1043,face,FACE_373_374,373,374,5.7178857285375555
1044,face,FACE_38_12,38,12,8.786278472142662
1045,face,FACE_263_359,263,359,4.043020539001773
1046,face,FACE_173_56,173,56,9.67823049474691
1047,face,FACE_159_158,159,158,6.449269238473313
1048,face,FACE_461_459,461,459,6.167665089545414
1049,face,FACE_111_117,111,117,7.994465019190113
1050,face,FACE_211_204,211,204,9.04134530955948
1051,face,FACE_225_224,225,224,7.884577074019676
1052,face,FACE_151_9,151,9,22.707590204768884
1053,face,FACE_370_462,370,462,2.29656000317579
1054,face,FACE_55_221,55,221,8.505035998487283
1055,face,FACE_156_124,156,124,6.879541707776098
1056,face,FACE_196_197,196,197,7.086594844759215
1057,face,FACE_47_217,47,217,6.080333015757477
1058,face,FACE_285_9,285,9,19.075028870861065
1059,face,FACE_208_171,208,171,9.222226781246277
1060,face,FACE_280_425,280,425,15.021383775401182
1061,face,FACE_164_393,164,393,10.829236359349286
1062,face,FACE_258_257,258,257,7.642558922000071
1063,face,FACE_229_230,229,230,10.774691369298116
1064,face,FACE_389_368,389,368,5.857274563388376
1065,face,FACE_139_156,139,156,8.130887675802411
1066,face,FACE_353_265,353,265,10.420899413961832
1067,face,FACE_412_351,412,351,7.063340167025168
1068,face,FACE_218_220,218,220,6.755931715974261
1069,face,FACE_304_409,304,409,6.903121289949522
1070,face,FACE_311_268,311,268,7.072481980422131
1071,face,FACE_370_354,370,354,2.390044034363343
1072,face,FACE_288_401,288,401,27.78690990400227
1073,face,FACE_179_85,179,85,8.924123593230187
1074,face,FACE_159_27,159,27,7.955938215170139
1075,face,FACE_190_243,190,243,5.586064385555047
1076,face,FACE_196_174,196,174,7.1100546781334435
1077,face,FACE_295_296,295,296,6.212275204704112
1078,face,FACE_142_203,142,203,17.389856114272085
1079,face,FACE_173_190,173,190,4.404782757365628
1080,face,FACE_193_168,193,168,8.478067136542823
1081,face,FACE_325_324,325,324,2.0503599069178167
1082,face,FACE_425_411,425,411,20.408789211029966
1083,face,FACE_391_269,391,269,10.604437760090343
1084,face,FACE_99_97,99,97,1.8510755001560657
1085,face,FACE_347_348,347,348,14.251980246922388
1086,face,FACE_366_361,366,361,25.486351732031363
1087,face,FACE_2_164,2,164,6.651828650396504
1088,face,FACE_131_49,131,49,6.731087404115304
1089,face,FACE_26_112,26,112,4.83652147040972
1090,face,FACE_380_381,380,381,5.023218451614547
1091,face,FACE_211_194,211,194,13.817031484620184
1092,face,FACE_104_68,104,68,16.768551728903706
1093,face,FACE_124_46,124,46,9.278389595156744
1094,face,FACE_234_34,234,34,21.423147581581
1095,face,FACE_413_414,413,414,4.985841663155904
1096,face,FACE_432_427,432,427,23.27385286829664
1097,face,FACE_452_256,452,256,4.102026860392423
1098,face,FACE_177_137,177,137,19.119531174025546
1099,face,FACE_43_57,43,57,10.457232095982846
1100,face,FACE_276_445,276,445,7.164919293699523
1101,face,FACE_248_197,248,197,11.269030861193507
1102,face,FACE_209_126,209,126,5.649615249514029
1103,face,FACE_142_36,142,36,11.73944879625774
1104,face,FACE_226_35,226,35,8.754353170086885
1105,face,FACE_2_141,2,141,3.6624242792020625
1106,face,FACE_237_44,237,44,5.270716390506568
1107,face,FACE_435_288,435,288,10.254152036017725
1108,face,FACE_129_102,129,102,1.2062114803948478
1109,face,FACE_273_375,273,375,8.072881534346957
1110,face,FACE_166_20,166,20,11.744915178488586
1111,face,FACE_425_280,425,280,15.021383775401182
1112,face,FACE_77_91,77,91,5.890789457336168
1113,face,FACE_461_462,461,462,2.3417447292461264
1114,face,FACE_306_408,306,408,4.313465524851759
1115,face,FACE_247_130,247,130,4.912872896561699
1116,face,FACE_206_92,206,92,11.917186975555861
1117,face,FACE_193_122,193,122,8.470026940827614
1118,face,FACE_200_18,200,18,9.682980912062707
1119,face,FACE_157_56,157,56,6.180057159920232
1120,face,FACE_352_411,352,411,22.95565905083918
1121,face,FACE_46_225,46,225,7.82702716045377
1122,face,FACE_345_372,345,372,13.468396499927014
1123,face,FACE_264_447,264,447,17.65368512666082
1124,face,FACE_436_410,436,410,9.784759656355204
1125,face,FACE_17_18,17,18,7.33638423346718
1126,face,FACE_28_27,28,27,8.852005019862958
1127,face,FACE_235_240,235,240,3.2269583144372516
1128,face,FACE_128_114,128,114,4.606403849012259
1129,face,FACE_134_45,134,45,8.684905510075657
1130,face,FACE_198_209,198,209,6.927386226687695
1131,face,FACE_64_129,64,129,3.781354068675145
1132,face,FACE_459_250,459,250,6.205331119577287
1133,face,FACE_192_135,192,135,25.323120711926173
1134,face,FACE_112_26,112,26,4.83652147040972
1135,face,FACE_404_314,404,314,10.658830189399513
1136,face,FACE_297_337,297,337,28.39391415951884
1137,face,FACE_428_262,428,262,14.355156072590553
1138,face,FACE_81_38,81,38,6.237242569905625
1139,face,FACE_51_195,51,195,11.646538002691743
1140,face,FACE_311_271,311,271,2.1804557268118883
1141,face,FACE_442_282,442,282,14.436505115241653
1142,face,FACE_179_88,179,88,4.919803961033091
1143,face,FACE_252_450,252,450,9.613294118753014
1144,face,FACE_191_62,191,62,5.754396096480213
1145,face,FACE_84_85,84,85,4.6523692927154
1146,face,FACE_203_36,203,36,11.607647062800002
1147,face,FACE_443_283,443,283,14.034608892652793
1148,face,FACE_121_232,121,232,4.828777072946358
1149,face,FACE_321_406,321,406,11.054737361335023
1150,face,FACE_226_25,226,25,9.654546194417877
1151,face,FACE_323_366,323,366,4.95854135963797
1152,face,FACE_117_118,117,118,11.11900790359226
1153,face,FACE_122_196,122,196,7.925078944404649
1154,face,FACE_191_183,191,183,2.0276560591067576
1155,face,FACE_397_288,397,288,17.667339714839333
1156,face,FACE_383_353,383,353,6.770745359889235
1157,face,FACE_161_160,161,160,4.4497592531239265
1158,face,FACE_25_7,25,7,5.109390142329608
1159,face,FACE_11_72,11,72,9.695124478186042
1160,face,FACE_239_79,239,79,3.0457755131417077
1161,face,FACE_305_290,305,290,4.345712330159197
1162,face,FACE_464_463,464,463,4.612161310651844
1163,face,FACE_22_230,22,230,11.67729807343039
1164,face,FACE_183_184,183,184,2.284286558810236
1165,face,FACE_143_111,143,111,12.052821645229223
1166,face,FACE_442_295,442,295,6.161302208392912
1167,face,FACE_241_125,241,125,2.3565387204804122
1168,face,FACE_12_302,12,302,10.680276327923782
1169,face,FACE_426_436,426,436,13.008193882967355
1170,face,FACE_13_38,13,38,9.250546722267613
1171,face,FACE_428_396,428,396,9.344980714545633
1172,face,FACE_127_139,127,139,20.509710960484842
1173,face,FACE_120_100,120,100,6.798796561378316
1174,face,FACE_259_444,259,444,4.425298530647016
1175,face,FACE_378_395,378,395,10.25635052142548
1176,face,FACE_183_76,183,76,5.141597453818575
1177,face,FACE_260_259,260,259,5.8762789774768605
1178,face,FACE_427_436,427,436,12.645049883069289
1179,face,FACE_346_448,346,448,9.903542152839577
1180,face,FACE_306_375,306,375,4.488683771694151
1181,face,FACE_255_446,255,446,8.991329120315445
1182,face,FACE_36_142,36,142,11.73944879625774
1183,face,FACE_369_431,369,431,19.24799186639738
1184,face,FACE_51_5,51,5,6.863282545709847
1185,face,FACE_435_376,435,376,24.161140074175172
1186,face,FACE_282_283,282,283,11.392193362370714
1187,face,FACE_462_250,462,250,2.0272829725945813
1188,face,FACE_347_449,347,449,8.57410773662786
1189,face,FACE_205_216,205,216,20.198533878448004
1190,face,FACE_64_240,64,240,6.210300175981095
1191,face,FACE_267_11,267,11,11.292007693845411
1192,face,FACE_351_419,351,419,7.864137743368576
1193,face,FACE_431_262,431,262,12.828981419079595
1194,face,FACE_411_433,411,433,15.387379623379978
1195,face,FACE_143_124,143,124,15.947056375050638
1196,face,FACE_190_56,190,56,9.133234750118644
1197,face,FACE_315_316,315,316,4.410531089488727
1198,face,FACE_346_340,346,340,7.5416794803010685
1199,face,FACE_116_143,116,143,16.09888863822249
1200,face,FACE_316_317,316,317,3.16909707464048
1201,face,FACE_327_326,327,326,11.870660707097459
1202,face,FACE_206_36,206,36,19.131983162905215
1203,face,FACE_192_138,192,138,14.653271619183625
1204,face,FACE_464_417,464,417,10.511717222766707
1205,face,FACE_149_176,149,176,12.301293769179686
1206,face,FACE_356_389,356,389,21.025095169971305
1207,face,FACE_349_350,349,350,8.351364106229617
1208,face,FACE_102_64,102,64,4.279444272154383
1209,face,FACE_47_128,47,128,12.246803259832985
1210,face,FACE_81_41,81,41,2.326502070698365
1211,face,FACE_147_215,147,215,24.032183099882307
1212,face,FACE_450_253,450,253,5.291989715523632
1213,face,FACE_25_226,25,226,9.654546194417877
1214,face,FACE_467_342,467,342,4.703989494854568
1215,face,FACE_332_297,332,297,21.718566764524024
1216,face,FACE_464_453,464,453,5.618236629115031
1217,face,FACE_270_322,270,322,10.888509046090249
1218,face,FACE_117_229,117,229,17.42611222824412
1219,face,FACE_282_296,282,296,13.969660919509304
1220,face,FACE_129_203,129,203,9.773213198320787
1221,face,FACE_155_112,155,112,2.9407250435864687
1222,face,FACE_434_430,434,430,18.21878845748364
1223,face,FACE_345_352,345,352,17.108054301488
1224,face,FACE_465_417,465,417,9.284489768155604
1225,face,FACE_248_419,248,419,7.39088977444655
1226,face,FACE_61_184,61,184,4.7199987262875895
1227,face,FACE_216_207,216,207,12.211710056471718
1228,face,FACE_307_325,307,325,2.2066953791291364
1229,face,FACE_202_43,202,43,8.387703896234433
1230,face,FACE_313_405,313,405,11.860910509791387
1231,face,FACE_79_238,79,238,7.598939478499196
1232,face,FACE_39_165,39,165,7.5869065677959915
1233,face,FACE_177_215,177,215,17.675754814666202
1234,face,FACE_392_289,392,289,1.4691099245977552
1235,face,FACE_329_349,329,349,6.310776743493254
1236,face,FACE_201_200,201,200,13.09108931752835
1237,face,FACE_87_178,87,178,6.682447226704374
1238,face,FACE_448_449,448,449,7.9807525375842285
1239,face,FACE_172_136,172,136,14.537117730283189
1240,face,FACE_266_329,266,329,17.369421354972182
1241,face,FACE_274_4,274,4,10.646208066206585
1242,face,FACE_165_97,165,97,19.087207618208463
1243,face,FACE_226_113,226,113,7.411013643614457
1244,face,FACE_56_190,56,190,9.133234750118644
1245,face,FACE_323_454,323,454,19.48506776280443
1246,face,FACE_264_368,264,368,17.53050289771471
1247,face,FACE_229_118,229,118,10.088908154334941
1248,face,FACE_75_60,75,60,4.481324150915535
1249,face,FACE_88_179,88,179,4.919803961033091
1250,face,FACE_415_308,415,308,5.0377120011504095
1251,face,FACE_293_282,293,282,15.792223255485327
1252,face,FACE_212_214,212,214,10.104453025332013
1253,face,FACE_204_210,204,210,14.608153586059633
1254,face,FACE_230_119,230,119,7.238270005399661
1255,face,FACE_176_148,176,148,13.301983948481366
1256,face,FACE_188_122,188,122,7.115005496194414
1257,face,FACE_339_254,339,254,6.02930111809441
1258,face,FACE_42_184,42,184,6.5605429090609855
1259,face,FACE_342_445,342,445,7.454730418271203
1260,face,FACE_199_396,199,396,19.28746134333918
1261,face,FACE_166_219,166,219,3.4824311197201405
1262,face,FACE_419_399,419,399,7.05247513106817
1263,face,FACE_30_29,30,29,6.1994807126077625
1264,face,FACE_15_315,15,315,10.814414697247352
1265,face,FACE_236_134,236,134,7.237425203306011
1266,face,FACE_301_300,301,300,11.104689430586955
1267,face,FACE_333_332,333,332,13.810639412236947
1268,face,FACE_352_345,352,345,17.108054301488
1269,face,FACE_52_53,52,53,11.959013971031203
1270,face,FACE_166_75,166,75,3.3860434889042734
1271,face,FACE_192_213,192,213,12.059459450290527
1272,face,FACE_3_197,3,197,11.26167019128981
1273,face,FACE_77_146,77,146,2.0961776101690535
1274,face,FACE_363_360,363,360,7.940258264591921
1275,face,FACE_334_333,334,333,19.14576058035523
1276,face,FACE_6_351,6,351,7.4454158646071
1277,face,FACE_6_122,6,122,7.529904307051203
1278,face,FACE_406_321,406,321,11.054737361335023
1279,face,FACE_284_332,284,332,18.559478088631202
1280,face,FACE_350_277,350,277,4.918295596330764
1281,face,FACE_8_168,8,168,8.045526849098593
1282,face,FACE_129_49,129,49,5.360174186243985
1283,face,FACE_0_164,0,164,8.654710681915414
1284,face,FACE_300_276,300,276,6.28053310260012
1285,face,FACE_86_87,86,87,3.198493411783103
1286,face,FACE_226_247,226,247,9.642571758916366
1287,face,FACE_119_120,119,120,11.840778398132608
1288,face,FACE_37_167,37,167,6.747370531137243
1289,face,FACE_111_116,111,116,12.060161522986775
1290,face,FACE_451_450,451,450,8.97483560723157
1291,face,FACE_335_418,335,418,15.002391015657913
1292,face,FACE_40_92,40,92,7.688510348544773
1293,face,FACE_52_66,52,66,15.003309478970834
1294,face,FACE_285_417,285,417,12.171580600218258
1295,face,FACE_224_29,224,29,4.868547181281963
1296,face,FACE_330_425,330,425,21.616712095903438
1297,face,FACE_285_8,285,8,15.087736134152538
1298,face,FACE_236_3,236,3,7.188212009293353
1299,face,FACE_307_292,307,292,3.7580567464326404
1300,face,FACE_187_147,187,147,11.026554685561461
1301,face,FACE_139_70,139,70,16.57551101323103
1302,face,FACE_185_186,185,186,7.656885657613762
1303,face,FACE_270_410,270,410,14.016103707056807
1304,face,FACE_456_420,456,420,7.891971270221439
1305,face,FACE_407_415,407,415,1.8905053001669996
1306,face,FACE_294_358,294,358,3.633417314502372
1307,face,FACE_78_96,78,96,3.5330190846289087
1308,face,FACE_259_257,259,257,7.623429663002967
1309,face,FACE_218_219,218,219,5.549187200497834
1310,face,FACE_417_465,417,465,9.284489768155604
1311,face,FACE_304_408,304,408,5.685815131508541
1312,face,FACE_56_157,56,157,6.180057159920232
1313,face,FACE_63_53,63,53,6.8440762248984015
1314,face,FACE_349_330,349,330,18.304060780757204
1315,face,FACE_241_239,241,239,6.232885093110774
1316,face,FACE_261_446,261,446,6.870867185818232
1317,face,FACE_281_275,281,275,9.75372437636547
1318,face,FACE_396_262,396,262,18.73660009391362
1319,face,FACE_441_413,441,413,8.259434055274761
1320,face,FACE_327_391,327,391,12.675901034623413
1321,face,FACE_100_120,100,120,6.798796561378316
1322,face,FACE_346_261,346,261,9.972054166452377
1323,face,FACE_348_450,348,450,6.014306774177236
1324,face,FACE_340_446,340,446,13.770201575449947
1325,face,FACE_180_85,180,85,8.44245632676237
1326,face,FACE_252_253,252,253,6.685673291966693
1327,face,FACE_137_123,137,123,10.208537316504646
1328,face,FACE_349_451,349,451,4.768680410457524
1329,face,FACE_462_328,462,328,5.61209929442139
1330,face,FACE_455_289,455,289,3.2067332267965436
1331,face,FACE_6_197,6,197,8.21522322178689
1332,face,FACE_377_369,377,369,18.45289923410833
1333,face,FACE_115_220,115,220,6.1505661208006
1334,face,FACE_35_111,35,111,10.562484329094127
1335,face,FACE_383_300,383,300,11.677858775381651
1336,face,FACE_110_25,110,25,4.437015158754682
1337,face,FACE_437_420,437,420,6.879500556324974
1338,face,FACE_333_299,333,299,19.550239396442013
1339,face,FACE_252_374,252,374,7.440870677164498
1340,face,FACE_31_226,31,226,7.139904790196161
1341,face,FACE_71_70,71,70,8.058641421580724
1342,face,FACE_104_67,104,67,25.002251726679148
1343,face,FACE_49_131,49,131,6.731087404115304
1344,face,FACE_463_414,463,414,5.299484525931863
1345,face,FACE_118_230,118,230,18.464039017764165
1346,face,FACE_104_103,104,103,13.911367754941644
1347,face,FACE_155_154,155,154,4.04383005848527
1348,face,FACE_220_134,220,134,7.855096744571005
1349,face,FACE_262_396,262,396,18.73660009391362
1350,face,FACE_70_46,70,46,6.511386817554432
1351,face,FACE_436_432,436,432,16.20029682955363
1352,face,FACE_167_164,167,164,10.593447457904729
1353,face,FACE_170_169,170,169,13.194326893560241
1354,face,FACE_211_170,211,170,10.152776561186664
1355,face,FACE_77_90,77,90,4.9094885550748515
1356,face,FACE_22_154,22,154,7.501211664401706
1357,face,FACE_237_79,237,79,3.2941267023676186
1358,face,FACE_197_6,197,6,8.21522322178689
1359,face,FACE_143_35,143,35,8.019564895114907
1360,face,FACE_146_77,146,77,2.0961776101690535
1361,face,FACE_434_364,434,364,17.377077880590722
1362,face,FACE_72_11,72,11,9.695124478186042
1363,face,FACE_9_337,9,337,30.69324642457551
1364,face,FACE_465_351,465,351,6.11113321138373
1365,face,FACE_89_180,89,180,6.591845917543537
1366,face,FACE_255_249,255,249,4.84410530900095
1367,face,FACE_295_285,295,285,18.280467314508318
1368,face,FACE_90_181,90,181,8.789889953834498
1369,face,FACE_91_146,91,146,5.809055891893925
1370,face,FACE_143_156,143,156,14.148883152893278
1371,face,FACE_18_421,18,421,16.455488038970294
1372,face,FACE_232_121,232,121,4.828777072946358
1373,face,FACE_425_436,425,436,20.419995376870776
1374,face,FACE_257_443,257,443,4.0319654692704905
1375,face,FACE_29_27,29,27,8.224360941100604
1376,face,FACE_327_358,327,358,9.333427093386502
1377,face,FACE_433_376,433,376,15.070482308397045
1378,face,FACE_299_296,299,296,22.459597828023696
1379,face,FACE_259_260,259,260,5.8762789774768605
1380,face,FACE_405_314,405,314,9.632525739655366
1381,face,FACE_158_28,158,28,7.284730416464489
1382,face,FACE_217_114,217,114,6.925824591736346
1383,face,FACE_197_248,197,248,11.269030861193507
1384,face,FACE_124_35,124,35,10.644953749774979
1385,face,FACE_375_291,375,291,4.937477802874502
1386,face,FACE_321_320,321,320,3.045131996026781
1387,face,FACE_324_325,324,325,2.0503599069178167
1388,face,FACE_336_299,336,299,31.810740005375703
1389,face,FACE_62_96,62,96,4.440875808220914
1390,face,FACE_22_23,22,23,7.841250886193681
1391,face,FACE_281_363,281,363,7.044463716139263
1392,face,FACE_443_282,443,282,6.290539090057516
1393,face,FACE_20_99,20,99,4.868229094583542
1394,face,FACE_124_156,124,156,6.879541707776098
1395,face,FACE_464_341,464,341,7.211075465994873
1396,face,FACE_27_223,27,223,4.200749787493791
1397,face,FACE_125_237,125,237,9.441268301689226
1398,face,FACE_148_140,148,140,18.983464868550623
1399,face,FACE_279_331,279,331,4.253106663191658
1400,face,FACE_32_194,32,194,10.214514591898057
1401,face,FACE_44_19,44,19,7.940730518102675
1402,face,FACE_244_193,244,193,10.066692457009076
1403,face,FACE_439_289,439,289,3.99834504659649
1404,face,FACE_453_452,453,452,5.454958287166942
1405,face,FACE_12_72,12,72,10.467725142222577
1406,face,FACE_343_437,343,437,6.942453098999315
1407,face,FACE_94_370,94,370,2.9555294265030922
1408,face,FACE_94_141,94,141,2.9256423237736544
1409,face,FACE_429_360,429,360,2.7728867232664487
1410,face,FACE_444_259,444,259,4.425298530647016
1411,face,FACE_322_270,322,270,10.888509046090249
1412,face,FACE_121_100,121,100,14.10633459620574
1413,face,FACE_199_428,199,428,15.875373301497323
1414,face,FACE_379_395,379,395,9.295902358176868
1415,face,FACE_32_171,32,171,19.374712888433304
1416,face,FACE_322_391,322,391,9.313066280531748
1417,face,FACE_389_301,389,301,15.78025647058487
1418,face,FACE_279_429,279,429,6.038035789353717
1419,face,FACE_394_379,394,379,11.518394816138775
1420,face,FACE_453_465,453,465,8.004813083749063
1421,face,FACE_380_252,380,252,4.041947724869499
1422,face,FACE_416_434,416,434,12.966573057583782
1423,face,FACE_362_463,362,463,2.68487433941026
1424,face,FACE_309_457,309,457,3.1045420958802534
1425,face,FACE_6_419,6,419,12.209086494184394
1426,face,FACE_193_245,193,245,10.039304598374828
1427,face,FACE_413_285,413,285,12.145699110645294
1428,face,FACE_310_272,310,272,2.049267856057215
1429,face,FACE_163_110,163,110,5.716459825087549
1430,face,FACE_29_30,29,30,6.1994807126077625
1431,face,FACE_69_66,69,66,19.13947831237226
1432,face,FACE_114_217,114,217,6.925824591736346
1433,face,FACE_328_326,328,326,1.885816884765619
1434,face,FACE_431_418,431,418,14.472959331156996
1435,face,FACE_98_129,98,129,9.365534861668175
1436,face,FACE_171_199,171,199,18.550874819774542
1437,face,FACE_303_269,303,269,3.334260365680965
1438,face,FACE_91_90,91,90,2.9647071761690977
1439,face,FACE_156_70,156,70,11.568475447002651
1440,face,FACE_282_295,282,295,13.888491508405112
1441,face,FACE_287_410,287,410,8.812307370707012
1442,face,FACE_73_72,73,72,8.777215140159004
1443,face,FACE_194_182,194,182,9.918991711739931
1444,face,FACE_408_291,408,291,5.172010499167141
1445,face,FACE_221_56,221,56,5.993097427533004
1446,face,FACE_126_47,126,47,7.363613308349611
1447,face,FACE_137_93,137,93,5.3443589064611166
1448,face,FACE_49_209,49,209,6.033203412340637
1449,face,FACE_257_387,257,387,9.232985573450591
1450,face,FACE_416_411,416,411,21.869084804607887
1451,face,FACE_176_170,176,170,20.477713153178897
1452,face,FACE_95_96,95,96,1.9955687479782247
1453,face,FACE_235_219,235,219,2.263424339859498
1454,face,FACE_401_288,401,288,27.78690990400227
1455,face,FACE_346_352,346,352,25.305884322655395
1456,face,FACE_79_237,79,237,3.2941267023676186
1457,face,FACE_218_166,218,166,3.4474498973777985
1458,face,FACE_430_431,430,431,13.587266297965137
1459,face,FACE_289_455,289,455,3.2067332267965436
1460,face,FACE_82_13,82,13,7.845211575811647
1461,face,FACE_108_151,108,151,20.880958875276765
1462,face,FACE_355_437,355,437,8.037515104528692
1463,face,FACE_342_467,342,467,4.703989494854568
1464,face,FACE_276_293,276,293,10.908581558129804
1465,face,FACE_308_325,308,325,3.7468420775802307
1466,face,FACE_427_425,427,425,16.051534933006867
1467,face,FACE_97_141,97,141,7.423333458420698
1468,face,FACE_431_395,431,395,10.510411553971851
1469,face,FACE_423_391,423,391,14.971094393920994
1470,face,FACE_190_189,190,189,5.080830988328418
1471,face,FACE_330_349,330,349,18.304060780757204
1472,face,FACE_162_127,162,127,21.050150393038546
1473,face,FACE_359_263,359,263,4.043020539001773
1474,face,FACE_464_465,464,465,3.4054206296376797
1475,face,FACE_376_352,376,352,17.490082112038397
1476,face,FACE_223_222,223,222,11.413738259938095
1477,face,FACE_435_401,435,401,17.609721743620636
1478,face,FACE_230_118,230,118,18.464039017764165
1479,face,FACE_222_28,222,28,3.4995149544590882
1480,face,FACE_408_304,408,304,5.685815131508541
1481,face,FACE_50_187,50,187,20.483876966186976
1482,face,FACE_42_183,42,183,4.781230998908128
1483,face,FACE_183_42,183,42,4.781230998908128
1484,face,FACE_187_192,187,192,21.663182575323496
1485,face,FACE_25_130,25,130,5.090069614502462
1486,face,FACE_265_340,265,340,9.604305885994378
1487,face,FACE_92_40,92,40,7.688510348544773
1488,face,FACE_371_358,371,358,10.118674976019328
1489,face,FACE_211_140,211,140,19.822600597658134
1490,face,FACE_35_143,35,143,8.019564895114907
1491,face,FACE_15_85,15,85,10.33711229896176
1492,face,FACE_142_126,142,126,9.608843685985
1493,face,FACE_195_281,195,281,11.609827704686076
1494,face,FACE_440_457,440,457,6.222929184553469
1495,face,FACE_221_190,221,190,7.680959532586236
1496,face,FACE_386_257,386,257,7.387266916265221
1497,face,FACE_277_350,277,350,4.918295596330764
1498,face,FACE_251_298,251,298,16.796592753781653
1499,face,FACE_383_368,383,368,9.31295603660488
1500,face,FACE_255_448,255,448,7.785940933674893
1501,face,FACE_290_289,290,289,6.53995383267418
1502,face,FACE_317_14,317,14,8.426811635287919
1503,face,FACE_103_54,103,54,19.50004189744255
1504,face,FACE_414_441,414,441,7.805016173383176
1505,face,FACE_160_30,160,30,9.912710415014152
1506,face,FACE_174_114,174,114,5.2183781960243305
1507,face,FACE_326_328,326,328,1.885816884765619
1508,face,FACE_460_328,460,328,8.517638092974138
1509,face,FACE_152_175,152,175,7.048931610488476
1510,face,FACE_124_113,124,113,7.312323676516794
1511,face,FACE_367_365,367,365,24.375002584471428
1512,face,FACE_98_240,98,240,2.6950810418849374
1513,face,FACE_64_98,64,98,5.607321518372489
1514,face,FACE_262_428,262,428,14.355156072590553
1515,face,FACE_396_428,396,428,9.344980714545633
1516,face,FACE_122_188,122,188,7.115005496194414
1517,face,FACE_327_328,327,328,10.724238346375337
1518,face,FACE_80_42,80,42,2.1981459497005993
1519,face,FACE_265_353,265,353,10.420899413961832
1520,face,FACE_38_82,38,82,2.4297846341410425
1521,face,FACE_282_442,282,442,14.436505115241653
1522,face,FACE_209_49,209,49,6.033203412340637
1523,face,FACE_73_39,73,39,3.404702986559687
1524,face,FACE_25_228,25,228,8.693930650627026
1525,face,FACE_302_11,302,11,10.220860726297845
1526,face,FACE_100_142,100,142,8.826644805434185
1527,face,FACE_447_366,447,366,18.167577588048527
1528,face,FACE_460_305,460,305,3.240784216929846
1529,face,FACE_451_256,451,256,7.430952158484915
1530,face,FACE_1_19,1,19,4.864658200448114
1531,face,FACE_421_313,421,313,10.058019173897122
1532,face,FACE_370_2,370,2,4.20221908666002
1533,face,FACE_434_432,434,432,10.966158872874702
1534,face,FACE_321_375,321,375,5.921660935792049
1535,face,FACE_308_292,308,292,1.0946324010830664
1536,face,FACE_179_178,179,178,2.680189939118926
1537,face,FACE_39_167,39,167,15.814454573655134
1538,face,FACE_459_461,459,461,6.167665089545414
1539,face,FACE_46_63,46,63,11.324511984843827
1540,face,FACE_391_326,391,326,18.65863619189717
1541,face,FACE_417_464,417,464,10.511717222766707
1542,face,FACE_197_195,197,195,7.891042427440453
1543,face,FACE_230_229,230,229,10.774691369298116
1544,face,FACE_356_368,356,368,19.8784049128342
1545,face,FACE_349_329,349,329,6.310776743493254
1546,face,FACE_241_238,241,238,1.4560525232416976
1547,face,FACE_326_462,326,462,5.34523289738725
1548,face,FACE_52_222,52,222,16.396114431834786
1549,face,FACE_401_376,401,376,9.343911503338713
1550,face,FACE_172_138,172,138,11.276450044299411
1551,face,FACE_245_128,245,128,7.74351074679925
1552,face,FACE_288_435,288,435,10.254152036017725
1553,face,FACE_382_362,382,362,2.0889911985044556
1554,face,FACE_407_306,407,306,5.554074264363409
1555,face,FACE_187_123,187,123,23.244780245416006
1556,face,FACE_292_325,292,325,4.626281650428749
1557,face,FACE_212_216,212,216,15.973941230761332
1558,face,FACE_411_425,411,425,20.408789211029966
1559,face,FACE_143_116,143,116,16.09888863822249
1560,face,FACE_349_450,349,450,10.402824481345693
1561,face,FACE_216_186,216,186,9.397250811984186
1562,face,FACE_296_295,296,295,6.212275204704112
1563,face,FACE_18_201,18,201,15.600759501121615
1564,face,FACE_247_30,247,30,5.270638002934588
1565,face,FACE_262_418,262,418,10.5735133818445
1566,face,FACE_14_316,14,316,9.720841596010729
1567,face,FACE_14_87,14,87,8.104781371858714
1568,face,FACE_114_174,114,174,5.2183781960243305
1569,face,FACE_195_248,195,248,6.406345983798974
1570,face,FACE_300_301,300,301,11.104689430586955
1571,face,FACE_162_71,162,71,17.21277742060358
1572,face,FACE_181_84,181,84,9.227046468210908
1573,face,FACE_423_371,423,371,17.474341910386855
1574,face,FACE_369_400,369,400,8.220199823929045
1575,face,FACE_330_329,330,329,14.247252214830896
1576,face,FACE_142_129,142,129,10.0297889932747
1577,face,FACE_188_245,188,245,4.199358318932825
1578,face,FACE_333_334,333,334,19.14576058035523
1579,face,FACE_334_299,334,299,24.384698717058775
1580,face,FACE_274_19,274,19,8.063700231987848
1581,face,FACE_251_301,251,301,7.827735917210626
1582,face,FACE_264_383,264,383,18.68989477925276
1583,face,FACE_76_183,76,183,5.141597453818575
1584,face,FACE_355_358,355,358,16.78842143723527
1585,face,FACE_434_422,434,422,18.267694715660948
1586,face,FACE_286_258,286,258,7.171667838781634
1587,face,FACE_372_447,372,447,20.54279080554417
1588,face,FACE_31_117,31,117,11.338252860413746
1589,face,FACE_438_392,438,392,3.3383024457961827
1590,face,FACE_38_13,38,13,9.250546722267613
1591,face,FACE_1_274,1,274,6.289649601487628
1592,face,FACE_168_122,168,122,12.519258691958836
1593,face,FACE_121_47,121,47,5.757149619885019
1594,face,FACE_7_25,7,25,5.109390142329608
1595,face,FACE_138_136,138,136,24.509529825888574
1596,face,FACE_262_431,262,431,12.828981419079595
1597,face,FACE_97_98,97,98,12.082967966709004
1598,face,FACE_369_377,369,377,18.45289923410833
1599,face,FACE_463_341,463,341,3.5841952406497426
1600,face,FACE_401_366,401,366,19.16062854559466
1601,face,FACE_146_76,146,76,4.447715889806
1602,face,FACE_9_107,9,107,17.888533818638507
1603,face,FACE_451_452,451,452,7.164955703981082
1604,face,FACE_238_79,238,79,7.598939478499196
1605,face,FACE_462_461,462,461,2.3417447292461264
1606,face,FACE_132_177,132,177,6.643003740493818
1607,face,FACE_441_258,441,258,12.075566773066452
1608,face,FACE_339_390,339,390,5.291276707853932
1609,face,FACE_204_202,204,202,12.400418164902316
1610,face,FACE_90_180,90,180,6.713267259298183
1611,face,FACE_410_270,410,270,14.016103707056807
1612,face,FACE_355_371,355,371,9.522780904564977
1613,face,FACE_176_140,176,140,8.261932895045183
1614,face,FACE_27_160,27,160,10.007830262265223
1615,face,FACE_447_454,447,454,3.712783306085899
1616,face,FACE_114_128,114,128,4.606403849012259
1617,face,FACE_466_467,466,467,6.714036584494561
1618,face,FACE_188_114,188,114,8.362906063272195
1619,face,FACE_141_2,141,2,3.6624242792020625
1620,face,FACE_91_181,91,181,8.074075500184454
1621,face,FACE_78_62,78,62,1.1077276366810582
1622,face,FACE_232_120,232,120,11.327666122028404
1623,face,FACE_48_219,48,219,3.5830452506677566
1624,face,FACE_400_378,400,378,12.086999605377915
1625,face,FACE_207_212,207,212,23.14563721153045
1626,face,FACE_406_421,406,421,15.39906295647407
1627,face,FACE_199_208,199,208,15.845098761549526
1628,face,FACE_439_455,439,455,2.3037553987957002
1629,face,FACE_250_290,250,290,5.054723439857391
1630,face,FACE_405_313,405,313,11.860910509791387
1631,face,FACE_269_303,269,303,3.334260365680965
1632,face,FACE_295_441,295,441,14.764511992020253
1633,face,FACE_36_101,36,101,11.258403728236399
1634,face,FACE_261_448,261,448,5.391640504483781
1635,face,FACE_388_260,388,260,7.406769859147943
1636,face,FACE_20_242,20,242,1.995415188372126
1637,face,FACE_414_398,414,398,4.215479150432537
1638,face,FACE_273_422,273,422,9.146237194021575
1639,face,FACE_433_411,433,411,15.387379623379978
1640,face,FACE_4_5,4,5,10.507773022813534
1641,face,FACE_159_28,159,28,9.902618769364583
1642,face,FACE_255_261,255,261,8.467379942431696
1643,face,FACE_175_152,175,152,7.048931610488476
1644,face,FACE_117_31,117,31,11.338252860413746
1645,face,FACE_99_242,99,242,5.867748731774333
1646,face,FACE_133_155,133,155,2.045145656285655
1647,face,FACE_53_46,53,46,10.21798388587433
1648,face,FACE_66_65,66,65,6.556751342764602
1649,face,FACE_406_313,406,313,11.105066210030081
1650,face,FACE_322_436,322,436,14.424976196529254
1651,face,FACE_337_299,337,299,18.578470567804345
1652,face,FACE_134_236,134,236,7.237425203306011
1653,face,FACE_456_399,456,399,6.829781802544768
1654,face,FACE_328_250,328,250,4.677357468981972
1655,face,FACE_247_33,247,33,6.117210486367883
1656,face,FACE_365_397,365,397,14.186574003738722
1657,face,FACE_70_71,70,71,8.058641421580724
1658,face,FACE_338_151,338,151,30.92025982646672
1659,face,FACE_35_113,35,113,13.625634021566286
1660,face,FACE_94_19,94,19,2.222241271914415
1661,face,FACE_194_106,194,106,15.345569222380753
1662,face,FACE_447_323,447,323,22.945618241665944
1663,face,FACE_31_228,31,228,5.72972675556304
1664,face,FACE_185_57,185,57,10.597290659507655
1665,face,FACE_63_68,63,68,11.292570861585219
1666,face,FACE_104_69,104,69,19.94384464287401
1667,face,FACE_43_202,43,202,8.387703896234433
1668,face,FACE_217_126,217,126,8.199785017090516
1669,face,FACE_21_71,21,71,8.794917642348807
1670,face,FACE_454_447,454,447,3.712783306085899
1671,face,FACE_140_171,140,171,14.878607592650596
1672,face,FACE_398_286,398,286,9.35878765408667
1673,face,FACE_245_193,245,193,10.039304598374828
1674,face,FACE_56_28,56,28,8.299734532230099
1675,face,FACE_196_188,196,188,5.761436970598568
1676,face,FACE_435_433,435,433,9.945040050240731
1677,face,FACE_54_104,54,104,21.389670053953353
1678,face,FACE_368_300,368,300,15.14721373509268
1679,face,FACE_273_291,273,291,9.042632423533108
1680,face,FACE_92_216,92,216,13.974829548297073
1681,face,FACE_255_359,255,359,5.004283618634974
1682,face,FACE_437_399,437,399,7.602687027844528
1683,face,FACE_309_250,309,250,8.674608708671657
1684,face,FACE_322_269,322,269,14.738665849350667
1685,face,FACE_113_46,113,46,9.996307502656578
1686,face,FACE_59_75,59,75,2.293535041406311
1687,face,FACE_146_43,146,43,6.466798293482198
1688,face,FACE_358_371,358,371,10.118674976019328
1689,face,FACE_362_341,362,341,2.387459704185997
1690,face,FACE_148_152,148,152,16.486069000838757
1691,face,FACE_200_428,200,428,19.297020247028176
1692,face,FACE_140_148,140,148,18.983464868550623
1693,face,FACE_221_222,221,222,13.940914298316441
1694,face,FACE_200_199,200,199,11.081994272776772
1695,face,FACE_240_235,240,235,3.2269583144372516
1696,face,FACE_272_304,272,304,2.7275334417019743
1697,face,FACE_232_231,232,231,8.31837714633628
1698,face,FACE_421_18,421,18,16.455488038970294
1699,face,FACE_446_340,446,340,13.770201575449947
1700,face,FACE_55_189,55,189,11.740214805000347
1701,face,FACE_169_211,169,211,12.906519073016653
1702,face,FACE_287_432,287,432,8.3823184841422
1703,face,FACE_228_117,228,117,11.272251755903172
1704,face,FACE_233_232,233,232,6.0270223448854265
1705,face,FACE_125_141,125,141,2.225936627244049
1706,face,FACE_453_464,453,464,5.618236629115031
1707,face,FACE_310_415,310,415,5.213227873889591
1708,face,FACE_289_392,289,392,1.4691099245977552
1709,face,FACE_416_433,416,433,11.919298135309027
1710,face,FACE_322_426,322,426,12.139976316515
1711,face,FACE_294_327,294,327,5.718086832061121
1712,face,FACE_118_101,118,101,14.69355100460074
1713,face,FACE_199_175,199,175,9.539163968958487
1714,face,FACE_438_457,438,457,5.058681263347047
1715,face,FACE_366_352,366,352,9.386692176714593
1716,face,FACE_404_315,404,315,8.832196035832517
1717,face,FACE_269_270,269,270,7.99648662013138
1718,face,FACE_367_433,367,433,24.023789555993776
1719,face,FACE_298_333,298,333,16.068469702513735
1720,face,FACE_311_272,311,272,7.678312096136589
1721,face,FACE_0_267,0,267,10.544889187687348
1722,face,FACE_252_451,252,451,4.19286193635976
1723,face,FACE_179_89,179,89,5.712359900069166
1724,face,FACE_25_31,25,31,9.358750374618355
1725,face,FACE_278_360,278,360,9.54194180166429
1726,face,FACE_269_391,269,391,10.604437760090343
1727,face,FACE_325_292,325,292,4.626281650428749
1728,face,FACE_413_441,413,441,8.259434055274761
1729,face,FACE_107_69,107,69,29.82669702529058
1730,face,FACE_92_206,92,206,11.917186975555861
1731,face,FACE_365_364,365,364,12.10213252194473
1732,face,FACE_363_440,363,440,7.873212529200099
1733,face,FACE_62_183,62,183,4.146256094806607
1734,face,FACE_187_214,187,214,30.97516801640173
1735,face,FACE_455_294,455,294,3.1119846014349344
1736,face,FACE_133_243,133,243,2.8533595703393533
1737,face,FACE_387_388,387,388,4.3280514709378854
1738,face,FACE_219_166,219,166,3.4824311197201405
1739,face,FACE_350_357,350,357,7.095034686012627
1740,face,FACE_109_151,109,151,30.923128353814356
1741,face,FACE_448_254,448,254,12.537053515441725
1742,face,FACE_419_456,419,456,12.783311623152052
1743,face,FACE_431_430,431,430,13.587266297965137
1744,face,FACE_50_101,50,101,21.46980218807126
1745,face,FACE_423_426,423,426,11.823893356463657
1746,face,FACE_222_27,222,27,9.783812463150813
1747,face,FACE_287_422,287,422,13.41852343232538
1748,face,FACE_321_335,321,335,7.594177123668263
1749,face,FACE_152_377,152,377,16.583343596702363
1750,face,FACE_165_167,165,167,15.046671393558533
1751,face,FACE_167_97,167,97,7.361304415394276
1752,face,FACE_43_61,43,61,9.311199105520332
1753,face,FACE_306_291,306,291,1.164523390341074
1754,face,FACE_79_20,79,20,8.654483661980045
1755,face,FACE_465_464,465,464,3.4054206296376797
1756,face,FACE_432_287,432,287,8.3823184841422
1757,face,FACE_195_51,195,51,11.646538002691743
1758,face,FACE_221_189,221,189,9.069563136372752
1759,face,FACE_239_237,239,237,1.7205834229546844
1760,face,FACE_85_179,85,179,8.924123593230187
1761,face,FACE_272_271,272,271,6.401595967731571
1762,face,FACE_445_342,445,342,7.454730418271203
1763,face,FACE_344_439,344,439,6.474459545739765
1764,face,FACE_42_74,42,74,2.8226381031541403
1765,face,FACE_162_139,162,139,7.008437256349995
1766,face,FACE_347_450,347,450,15.98528072916122
1767,face,FACE_133_112,133,112,2.6620775991723575
1768,face,FACE_387_257,387,257,9.232985573450591
1769,face,FACE_460_327,460,327,2.714283541927569
1770,face,FACE_57_202,57,202,13.282067373565242
1771,face,FACE_271_311,271,311,2.1804557268118883
1772,face,FACE_123_147,123,147,17.43387128645556
1773,face,FACE_437_343,437,343,6.942453098999315
1774,face,FACE_275_281,275,281,9.75372437636547
1775,face,FACE_340_261,340,261,10.05647878712839
1776,face,FACE_161_30,161,30,7.697941610648461
1777,face,FACE_338_337,338,337,19.283276525670132
1778,face,FACE_357_350,357,350,7.095034686012627
1779,face,FACE_217_47,217,47,6.080333015757477
1780,face,FACE_309_459,309,459,2.8725188242449793
1781,face,FACE_255_339,255,339,4.274091242240091
1782,face,FACE_287_291,287,291,10.464546266234144
1783,face,FACE_139_127,139,127,20.509710960484842
1784,face,FACE_268_12,268,12,9.3930716111513
1785,face,FACE_38_81,38,81,6.237242569905625
1786,face,FACE_230_22,230,22,11.67729807343039
1787,face,FACE_101_100,101,100,14.245070014869048
1788,face,FACE_81_42,81,42,7.172015256547855
1789,face,FACE_220_237,220,237,6.2520224373834425
1790,face,FACE_404_403,404,403,3.7098030386798797
1791,face,FACE_351_168,351,168,12.496645425266518
1792,face,FACE_405_404,405,404,4.239292035929554
1793,face,FACE_61_185,61,185,4.421796379049563
1794,face,FACE_396_175,396,175,17.00844816703522
1795,face,FACE_93_137,93,137,5.3443589064611166
1796,face,FACE_79_239,79,239,3.0457755131417077
1797,face,FACE_313_406,313,406,11.105066210030081
1798,face,FACE_424_273,424,273,14.025962263241487
1799,face,FACE_266_330,266,330,11.284071616352804
1800,face,FACE_196_122,196,122,7.925078944404649
1801,face,FACE_435_367,435,367,16.625119148230898
1802,face,FACE_108_9,108,9,31.12754298090358
1803,face,FACE_242_238,242,238,3.376514582319806
1804,face,FACE_375_273,375,273,8.072881534346957
1805,face,FACE_293_283,293,283,6.472785305880345
1806,face,FACE_205_207,205,207,15.799571863200981
1807,face,FACE_123_137,123,137,10.208537316504646
1808,face,FACE_130_33,130,33,4.121525374070299
1809,face,FACE_223_224,223,224,9.775395062309778
1810,face,FACE_230_120,230,120,11.181670756701564
1811,face,FACE_408_306,408,306,4.313465524851759
1812,face,FACE_92_186,92,186,9.048646526188568
1813,face,FACE_345_366,345,366,23.526232689855465
1814,face,FACE_18_200,18,200,9.682980912062707
1815,face,FACE_65_52,65,52,15.327382975210082
1816,face,FACE_76_61,76,61,1.1680102957764762
1817,face,FACE_9_8,9,8,10.649215786134329
1818,face,FACE_342_446,342,446,7.436597780037981
1819,face,FACE_14_86,14,86,9.3572104874692
1820,face,FACE_202_57,202,57,13.282067373565242
1821,face,FACE_335_321,335,321,7.594177123668263
1822,face,FACE_20_166,20,166,11.744915178488586
1823,face,FACE_379_364,379,364,24.803761254253587
1824,face,FACE_265_342,265,342,13.430824371416001
1825,face,FACE_32_140,32,140,9.539117918078988
1826,face,FACE_385_258,385,258,6.747449778219896
1827,face,FACE_390_373,390,373,4.0352633323601275
1828,face,FACE_231_120,231,120,5.803429406117924
1829,face,FACE_77_62,77,62,3.6380951536385364
1830,face,FACE_257_258,257,258,7.642558922000071
1831,face,FACE_15_316,15,316,9.380174749504087
1832,face,FACE_42_41,42,41,5.761179332087029
1833,face,FACE_289_290,289,290,6.53995383267418
1834,face,FACE_340_372,340,372,11.369936221058817
1835,face,FACE_187_50,187,50,20.483876966186976
1836,face,FACE_352_346,352,346,25.305884322655395
1837,face,FACE_70_139,70,139,16.57551101323103
1838,face,FACE_416_367,416,367,14.904333974613369
1839,face,FACE_41_81,41,81,2.326502070698365
1840,face,FACE_285_441,285,441,9.084349855867627
1841,face,FACE_277_437,277,437,5.880244157466902
1842,face,FACE_178_86,178,86,6.974627114883452
1843,face,FACE_224_53,224,53,7.431591854920463
1844,face,FACE_284_333,284,333,19.70995411754021
1845,face,FACE_116_111,116,111,12.060161522986775
1846,face,FACE_108_107,108,107,22.03157982858599
1847,face,FACE_415_407,415,407,1.8905053001669996
1848,face,FACE_1_44,1,44,6.322784301864581
1849,face,FACE_327_294,327,294,5.718086832061121
1850,face,FACE_439_392,439,392,3.4186150133619093
1851,face,FACE_57_61,57,61,7.8302540435656685
1852,face,FACE_138_135,138,135,14.301741012779909
1853,face,FACE_109_108,109,108,19.153412489617956
1854,face,FACE_229_24,229,24,8.011164589619439
1855,face,FACE_106_182,106,182,9.965750356178944
1856,face,FACE_277_329,277,329,9.789789485500199
1857,face,FACE_278_294,278,294,3.8846838840574094
1858,face,FACE_274_440,274,440,9.68264298931637
1859,face,FACE_436_322,436,322,14.424976196529254
1860,face,FACE_422_424,422,424,11.958316415142898
1861,face,FACE_286_414,286,414,8.226698844458749
1862,face,FACE_360_363,360,363,7.940258264591921
1863,face,FACE_359_255,359,255,5.004283618634974
1864,face,FACE_85_15,85,15,10.33711229896176
1865,face,FACE_397_367,397,367,11.354063674308899
1866,face,FACE_224_30,224,30,6.713204969300224
1867,face,FACE_27_159,27,159,7.955938215170139
1868,face,FACE_139_71,139,71,15.390509031636618
1869,face,FACE_406_335,406,335,9.619709902442048
1870,face,FACE_344_360,344,360,5.022604216897158
1871,face,FACE_348_330,348,330,9.584043771619186
1872,face,FACE_418_431,418,431,14.472959331156996
1873,face,FACE_269_302,269,302,10.969306298213395
1874,face,FACE_189_193,189,193,7.0259058072100995
1875,face,FACE_36_100,36,100,17.248197904784647
1876,face,FACE_230_231,230,231,10.268161283100802
1877,face,FACE_169_135,169,135,14.906860961983442
1878,face,FACE_441_414,441,414,7.805016173383176
1879,face,FACE_447_345,447,345,9.180272369948389
1880,face,FACE_407_272,407,272,5.387838738448495
1881,face,FACE_44_220,44,220,9.865545258996448
1882,face,FACE_100_121,100,121,14.10633459620574
1883,face,FACE_200_208,200,208,18.447063485033638
1884,face,FACE_264_372,264,372,9.746050704583302
1885,face,FACE_270_303,270,303,8.472568647065776
1886,face,FACE_271_268,271,268,8.193137157033028
1887,face,FACE_276_383,276,383,13.200804752003345
1888,face,FACE_434_411,434,411,30.935211724454813
1889,face,FACE_198_134,198,134,4.380314457801088
1890,face,FACE_144_163,144,163,4.454086703623821
1891,face,FACE_411_427,411,427,11.959076780001446
1892,face,FACE_349_452,349,452,9.09550711446967
1893,face,FACE_275_274,275,274,8.342214036111681
1894,face,FACE_242_97,242,97,5.562970916707819
1895,face,FACE_307_306,307,306,4.427822777124501
1896,face,FACE_133_190,133,190,5.165883485793103
1897,face,FACE_234_93,234,93,19.34868497169405
1898,face,FACE_5_4,5,4,10.507773022813534
1899,face,FACE_445_276,445,276,7.164919293699523
1900,face,FACE_329_330,329,330,14.247252214830896
1901,face,FACE_374_252,374,252,7.440870677164498
1902,face,FACE_27_28,27,28,8.852005019862958
1903,face,FACE_0_11,0,11,3.2173563500451343
1904,face,FACE_437_277,437,277,5.880244157466902
1905,face,FACE_382_341,382,341,2.631653466555249
1906,face,FACE_140_170,140,170,13.531873697404935
1907,face,FACE_280_330,280,330,21.443247905018072
1908,face,FACE_166_79,166,79,4.2588775925741835
1909,face,FACE_111_143,111,143,12.052821645229223
1910,face,FACE_226_130,226,130,6.931642026298701
1911,face,FACE_186_57,186,57,8.58494141815526
1912,face,FACE_391_426,391,426,15.754565246911303
1913,face,FACE_105_69,105,69,23.388197506542816
1914,face,FACE_123_117,123,117,24.09464991303585
1915,face,FACE_256_381,256,381,3.3966675052714743
1916,face,FACE_301_389,301,389,15.78025647058487
1917,face,FACE_428_200,428,200,19.297020247028176
1918,face,FACE_167_165,167,165,15.046671393558533
1919,face,FACE_132_58,132,58,21.81034062660972
1920,face,FACE_19_1,19,1,4.864658200448114
1921,face,FACE_125_19,125,19,3.773419535976898
1922,face,FACE_89_96,89,96,4.441448828500437
1923,face,FACE_418_421,418,421,12.846923494197705
1924,face,FACE_340_352,340,352,25.447526436426042
1925,face,FACE_48_64,48,64,3.781063039915273
1926,face,FACE_228_31,228,31,5.72972675556304
1927,face,FACE_459_309,459,309,2.8725188242449793
1928,face,FACE_72_12,72,12,10.467725142222577
1929,face,FACE_169_210,169,210,11.489816335911675
1930,face,FACE_215_177,215,177,17.675754814666202
1931,face,FACE_172_215,172,215,27.49393203295702
1932,face,FACE_215_213,215,213,10.031985671762598
1933,face,FACE_455_460,455,460,3.2632875071313308
1934,face,FACE_417_168,417,168,10.479774386204745
1935,face,FACE_461_354,461,354,2.2889398284024516
1936,face,FACE_413_463,413,463,7.166878728054266
1937,face,FACE_290_392,290,392,7.2524429892179585
1938,face,FACE_43_106,43,106,8.933573117674994
1939,face,FACE_423_327,423,327,11.078707852050393
1940,face,FACE_300_293,300,293,11.930569012491738
1941,face,FACE_34_143,34,143,9.929234940080622
1942,face,FACE_207_214,207,214,24.46206433452861
1943,face,FACE_119_101,119,101,9.107702626657012
1944,face,FACE_299_297,299,297,17.22133949608045
1945,face,FACE_377_396,377,396,6.910394658783772
1946,face,FACE_171_148,171,148,6.8477992219748085
1947,face,FACE_40_73,40,73,7.857661194680031
1948,face,FACE_41_38,41,38,7.466718886317569
1949,face,FACE_273_424,273,424,14.025962263241487
1950,face,FACE_146_91,146,91,5.809055891893925
1951,face,FACE_141_125,141,125,2.225936627244049
1952,face,FACE_299_333,299,333,19.550239396442013
1953,face,FACE_12_11,12,11,3.4542810099073655
1954,face,FACE_218_79,218,79,2.824783431525811
1955,face,FACE_50_123,50,123,19.0013422276646
1956,face,FACE_255_263,255,263,4.584026092433258
1957,face,FACE_180_89,180,89,6.591845917543537
1958,face,FACE_233_244,233,244,6.036145443923913
1959,face,FACE_45_44,45,44,8.341426501188057
1960,face,FACE_217_236,217,236,4.927085808750502
1961,face,FACE_351_465,351,465,6.11113321138373
1962,face,FACE_96_95,96,95,1.9955687479782247
1963,face,FACE_187_213,187,213,15.065590350685971
1964,face,FACE_113_35,113,35,13.625634021566286
1965,face,FACE_352_280,352,280,18.458177410110274
1966,face,FACE_426_266,426,266,19.209300511553415
1967,face,FACE_292_415,292,415,6.059196540285247
1968,face,FACE_65_107,65,107,17.67484899409712
1969,face,FACE_164_0,164,0,8.654710681915414
1970,face,FACE_2_167,2,167,12.928220317244248
1971,face,FACE_22_145,22,145,8.379639070561925
1972,face,FACE_444_283,444,283,6.6427923561761775
1973,face,FACE_429_420,429,420,6.752927079966428
1974,face,FACE_34_156,34,156,21.097986254697666
1975,face,FACE_100_101,100,101,14.245070014869048
1976,face,FACE_291_306,291,306,1.164523390341074
1977,face,FACE_138_213,138,213,23.936003488772645
1978,face,FACE_391_393,391,393,14.961135485310056
1979,face,FACE_43_204,43,204,14.056206603363698
1980,face,FACE_294_460,294,460,6.145248397694088
1981,face,FACE_414_413,414,413,4.985841663155904
1982,face,FACE_319_404,319,404,6.638369838034629
1983,face,FACE_420_456,420,456,7.891971270221439
1984,face,FACE_352_401,352,401,24.975198669397333
1985,face,FACE_413_417,413,417,7.692545853372514
1986,face,FACE_292_307,292,307,3.7580567464326404
1987,face,FACE_175_396,175,396,17.00844816703522
1988,face,FACE_223_27,223,27,4.200749787493791
1989,face,FACE_209_129,209,129,11.393026102633858
1990,face,FACE_422_273,422,273,9.146237194021575
1991,face,FACE_214_207,214,207,24.46206433452861
1992,face,FACE_206_203,206,203,11.831185699962385
1993,face,FACE_131_209,131,209,3.0799638180161515
1994,face,FACE_232_112,232,112,6.804071229044792
1995,face,FACE_425_427,425,427,16.051534933006867
1996,face,FACE_392_250,392,250,11.395189820495117
1997,face,FACE_457_459,457,459,1.8081700629932274
1998,face,FACE_444_260,444,260,6.781405121463788
1999,face,FACE_281_4,281,4,11.54101504052379
2000,face,FACE_433_367,433,367,24.023789555993776
2001,face,FACE_199_200,199,200,11.081994272776772
2002,face,FACE_197_419,197,419,6.9843409460000005
2003,face,FACE_11_0,11,0,3.2173563500451343
2004,face,FACE_344_438,344,438,4.245117763959711
2005,face,FACE_122_245,122,245,4.38290458142591
2006,face,FACE_300_368,300,368,15.14721373509268
2007,face,FACE_86_179,86,179,7.447229810420239
2008,face,FACE_32_208,32,208,14.477268306010684
2009,face,FACE_232_233,232,233,6.0270223448854265
2010,face,FACE_446_342,446,342,7.436597780037981
2011,face,FACE_203_206,203,206,11.831185699962385
2012,face,FACE_449_347,449,347,8.57410773662786
2013,face,FACE_202_210,202,210,10.168794709919988
2014,face,FACE_19_354,19,354,3.729550761928359
2015,face,FACE_19_125,19,125,3.773419535976898
2016,face,FACE_220_115,220,115,6.1505661208006
2017,face,FACE_412_465,412,465,2.96805040332195
2018,face,FACE_206_216,206,216,12.820807825097956
2019,face,FACE_154_26,154,26,3.879501220105118
2020,face,FACE_452_357,452,357,7.7123579411468315
2021,face,FACE_70_63,70,63,11.612547701614654
2022,face,FACE_170_150,170,150,8.92473651209441
2023,face,FACE_135_192,135,192,25.323120711926173
2024,face,FACE_69_67,69,67,17.11195681732184
2025,face,FACE_421_406,421,406,15.39906295647407
2026,face,FACE_367_435,367,435,16.625119148230898
2027,face,FACE_328_327,328,327,10.724238346375337
2028,face,FACE_333_293,333,293,22.28121811655382
2029,face,FACE_139_162,139,162,7.008437256349995
2030,face,FACE_305_460,305,460,3.240784216929846
2031,face,FACE_97_165,97,165,19.087207618208463
2032,face,FACE_393_164,393,164,10.829236359349286
2033,face,FACE_303_270,303,270,8.472568647065776
2034,face,FACE_268_312,268,312,2.263551133148586
2035,face,FACE_341_382,341,382,2.631653466555249
2036,face,FACE_421_262,421,262,17.363355448363528
2037,face,FACE_440_275,440,275,6.333611821473921
2038,face,FACE_25_33,25,33,4.791872820044904
2039,face,FACE_258_384,258,384,10.311498899785098
2040,face,FACE_332_333,332,333,13.810639412236947
2041,face,FACE_364_365,364,365,12.10213252194473
2042,face,FACE_269_393,269,393,13.755356875468754
2043,face,FACE_222_52,222,52,16.396114431834786
2044,face,FACE_437_355,437,355,8.037515104528692
2045,face,FACE_96_62,96,62,4.440875808220914
2046,face,FACE_6_168,6,168,7.9716961344314585
2047,face,FACE_440_360,440,360,6.137192911936729
2048,face,FACE_58_215,58,215,10.211416597826364
2049,face,FACE_397_435,397,435,27.407536063716332
2050,face,FACE_465_453,465,453,8.004813083749063
2051,face,FACE_358_327,358,327,9.333427093386502
2052,face,FACE_417_413,417,413,7.692545853372514
2053,face,FACE_135_169,135,169,14.906860961983442
2054,face,FACE_125_241,125,241,2.3565387204804122
2055,face,FACE_326_2,326,2,9.861359000536268
2056,face,FACE_291_273,291,273,9.042632423533108
2057,face,FACE_49_102,49,102,4.189640179248291
2058,face,FACE_75_240,75,240,3.243866310771797
2059,face,FACE_61_76,61,76,1.1680102957764762
2060,face,FACE_372_383,372,383,13.783063390111261
2061,face,FACE_205_206,205,206,13.85694868554647
2062,face,FACE_184_183,184,183,2.284286558810236
2063,face,FACE_144_110,144,110,8.625848449026254
2064,face,FACE_23_229,23,229,13.873961742607984
2065,face,FACE_412_419,412,419,5.556590798252677
2066,face,FACE_9_151,9,151,22.707590204768884
2067,face,FACE_62_77,62,77,3.6380951536385364
2068,face,FACE_327_460,327,460,2.714283541927569
2069,face,FACE_325_307,325,307,2.2066953791291364
2070,face,FACE_310_407,310,407,6.911983907241917
2071,face,FACE_329_277,329,277,9.789789485500199
2072,face,FACE_195_197,195,197,7.891042427440453
2073,face,FACE_267_302,267,302,4.211915545798564
2074,face,FACE_10_151,10,151,20.00372135058841
2075,face,FACE_170_140,170,140,13.531873697404935
2076,face,FACE_28_56,28,56,8.299734532230099
2077,face,FACE_288_361,288,361,21.68067714341894
2078,face,FACE_363_275,363,275,8.49790165561371
2079,face,FACE_15_86,15,86,9.05969071414539
2080,face,FACE_463_362,463,362,2.68487433941026
2081,face,FACE_209_217,209,217,12.9171686772717
2082,face,FACE_106_204,106,204,9.459988141486594
2083,face,FACE_213_187,213,187,15.065590350685971
2084,face,FACE_386_258,386,258,8.559391272628563
2085,face,FACE_215_147,215,147,24.032183099882307
2086,face,FACE_127_34,127,34,4.245454237462096
2087,face,FACE_387_259,387,259,7.794187095316358
2088,face,FACE_71_139,71,139,15.390509031636618
2089,face,FACE_240_60,240,60,7.420565560278165
2090,face,FACE_432_410,432,410,15.385693098674212
2091,face,FACE_241_141,241,141,3.9439779592393363
2092,face,FACE_214_187,214,187,30.97516801640173
2093,face,FACE_225_53,225,53,9.106255323792835
2094,face,FACE_111_31,111,31,11.189464420269326
2095,face,FACE_430_422,430,422,10.968141582433992
2096,face,FACE_117_111,117,111,7.994465019190113
2097,face,FACE_182_91,182,91,13.967871063066346
2098,face,FACE_229_23,229,23,13.873961742607984
2099,face,FACE_134_51,134,51,7.2839266132323495
2100,face,FACE_174_236,174,236,6.837206353363899
2101,face,FACE_319_325,319,325,4.630651578401887
2102,face,FACE_419_412,419,412,5.556590798252677
2103,face,FACE_9_285,9,285,19.075028870861065
2104,face,FACE_98_97,98,97,12.082967966709004
2105,face,FACE_282_443,282,443,6.290539090057516
2106,face,FACE_73_40,73,40,7.857661194680031
2107,face,FACE_302_12,302,12,10.680276327923782
2108,face,FACE_318_402,318,402,5.6848013373042505
2109,face,FACE_404_405,404,405,4.239292035929554
2110,face,FACE_275_440,275,440,6.333611821473921
2111,face,FACE_34_234,34,234,21.423147581581
2112,face,FACE_65_221,65,221,16.821564878144997
2113,face,FACE_86_15,86,15,9.05969071414539
2114,face,FACE_405_406,405,406,7.412689801511988
2115,face,FACE_358_294,358,294,3.633417314502372
2116,face,FACE_225_30,225,30,5.628856025110348
2117,face,FACE_116_123,116,123,16.946139984100206
2118,face,FACE_309_438,309,438,2.8109841332496015
2119,face,FACE_135_136,135,136,11.936552095340597
2120,face,FACE_196_3,196,3,7.376819658664701
2121,face,FACE_440_363,440,363,7.873212529200099
2122,face,FACE_272_407,272,407,5.387838738448495
2123,face,FACE_467_466,467,466,6.714036584494561
2124,face,FACE_273_335,273,335,8.516755080621529
2125,face,FACE_438_439,438,439,5.193732697093924
2126,face,FACE_226_31,226,31,7.139904790196161
2127,face,FACE_110_228,110,228,8.77518718742038
2128,face,FACE_391_327,391,327,12.675901034623413
2129,face,FACE_449_448,449,448,7.9807525375842285
2130,face,FACE_197_196,197,196,7.086594844759215
2131,face,FACE_129_98,129,98,9.365534861668175
2132,face,FACE_61_43,61,43,9.311199105520332
2133,face,FACE_106_194,106,194,15.345569222380753
2134,face,FACE_52_223,52,223,7.07010735730428
2135,face,FACE_237_125,237,125,9.441268301689226
2136,face,FACE_33_246,33,246,2.247811191060417
2137,face,FACE_341_362,341,362,2.387459704185997
2138,face,FACE_53_224,53,224,7.431591854920463
2139,face,FACE_408_272,408,272,7.120419256442493
2140,face,FACE_45_220,45,220,6.506878211313358
2141,face,FACE_280_352,280,352,18.458177410110274
2142,face,FACE_351_412,351,412,7.063340167025168
2143,face,FACE_271_303,271,303,3.1234001747101363
2144,face,FACE_231_230,231,230,10.268161283100802
2145,face,FACE_267_269,267,269,11.612446418426005
2146,face,FACE_79_218,79,218,2.824783431525811
2147,face,FACE_37_72,37,72,4.254511100419624
2148,face,FACE_390_339,390,339,5.291276707853932
2149,face,FACE_313_421,313,421,10.058019173897122
2150,face,FACE_157_173,157,173,5.735074024865662
2151,face,FACE_437_456,437,456,4.598149767324165
2152,face,FACE_458_250,458,250,1.6242948247624034
2153,face,FACE_47_121,47,121,5.757149619885019
2154,face,FACE_60_240,60,240,7.420565560278165
2155,face,FACE_412_399,412,399,7.396876132710598
2156,face,FACE_39_37,39,37,10.557696668234499
2157,face,FACE_76_184,76,184,3.9213547996839
2158,face,FACE_123_116,123,116,16.946139984100206
2159,face,FACE_362_398,362,398,2.839318464030532
2160,face,FACE_309_392,309,392,3.9120418551720233
2161,face,FACE_302_267,302,267,4.211915545798564
2162,face,FACE_293_298,293,298,15.213112496053295
2163,face,FACE_92_165,92,165,9.57718248039361
2164,face,FACE_4_281,4,281,11.54101504052379
2165,face,FACE_186_92,186,92,9.048646526188568
2166,face,FACE_58_172,58,172,18.031874861927175
2167,face,FACE_3_236,3,236,7.188212009293353
2168,face,FACE_105_104,105,104,15.244769936412478
2169,face,FACE_178_88,178,88,5.309834437602641
2170,face,FACE_418_335,418,335,15.002391015657913
2171,face,FACE_395_431,395,431,10.510411553971851
2172,face,FACE_108_109,108,109,19.153412489617956
2173,face,FACE_428_199,428,199,15.875373301497323
2174,face,FACE_194_32,194,32,10.214514591898057
2175,face,FACE_99_60,99,60,2.024815354242873
2176,face,FACE_250_458,250,458,1.6242948247624034
2177,face,FACE_97_99,97,99,1.8510755001560657
2178,face,FACE_83_201,83,201,9.816745414107027
2179,face,FACE_98_64,98,64,5.607321518372489
2180,face,FACE_343_277,343,277,7.915403405873412
2181,face,FACE_35_124,35,124,10.644953749774979
2182,face,FACE_114_188,114,188,8.362906063272195
2183,face,FACE_5_281,5,281,6.753379476317234
2184,face,FACE_440_438,440,438,6.728370735245661
2185,face,FACE_372_340,372,340,11.369936221058817
2186,face,FACE_243_189,243,189,6.882823571153285
2187,face,FACE_90_96,90,96,4.349367676060224
2188,face,FACE_419_6,419,6,12.209086494184394
2189,face,FACE_323_447,323,447,22.945618241665944
2190,face,FACE_9_108,9,108,31.12754298090358
2191,face,FACE_289_305,289,305,2.373428646773653
2192,face,FACE_216_92,216,92,13.974829548297073
2193,face,FACE_433_435,433,435,9.945040050240731
2194,face,FACE_212_207,212,207,23.14563721153045
2195,face,FACE_411_416,411,416,21.869084804607887
2196,face,FACE_130_25,130,25,5.090069614502462
2197,face,FACE_129_209,129,209,11.393026102633858
2198,face,FACE_441_295,441,295,14.764511992020253
2199,face,FACE_392_439,392,439,3.4186150133619093
2200,face,FACE_91_182,91,182,13.967871063066346
2201,face,FACE_331_279,331,279,4.253106663191658
2202,face,FACE_270_269,270,269,7.99648662013138
2203,face,FACE_329_355,329,355,9.229095870654206
2204,face,FACE_295_442,295,442,6.161302208392912
2205,face,FACE_241_242,241,242,2.2272790923710053
2206,face,FACE_301_293,301,293,17.505187325846183
2207,face,FACE_18_313,18,313,10.662246339151498
2208,face,FACE_93_227,93,227,22.9301606869258
2209,face,FACE_399_419,399,419,7.05247513106817
2210,face,FACE_419_248,419,248,7.39088977444655
2211,face,FACE_303_302,303,302,9.717785676172674
2212,face,FACE_274_275,274,275,8.342214036111681
2213,face,FACE_41_73,41,73,3.216605296872691
2214,face,FACE_252_256,252,256,5.809579331828716
2215,face,FACE_37_39,37,39,10.557696668234499
2216,face,FACE_304_303,304,303,7.134640942767167
2217,face,FACE_156_139,156,139,8.130887675802411
2218,face,FACE_296_299,296,299,22.459597828023696
2219,face,FACE_351_6,351,6,7.4454158646071
2220,face,FACE_242_99,242,99,5.867748731774333
2221,face,FACE_188_128,188,128,4.563495573276413
2222,face,FACE_467_446,467,446,9.623366537868431
2223,face,FACE_371_329,371,329,8.900109517786278
2224,face,FACE_337_336,337,336,24.975058213276156
2225,face,FACE_402_316,402,316,7.14031381124047
2226,face,FACE_235_59,235,59,3.3384365237484617
2227,face,FACE_67_103,67,103,22.49201258248511
2228,face,FACE_125_44,125,44,5.291079719612544
2229,face,FACE_56_173,56,173,9.67823049474691
2230,face,FACE_145_22,145,22,8.379639070561925
2231,face,FACE_464_413,464,413,7.3954958259824455
2232,face,FACE_190_173,190,173,4.404782757365628
2233,face,FACE_267_393,267,393,7.443589497372769
2234,face,FACE_319_403,319,403,6.046963000766805
2235,face,FACE_72_37,72,37,4.254511100419624
2236,face,FACE_232_26,232,26,4.617551350081589
2237,face,FACE_292_306,292,306,1.1424649446329243
2238,face,FACE_403_402,403,402,2.7202949844101743
2239,face,FACE_320_404,320,404,7.011961607264454
2240,face,FACE_360_440,360,440,6.137192911936729
2241,face,FACE_441_285,441,285,9.084349855867627
2242,face,FACE_368_301,368,301,15.166520558389005
2243,face,FACE_425_426,425,426,14.113532124844825
2244,face,FACE_2_94,2,94,2.330905418235874
2245,face,FACE_341_463,341,463,3.5841952406497426
2246,face,FACE_208_199,208,199,15.845098761549526
2247,face,FACE_215_58,215,58,10.211416597826364
2248,face,FACE_407_408,407,408,2.1633783655146956
2249,face,FACE_101_36,101,36,11.258403728236399
2250,face,FACE_455_305,455,305,5.194287746196704
2251,face,FACE_400_369,400,369,8.220199823929045
2252,face,FACE_126_129,126,129,16.65068851396105
2253,face,FACE_233_112,233,112,4.615465655099025
2254,face,FACE_412_343,412,343,8.256649633347031
2255,face,FACE_458_459,458,459,4.789993104854744
2256,face,FACE_63_46,63,46,11.324511984843827
2257,face,FACE_135_214,135,214,16.943632030446732
2258,face,FACE_421_428,421,428,11.205803612888067
2259,face,FACE_86_178,86,178,6.974627114883452
2260,face,FACE_449_346,449,346,15.788112033450382
2261,face,FACE_301_368,301,368,15.166520558389005
2262,face,FACE_137_116,137,116,23.56696268185273
2263,face,FACE_450_347,450,347,15.98528072916122
2264,face,FACE_237_239,237,239,1.7205834229546844
2265,face,FACE_83_181,83,181,15.76894919917415
2266,face,FACE_170_149,170,149,10.334885839778789
2267,face,FACE_243_133,243,133,2.8533595703393533
2268,face,FACE_384_258,384,258,10.311498899785098
2269,face,FACE_370_94,370,94,2.9555294265030922
2270,face,FACE_208_32,208,32,14.477268306010684
2271,face,FACE_40_39,40,39,7.421347506283836
2272,face,FACE_155_26,155,26,4.744742280221402
2273,face,FACE_207_216,207,216,12.211710056471718
2274,face,FACE_213_147,213,147,15.045816734982646
2275,face,FACE_453_357,453,357,3.590247073685876
2276,face,FACE_11_12,11,12,3.4542810099073655
2277,face,FACE_71_63,71,63,16.42414061844696
2278,face,FACE_290_250,290,250,5.054723439857391
2279,face,FACE_128_188,128,188,4.563495573276413
2280,face,FACE_409_287,409,287,13.026059157970721
2281,face,FACE_268_311,268,311,7.072481980422131
2282,face,FACE_334_293,334,293,13.64872578937904
2283,face,FACE_440_274,440,274,9.68264298931637
2284,face,FACE_44_45,44,45,8.341426501188057
2285,face,FACE_98_165,98,165,12.810342111762607
2286,face,FACE_304_270,304,270,2.5404432787958564
2287,face,FACE_22_26,22,26,7.01397728772301
2288,face,FACE_455_439,455,439,2.3037553987957002
2289,face,FACE_74_73,74,73,6.515066641531946
2290,face,FACE_66_69,66,69,19.13947831237226
2291,face,FACE_31_111,31,111,11.189464420269326
2292,face,FACE_131_198,131,198,6.589718896751974
2293,face,FACE_184_61,184,61,4.7199987262875895
2294,face,FACE_28_222,28,222,3.4995149544590882
2295,face,FACE_410_287,410,287,8.812307370707012
2296,face,FACE_436_425,436,425,20.419995376870776
2297,face,FACE_409_408,409,408,2.0118391511249776
2298,face,FACE_223_52,223,52,7.07010735730428
2299,face,FACE_428_421,428,421,11.205803612888067
2300,face,FACE_376_411,376,411,10.908904597526995
2301,face,FACE_141_19,141,19,3.6486816163534375
2302,face,FACE_144_24,144,24,4.989042852020133
2303,face,FACE_123_50,123,50,19.0013422276646
2304,face,FACE_142_100,142,100,8.826644805434185
2305,face,FACE_442_441,442,441,11.999459171596222
2306,face,FACE_421_418,421,418,12.846923494197705
2307,face,FACE_448_255,448,255,7.785940933674893
2308,face,FACE_138_215,138,215,16.91584114580302
2309,face,FACE_443_442,443,442,10.130589241506291
2310,face,FACE_62_76,62,76,1.150418961552442
2311,face,FACE_355_329,355,329,9.229095870654206
2312,face,FACE_375_307,375,307,2.1472320348042793
2313,face,FACE_227_143,227,143,22.85376958167835
2314,face,FACE_20_79,20,79,8.654483661980045
2315,face,FACE_39_92,39,92,10.793840174639467
2316,face,FACE_24_229,24,229,8.011164589619439
2317,face,FACE_250_392,250,392,11.395189820495117
2318,face,FACE_219_59,219,59,3.9595082960049393
2319,face,FACE_36_203,36,203,11.607647062800002
2320,face,FACE_223_29,223,29,8.005957472776513
2321,face,FACE_209_131,209,131,3.0799638180161515
2322,face,FACE_328_460,328,460,8.517638092974138
2323,face,FACE_206_205,206,205,13.85694868554647
2324,face,FACE_347_330,347,330,12.453174074391404
2325,face,FACE_306_292,306,292,1.1424649446329243
2326,face,FACE_2_326,2,326,9.861359000536268
2327,face,FACE_184_74,184,74,5.12721064734977
2328,face,FACE_457_461,457,461,7.400928899740565
2329,face,FACE_228_229,228,229,8.467786576839057
2330,face,FACE_368_389,368,389,5.857274563388376
2331,face,FACE_239_238,239,238,4.793456900559178
2332,face,FACE_85_180,85,180,8.44245632676237
2333,face,FACE_137_227,137,227,18.099728498884335
2334,face,FACE_171_140,171,140,14.878607592650596
2335,face,FACE_210_211,210,211,13.946015852501281
2336,face,FACE_138_192,138,192,14.653271619183625
2337,face,FACE_77_96,77,96,2.1307283990164856
2338,face,FACE_458_462,458,462,3.5235607995871017
2339,face,FACE_344_440,344,440,5.918245571477244
2340,face,FACE_11_267,11,267,11.292007693845411
2341,face,FACE_242_20,242,20,1.995415188372126
2342,face,FACE_126_217,126,217,8.199785017090516
2343,face,FACE_243_244,243,244,4.5581946618431175
2344,face,FACE_324_318,324,318,4.20450617091172
2345,face,FACE_211_32,211,32,13.182986117377885
2346,face,FACE_55_193,55,193,13.091423188675812
2347,face,FACE_395_378,395,378,10.25635052142548
2348,face,FACE_202_212,202,212,12.586141125272865
2349,face,FACE_360_420,360,420,6.585784960605529
2350,face,FACE_325_319,325,319,4.630651578401887
2351,face,FACE_457_438,457,438,5.058681263347047
2352,face,FACE_40_186,40,186,10.703891295798481
2353,face,FACE_276_283,276,283,10.204955095317677
2354,face,FACE_294_331,294,331,4.255986746558769
2355,face,FACE_242_141,242,141,2.336214269351296
2356,face,FACE_187_205,187,205,20.140176380861416
2357,face,FACE_396_199,396,199,19.28746134333918
2358,face,FACE_268_13,268,13,9.387522685719256
2359,face,FACE_292_407,292,407,4.543920732239519
2360,face,FACE_298_301,298,301,15.659189709295994
2361,face,FACE_404_319,404,319,6.638369838034629
2362,face,FACE_9_55,9,55,17.65424696037686
2363,face,FACE_370_326,370,326,7.070059964154071
2364,face,FACE_68_104,68,104,16.768551728903706
2365,face,FACE_281_248,281,248,8.033502892524913
2366,face,FACE_230_23,230,23,6.274814722884027
2367,face,FACE_74_184,74,184,5.12721064734977
2368,face,FACE_320_325,320,325,4.3924385262339465
2369,face,FACE_141_94,141,94,2.9256423237736544
2370,face,FACE_60_20,60,20,5.398991674901249
2371,face,FACE_97_167,97,167,7.361304415394276
2372,face,FACE_104_63,104,63,20.315269255903306
2373,face,FACE_283_443,283,443,14.034608892652793
2374,face,FACE_69_105,69,105,23.388197506542816
2375,face,FACE_300_383,300,383,11.677858775381651
2376,face,FACE_48_131,48,131,9.618624394250764
2377,face,FACE_401_435,401,435,17.609721743620636
2378,face,FACE_74_40,74,40,2.615313185015694
2379,face,FACE_258_386,258,386,8.559391272628563
2380,face,FACE_86_14,86,14,9.3572104874692
2381,face,FACE_364_367,364,367,13.9741135585397
2382,face,FACE_432_422,432,422,12.362079516754726
2383,face,FACE_424_418,424,418,11.36555697401391
2384,face,FACE_177_132,177,132,6.643003740493818
2385,face,FACE_282_334,282,334,6.483633865130729
2386,face,FACE_329_266,329,266,17.369421354972182
2387,face,FACE_394_395,394,395,12.807573611738743
2388,face,FACE_372_264,372,264,9.746050704583302
2389,face,FACE_430_434,430,434,18.21878845748364
2390,face,FACE_117_123,117,123,24.09464991303585
2391,face,FACE_88_96,88,96,5.7903466686907805
2392,face,FACE_180_179,180,179,3.6621191069354446
2393,face,FACE_406_405,406,405,7.412689801511988
2394,face,FACE_45_134,45,134,8.684905510075657
2395,face,FACE_53_223,53,223,15.349153474255434
2396,face,FACE_91_106,91,106,6.887842472935429
2397,face,FACE_271_302,271,302,9.166781780068758
2398,face,FACE_283_276,283,276,10.204955095317677
2399,face,FACE_76_62,76,62,1.150418961552442
2400,face,FACE_236_51,236,51,6.491967116255615
2401,face,FACE_96_77,96,77,2.1307283990164856
2402,face,FACE_8_193,8,193,12.986430244418175
2403,face,FACE_247_246,247,246,7.008945443564415
2404,face,FACE_368_356,368,356,19.8784049128342
2405,face,FACE_100_47,100,47,9.953537586363034
2406,face,FACE_279_278,279,278,4.152933217674496
2407,face,FACE_452_349,452,349,9.09550711446967
2408,face,FACE_379_365,379,365,14.989834904250356
2409,face,FACE_38_72,38,72,3.892934719650881
2410,face,FACE_399_343,399,343,4.983568328249499
2411,face,FACE_257_259,257,259,7.623429663002967
2412,face,FACE_377_175,377,175,17.764259738917538
2413,face,FACE_249_255,249,255,4.84410530900095
2414,face,FACE_354_457,354,457,9.434786529448226
2415,face,FACE_239_241,239,241,6.232885093110774
2416,face,FACE_312_311,312,311,7.179316713606111
2417,face,FACE_150_169,150,169,11.475814578308443
2418,face,FACE_157_28,157,28,11.046665177079266
2419,face,FACE_182_201,182,201,16.030650739307045
2420,face,FACE_19_94,19,94,2.222241271914415
2421,face,FACE_39_72,39,72,10.112083339060005
2422,face,FACE_4_51,4,51,11.610209609277087
2423,face,FACE_97_242,97,242,5.562970916707819
2424,face,FACE_290_328,290,328,2.0336939913798506
2425,face,FACE_336_295,336,295,16.060631354195017
2426,face,FACE_194_211,194,211,13.817031484620184
2427,face,FACE_293_333,293,333,22.28121811655382
2428,face,FACE_340_265,340,265,9.604305885994378
2429,face,FACE_25_110,25,110,4.437015158754682
2430,face,FACE_291_409,291,409,4.68372804530552
2431,face,FACE_445_467,445,467,6.419796608874992
2432,face,FACE_366_323,366,323,4.95854135963797
2433,face,FACE_46_53,46,53,10.21798388587433
2434,face,FACE_278_439,278,439,3.567413551679376
2435,face,FACE_65_66,65,66,6.556751342764602
2436,face,FACE_430_424,430,424,15.157384777627815
2437,face,FACE_68_71,68,71,16.21823747536641
2438,face,FACE_5_51,5,51,6.863282545709847
2439,face,FACE_30_224,30,224,6.713204969300224
2440,face,FACE_186_212,186,212,14.507424932618083
2441,face,FACE_138_172,138,172,11.276450044299411
2442,face,FACE_98_99,98,99,10.982669964151546
2443,face,FACE_85_16,85,16,9.892581639808933
2444,face,FACE_431_424,431,424,9.668340150924978
2445,face,FACE_244_189,244,189,8.000917479981535
2446,face,FACE_290_305,290,305,4.345712330159197
2447,face,FACE_454_264,454,264,21.236852200786988
2448,face,FACE_373_339,373,339,7.842451174710342
2449,face,FACE_240_75,240,75,3.243866310771797
2450,face,FACE_445_444,445,444,7.796320896393105
2451,face,FACE_112_155,112,155,2.9407250435864687
2452,face,FACE_392_438,392,438,3.3383024457961827
2453,face,FACE_135_138,135,138,14.301741012779909
2454,face,FACE_216_212,216,212,15.973941230761332
2455,face,FACE_122_168,122,168,12.519258691958836
2456,face,FACE_26_231,26,231,9.260393031491962
2457,face,FACE_129_64,129,64,3.781354068675145
2458,face,FACE_446_265,446,265,8.092815091646791
2459,face,FACE_203_129,203,129,9.773213198320787
2460,face,FACE_143_227,143,227,22.85376958167835
2461,face,FACE_457_274,457,274,5.083507492051374
2462,face,FACE_220_218,220,218,6.755931715974261
2463,face,FACE_18_83,18,83,10.580474290192635
2464,face,FACE_357_452,357,452,7.7123579411468315
2465,face,FACE_277_343,277,343,7.915403405873412
2466,face,FACE_270_304,270,304,2.5404432787958564
2467,face,FACE_261_255,261,255,8.467379942431696
2468,face,FACE_41_72,41,72,8.197556887591674
2469,face,FACE_393_2,393,2,12.825575319998062
2470,face,FACE_231_232,231,232,8.31837714633628
2471,face,FACE_16_15,16,15,4.394168999146194
2472,face,FACE_261_340,261,340,10.05647878712839
2473,face,FACE_448_346,448,346,9.903542152839577
2474,face,FACE_381_256,381,256,3.3966675052714743
2475,face,FACE_467_445,467,445,6.419796608874992
2476,face,FACE_393_267,393,267,7.443589497372769
2477,face,FACE_17_16,17,16,4.68700119395503
2478,face,FACE_262_421,262,421,17.363355448363528
2479,face,FACE_296_334,296,334,15.580221918991667
2480,face,FACE_49_48,49,48,4.188846544941439
2481,face,FACE_297_299,297,299,17.22133949608045
2482,face,FACE_182_83,182,83,11.343039408804291
2483,face,FACE_227_234,227,234,4.282449748079328
2484,face,FACE_201_182,201,182,16.030650739307045
2485,face,FACE_374_253,374,253,4.06654807481637
2486,face,FACE_27_29,27,29,8.224360941100604
2487,face,FACE_403_316,403,316,7.82222143168637
2488,face,FACE_148_175,148,175,17.126375208134647
2489,face,FACE_213_192,213,192,12.059459450290527
2490,face,FACE_219_235,219,235,2.263424339859498
2491,face,FACE_63_104,63,104,20.315269255903306
2492,face,FACE_104_105,104,105,15.244769936412478
2493,face,FACE_256_382,256,382,3.9467118259028977
2494,face,FACE_128_233,128,233,3.6544535958494206
2495,face,FACE_302_269,302,269,10.969306298213395
2496,face,FACE_293_300,293,300,11.930569012491738
2497,face,FACE_59_219,59,219,3.9595082960049393
2498,face,FACE_465_412,465,412,2.96805040332195
2499,face,FACE_423_266,423,266,11.738140682042902
2500,face,FACE_260_388,260,388,7.406769859147943
2501,face,FACE_307_320,307,320,5.056571823586848
2502,face,FACE_113_226,113,226,7.411013643614457
2503,face,FACE_51_134,51,134,7.2839266132323495
2504,face,FACE_446_255,446,255,8.991329120315445
2505,face,FACE_47_100,47,100,9.953537586363034
2506,face,FACE_147_187,147,187,11.026554685561461
2507,face,FACE_460_455,460,455,3.2632875071313308
2508,face,FACE_151_337,151,337,20.669850874308125
2509,face,FACE_165_92,165,92,9.57718248039361
2510,face,FACE_263_255,263,255,4.584026092433258
2511,face,FACE_182_181,182,181,7.24791523993639
2512,face,FACE_442_257,442,257,9.082910673576572
2513,face,FACE_389_251,389,251,17.490499840812227
2514,face,FACE_60_75,60,75,4.481324150915535
2515,face,FACE_57_186,57,186,8.58494141815526
2516,face,FACE_258_441,258,441,12.075566773066452
2517,face,FACE_413_464,413,464,7.3954958259824455
2518,face,FACE_339_249,339,249,5.192061833415838
2519,face,FACE_131_220,131,220,6.553787462706501
2520,face,FACE_376_433,376,433,15.070482308397045
2521,face,FACE_235_48,235,48,5.4870238734668435
2522,face,FACE_112_243,112,243,3.7223686941972836
2523,face,FACE_312_268,312,268,2.263551133148586
2524,face,FACE_84_181,84,181,9.227046468210908
2525,face,FACE_238_239,238,239,4.793456900559178
2526,face,FACE_102_49,102,49,4.189640179248291
2527,face,FACE_456_281,456,281,6.261273532952598
2528,face,FACE_40_74,40,74,2.615313185015694
2529,face,FACE_352_340,352,340,25.447526436426042
2530,face,FACE_299_334,299,334,24.384698717058775
2531,face,FACE_31_25,31,25,9.358750374618355
2532,face,FACE_212_186,212,186,14.507424932618083
2533,face,FACE_271_272,271,272,6.401595967731571
2534,face,FACE_425_330,425,330,21.616712095903438
2535,face,FACE_51_3,51,3,8.049899939172432
2536,face,FACE_303_304,303,304,7.134640942767167
2537,face,FACE_314_313,314,313,7.513201729867536
2538,face,FACE_254_448,254,448,12.537053515441725
2539,face,FACE_360_429,360,429,2.7728867232664487
2540,face,FACE_316_14,316,14,9.720841596010729
2541,face,FACE_180_90,180,90,6.713267259298183
2542,face,FACE_233_245,233,245,7.367938702449512
2543,face,FACE_295_336,295,336,16.060631354195017
2544,face,FACE_336_337,336,337,24.975058213276156
2545,face,FACE_101_205,101,205,21.491817535828655
2546,face,FACE_28_221,28,221,13.612345968463822
2547,face,FACE_315_314,315,314,4.731125972670092
2548,face,FACE_341_452,341,452,5.569240516382564
2549,face,FACE_67_69,67,69,17.11195681732184
2550,face,FACE_318_325,318,325,6.058639029807331
2551,face,FACE_144_23,144,23,7.877569485713867
2552,face,FACE_337_338,337,338,19.283276525670132
2553,face,FACE_348_347,348,347,14.251980246922388
2554,face,FACE_275_363,275,363,8.49790165561371
2555,face,FACE_147_177,147,177,9.85160602765072
2556,face,FACE_181_90,181,90,8.789889953834498
2557,face,FACE_366_401,366,401,19.16062854559466
2558,face,FACE_218_237,218,237,5.343356944043249
2559,face,FACE_63_71,63,71,16.42414061844696
2560,face,FACE_338_10,338,10,24.237171171005876
2561,face,FACE_402_403,402,403,2.7202949844101743
2562,face,FACE_375_306,375,306,4.488683771694151
2563,face,FACE_72_39,72,39,10.112083339060005
2564,face,FACE_24_228,24,228,13.791754781800996
2565,face,FACE_292_308,292,308,1.0946324010830664
2566,face,FACE_403_404,403,404,3.7098030386798797
2567,face,FACE_61_146,61,146,4.9118413892568435
2568,face,FACE_369_262,369,262,9.778748812675408
2569,face,FACE_395_400,395,400,19.8352338922996
2570,face,FACE_165_203,165,203,14.90006143633931
2571,face,FACE_430_394,430,394,11.884299482528181
2572,face,FACE_75_166,75,166,3.3860434889042734
2573,face,FACE_110_7,110,7,5.547290785493071
2574,face,FACE_281_5,281,5,6.753379476317234
2575,face,FACE_207_205,207,205,15.799571863200981
2576,face,FACE_112_233,112,233,4.615465655099025
2577,face,FACE_198_236,198,236,8.023857144294729
2578,face,FACE_227_34,227,34,17.573143078846897
2579,face,FACE_458_461,458,461,1.389078837301603
2580,face,FACE_129_142,129,142,10.0297889932747
2581,face,FACE_334_282,334,282,6.483633865130729
2582,face,FACE_201_18,201,18,15.600759501121615
2583,face,FACE_33_25,33,25,4.791872820044904
2584,face,FACE_166_60,166,60,7.18705150709561
2585,face,FACE_251_284,251,284,18.18526467363967
2586,face,FACE_226_111,226,111,15.045113833376547
2587,face,FACE_169_214,169,214,28.037529474920692
2588,face,FACE_325_318,325,318,6.058639029807331
2589,face,FACE_450_349,450,349,10.402824481345693
2590,face,FACE_40_185,40,185,5.52477483839708
