id,category,mediapipe_length_desc,from_landmark_index,to_landmark_index,pixel_length,length_cm,ratio,alt_cm,notes
0,pose,POSE_15_21,15,21,39.68588899749376
1,pose,POSE_16_20,16,20,94.04691918507245
2,pose,POSE_18_20,18,20,49.64057535573827
3,pose,POSE_3_7,3,7,19.69905901318989
4,pose,POSE_14_16,14,16,289.0068749586632
5,pose,POSE_23_25,23,25,397.48011733130625
6,pose,POSE_28_30,28,30,21.61034575224022
7,pose,POSE_11_23,11,23,586.678069654325
8,pose,POSE_27_31,27,31,191.23246417216518
9,pose,POSE_6_8,6,8,31.891953926619507
10,pose,POSE_15_17,15,17,76.32971020617609
11,pose,POSE_24_26,24,26,441.1023191260484
12,pose,POSE_16_22,16,22,76.66812380159391
13,pose,POSE_4_5,4,5,14.77054417270891
14,pose,POSE_5_6,5,6,17.297494431577473
15,pose,POSE_29_31,29,31,188.86448935630287
16,pose,POSE_12_24,12,24,620.1588456039897
17,pose,POSE_23_24,23,24,205.21115775508576
18,pose,POSE_0_1,0,1,42.21242502044635
19,pose,POSE_9_10,9,10,50.02622792894319
20,pose,POSE_1_2,1,2,15.117122517292744
21,pose,POSE_0_4,0,4,53.2328656173125
22,pose,POSE_11_13,11,13,272.0797541096889
23,pose,POSE_30_32,30,32,168.15994589394265
24,pose,POSE_28_32,28,32,186.31274433482307
25,pose,POSE_15_19,15,19,63.05518735504649
26,pose,POSE_16_18,16,18,92.6269546006137
27,pose,POSE_25_27,25,27,272.1530341259145
28,pose,POSE_26_28,26,28,330.32060989658004
29,pose,POSE_12_14,12,14,342.81120901084347
30,pose,POSE_17_19,17,19,17.30492393065292
31,pose,POSE_2_3,2,3,12.597398930589508
32,pose,POSE_11_12,11,12,362.548439513486
33,pose,POSE_27_29,27,29,62.90460748430654
34,pose,POSE_13_15,13,15,262.06970298472714
35,face,FACE_18_17,18,17,6.388432443406064
36,face,FACE_82_38,82,38,1.990747458221807
37,face,FACE_8_9,8,9,10.18190982822806
38,face,FACE_456_248,456,248,6.395194045750631
39,face,FACE_167_2,167,2,13.634607218177157
40,face,FACE_303_271,303,271,2.6934610437914173
41,face,FACE_69_104,69,104,21.42893998437966
42,face,FACE_253_450,253,450,5.449654288925168
43,face,FACE_41_42,41,42,8.358382035269983
44,face,FACE_315_16,315,16,11.674913358623321
45,face,FACE_73_74,73,74,8.841751340247676
46,face,FACE_339_373,339,373,8.418337109747593
47,face,FACE_258_385,258,385,10.034507137104567
48,face,FACE_105_63,105,63,14.992731420420807
49,face,FACE_219_48,219,48,3.798378206358072
50,face,FACE_304_272,304,272,2.499689791013947
51,face,FACE_236_217,236,217,6.8320594290440875
52,face,FACE_231_22,231,22,4.351599571438516
53,face,FACE_85_84,85,84,3.730004826603922
54,face,FACE_365_367,365,367,23.562707587249317
55,face,FACE_237_218,237,218,6.788396021028906
56,face,FACE_243_112,243,112,3.014374592208629
57,face,FACE_436_427,436,427,10.888439110652604
58,face,FACE_409_410,409,410,2.8875454862012093
59,face,FACE_248_456,248,456,6.395194045750631
60,face,FACE_330_266,330,266,10.059962153024971
61,face,FACE_136_135,136,135,12.183334151470437
62,face,FACE_88_95,88,95,6.748824253267766
63,face,FACE_394_430,394,430,11.99726440319118
64,face,FACE_107_108,107,108,25.586138960584105
65,face,FACE_118_117,118,117,11.991920070106335
66,face,FACE_439_438,439,438,4.778482223257866
67,face,FACE_442_443,442,443,10.104639057490603
68,face,FACE_260_466,260,466,7.791529069886663
69,face,FACE_115_48,115,48,6.900355761945459
70,face,FACE_342_276,342,276,8.219183210572423
71,face,FACE_121_128,121,128,7.289434356977344
72,face,FACE_200_421,200,421,12.693890710511115
73,face,FACE_113_124,113,124,7.967109552719878
74,face,FACE_132_137,132,137,24.390145368580804
75,face,FACE_23_230,23,230,5.487555745009468
76,face,FACE_343_357,343,357,5.477549252429508
77,face,FACE_443_444,443,444,8.852269853475335
78,face,FACE_62_78,62,78,1.0291673303922981
79,face,FACE_26_155,26,155,3.9922353598490314
80,face,FACE_228_110,228,110,7.675637698806703
81,face,FACE_432_434,432,434,10.086775747282866
82,face,FACE_364_379,364,379,24.35532335979017
83,face,FACE_325_308,325,308,6.706559989019554
84,face,FACE_424_430,424,430,13.334478761050574
85,face,FACE_36_205,36,205,16.88608388591398
86,face,FACE_363_420,363,420,3.0605854371794057
87,face,FACE_21_162,21,162,16.770435837798104
88,face,FACE_328_462,328,462,5.385569871641343
89,face,FACE_419_351,419,351,7.411294493715388
90,face,FACE_366_345,366,345,22.3517421223427
91,face,FACE_193_8,193,8,12.251223205503857
92,face,FACE_363_456,363,456,7.111103588774964
93,face,FACE_183_80,183,80,8.837269760417824
94,face,FACE_307_375,307,375,1.8421834163654658
95,face,FACE_94_2,94,2,1.612862380507544
96,face,FACE_333_284,333,284,15.536909040480339
97,face,FACE_17_313,17,313,12.937877276553214
98,face,FACE_185_40,185,40,7.274214036058397
99,face,FACE_44_1,44,1,6.794868086509086
100,face,FACE_291_287,291,287,3.9751073037641573
101,face,FACE_411_352,411,352,19.191851874057058
102,face,FACE_20_238,20,238,1.091342687839627
103,face,FACE_59_166,59,166,1.1508878118522345
104,face,FACE_272_310,272,310,2.0553695264769
105,face,FACE_420_437,420,437,6.485855848495403
106,face,FACE_387_260,387,260,10.912613262833737
107,face,FACE_130_226,130,226,6.845039177704135
108,face,FACE_51_45,51,45,9.250643270557878
109,face,FACE_175_377,175,377,15.768864009820145
110,face,FACE_202_214,202,214,19.31673633012412
111,face,FACE_353_383,353,383,6.12517905706267
112,face,FACE_339_448,339,448,7.549193088161639
113,face,FACE_291_408,291,408,5.364196772913296
114,face,FACE_466_260,466,260,7.791529069886663
115,face,FACE_264_454,264,454,19.699979385758486
116,face,FACE_457_440,457,440,5.9807095707563676
117,face,FACE_355_429,355,429,5.226983098500279
118,face,FACE_96_89,96,89,7.575167775262176
119,face,FACE_128_121,128,121,7.289434356977344
120,face,FACE_187_207,187,207,12.572205141409432
121,face,FACE_360_278,360,278,8.80592961830097
122,face,FACE_306_307,306,307,7.478099085406403
123,face,FACE_446_467,446,467,8.422396480298525
124,face,FACE_165_39,165,39,2.459962896585596
125,face,FACE_337_151,337,151,19.704083551930342
126,face,FACE_168_193,168,193,9.575451153674674
127,face,FACE_73_41,73,41,2.746867385246477
128,face,FACE_318_403,318,403,6.7492586649262005
129,face,FACE_263_467,263,467,5.139474256182389
130,face,FACE_283_445,283,445,7.671856631525908
131,face,FACE_74_42,74,42,2.4648391677610606
132,face,FACE_201_83,201,83,9.94034095609254
133,face,FACE_65_222,65,222,5.524520544450505
134,face,FACE_37_11,37,11,13.797847862543172
135,face,FACE_429_355,429,355,5.226983098500279
136,face,FACE_272_408,272,408,7.853515567500448
137,face,FACE_179_180,179,180,2.8274002177129525
138,face,FACE_100_36,100,36,16.15881178721481
139,face,FACE_158_157,158,157,6.739096119435149
140,face,FACE_438_440,438,440,6.068801602879618
141,face,FACE_358_331,358,331,0.5216810323425787
142,face,FACE_281_456,281,456,5.308790789309516
143,face,FACE_136_138,136,138,24.686729586940032
144,face,FACE_314_404,314,404,11.399088677070045
145,face,FACE_417_8,417,8,11.131509824524812
146,face,FACE_34_127,34,127,6.255807923291897
147,face,FACE_367_416,367,416,14.669071198949245
148,face,FACE_180_181,180,181,3.2382574047953407
149,face,FACE_426_322,426,322,10.109650033997985
150,face,FACE_419_197,419,197,6.645918624910134
151,face,FACE_457_309,457,309,2.594739578563712
152,face,FACE_215_138,215,138,16.54075498643089
153,face,FACE_242_241,242,241,1.6612073545800927
154,face,FACE_33_247,33,247,5.1411897722970314
155,face,FACE_53_225,53,225,7.49718451700563
156,face,FACE_126_209,126,209,5.2363596973121505
157,face,FACE_467_359,467,359,4.132298971415548
158,face,FACE_224_223,224,223,9.899381446302357
159,face,FACE_271_304,271,304,9.394766725185342
160,face,FACE_97_2,97,2,11.368072149651223
161,face,FACE_183_191,183,191,1.7710137270911022
162,face,FACE_202_204,202,204,13.326618522589644
163,face,FACE_95_78,95,78,8.387356461735811
164,face,FACE_246_247,246,247,7.4361912711205616
165,face,FACE_177_147,177,147,11.214358244657651
166,face,FACE_357_343,357,343,5.477549252429508
167,face,FACE_65_55,65,55,19.453187222408637
168,face,FACE_116_137,116,137,23.685375999323377
169,face,FACE_135_150,135,150,26.096003948165276
170,face,FACE_382_256,382,256,3.970864252386999
171,face,FACE_199_171,199,171,19.346131043561147
172,face,FACE_298_293,298,293,13.315549934273944
173,face,FACE_16_315,16,315,11.674913358623321
174,face,FACE_204_106,204,106,9.64296447137207
175,face,FACE_149_170,149,170,10.453381236506688
176,face,FACE_150_135,150,135,26.096003948165276
177,face,FACE_403_315,403,315,9.926262207923807
178,face,FACE_61_57,61,57,4.180501866629051
179,face,FACE_205_187,205,187,21.88394118520517
180,face,FACE_44_4,44,4,10.527821126119681
181,face,FACE_358_429,358,429,10.056372739451206
182,face,FACE_277_355,277,355,6.780030728064629
183,face,FACE_438_309,438,309,2.8890924323008482
184,face,FACE_42_80,42,80,2.031098060904873
185,face,FACE_236_174,236,174,6.569144906064805
186,face,FACE_128_232,128,232,7.523057495985425
187,face,FACE_302_268,302,268,3.1634380636837145
188,face,FACE_313_314,313,314,6.122505060234613
189,face,FACE_240_64,240,64,6.172049969930602
190,face,FACE_291_375,291,375,8.029481286572285
191,face,FACE_260_387,260,387,10.912613262833737
192,face,FACE_113_225,113,225,6.796590605986758
193,face,FACE_107_65,107,65,17.897104077840545
194,face,FACE_247_225,247,225,5.095064420650744
195,face,FACE_346_347,346,347,9.555544007163993
196,face,FACE_44_125,44,125,4.704358661480564
197,face,FACE_378_379,378,379,10.837159929431978
198,face,FACE_466_263,466,263,2.3111121207962793
199,face,FACE_250_459,250,459,6.013483994048593
200,face,FACE_50_205,50,205,15.36176785070086
201,face,FACE_111_35,111,35,8.942084812276907
202,face,FACE_76_77,76,77,7.838977328002676
203,face,FACE_122_193,122,193,8.516269749077534
204,face,FACE_209_198,209,198,7.179515159197288
205,face,FACE_201_194,201,194,14.618688385757258
206,face,FACE_408_407,408,407,2.01961305449839
207,face,FACE_285_336,285,336,9.536925785445336
208,face,FACE_2_393,2,393,12.761541505816652
209,face,FACE_243_190,243,190,4.061238622378375
210,face,FACE_336_9,336,9,14.310646116609108
211,face,FACE_234_227,234,227,5.792932398480446
212,face,FACE_293_276,293,276,10.029692425419503
213,face,FACE_221_28,221,28,14.385219989202607
214,face,FACE_57_185,57,185,9.37679234515503
215,face,FACE_217_174,217,174,7.771904350021887
216,face,FACE_131_134,131,134,8.842157357394052
217,face,FACE_344_278,344,278,5.0901758861864845
218,face,FACE_343_399,343,399,3.5254736981429535
219,face,FACE_28_158,28,158,11.037961030772282
220,face,FACE_128_245,128,245,7.024203163408968
221,face,FACE_463_464,463,464,3.415653931519166
222,face,FACE_443_257,443,257,3.916552116695496
223,face,FACE_394_364,394,364,13.664985063960303
224,face,FACE_164_167,164,167,12.25251926900672
225,face,FACE_10_109,10,109,24.948900854613385
226,face,FACE_196_236,196,236,11.90777937978037
227,face,FACE_429_358,429,358,10.056372739451206
228,face,FACE_174_217,174,217,7.771904350021887
229,face,FACE_452_341,452,341,6.116818349956439
230,face,FACE_2_370,2,370,4.3308201755153934
231,face,FACE_84_180,84,180,12.590086553013936
232,face,FACE_320_307,320,307,7.540397705446347
233,face,FACE_0_37,0,37,13.272685364486703
234,face,FACE_250_328,250,328,3.9600219516242703
235,face,FACE_101_119,101,119,8.76184378708305
236,face,FACE_41_74,41,74,10.29341398680457
237,face,FACE_399_456,399,456,6.520271775066505
238,face,FACE_13_12,13,12,1.7861599553550085
239,face,FACE_218_115,218,115,4.519047862713064
240,face,FACE_343_412,343,412,7.337987605721684
241,face,FACE_16_17,16,17,3.8571222022893923
242,face,FACE_55_8,55,8,13.614846312237734
243,face,FACE_107_55,107,55,9.483628991132562
244,face,FACE_153_22,153,22,3.9168980172096273
245,face,FACE_440_344,440,344,5.442518718909213
246,face,FACE_393_269,393,269,11.986641374742105
247,face,FACE_364_434,364,434,17.175270477569242
248,face,FACE_38_41,38,41,10.806968062984359
249,face,FACE_296_336,296,336,15.989034960092074
250,face,FACE_68_63,68,63,16.222205842393624
251,face,FACE_402_317,402,317,8.760180951171227
252,face,FACE_456_437,456,437,3.470975082776791
253,face,FACE_253_374,253,374,4.03278246400233
254,face,FACE_254_339,254,339,6.236496690492391
255,face,FACE_67_104,67,104,25.040020663642554
256,face,FACE_392_309,392,309,3.659247399721259
257,face,FACE_145_23,145,23,4.056711086753459
258,face,FACE_63_70,63,70,11.895962571907074
259,face,FACE_403_318,403,318,6.7492586649262005
260,face,FACE_127_234,127,234,18.82467274414276
261,face,FACE_415_292,415,292,5.94620191470545
262,face,FACE_54_21,54,21,18.535520027663118
263,face,FACE_168_6,168,6,7.054401631028285
264,face,FACE_72_38,72,38,3.145883657685879
265,face,FACE_204_194,204,194,12.955918134677582
266,face,FACE_83_84,83,84,7.324232385997847
267,face,FACE_282_293,282,293,14.921796918181839
268,face,FACE_302_271,302,271,9.980990672077372
269,face,FACE_120_231,120,231,5.106537629869557
270,face,FACE_434_427,434,427,23.29842650020286
271,face,FACE_320_405,320,405,10.2487690480675
272,face,FACE_426_423,426,423,11.170987179963747
273,face,FACE_441_286,441,286,5.6797073133675795
274,face,FACE_145_144,145,144,7.081955038415011
275,face,FACE_341_464,341,464,5.467070294097287
276,face,FACE_208_200,208,200,19.01841739874439
277,face,FACE_250_462,250,462,2.0222813565082127
278,face,FACE_112_232,112,232,6.378824957451865
279,face,FACE_258_286,258,286,6.881704532047157
280,face,FACE_418_424,418,424,11.036062775023145
281,face,FACE_160_159,160,159,6.248052981838806
282,face,FACE_286_384,286,384,7.540863040241302
283,face,FACE_421_200,421,200,12.693890710511115
284,face,FACE_274_1,274,1,6.228177492545713
285,face,FACE_200_201,200,201,14.02571488895273
286,face,FACE_166_59,166,59,1.1508878118522345
287,face,FACE_111_123,111,123,25.54759241225511
288,face,FACE_211_210,211,210,15.188160038416525
289,face,FACE_330_347,330,347,10.246501415368451
290,face,FACE_422_430,422,430,10.400399720674036
291,face,FACE_214_135,214,135,17.66138592974935
292,face,FACE_280_346,280,346,16.943109445181005
293,face,FACE_107_9,107,9,15.210817654660607
294,face,FACE_265_446,265,446,7.525847340103059
295,face,FACE_244_243,244,243,4.859352303522343
296,face,FACE_417_351,417,351,7.535956353252616
297,face,FACE_110_163,110,163,5.315194021176586
298,face,FACE_450_348,450,348,5.8777751546025785
299,face,FACE_396_377,396,377,6.978533050622106
300,face,FACE_245_244,245,244,3.6722461284854266
301,face,FACE_83_182,83,182,12.852673379000654
302,face,FACE_8_417,8,417,11.131509824524812
303,face,FACE_451_349,451,349,4.690826794745488
304,face,FACE_203_98,203,98,11.876855639592529
305,face,FACE_376_435,376,435,24.042916237578183
306,face,FACE_101_50,101,50,22.22134267618374
307,face,FACE_345_447,345,447,7.041969320844299
308,face,FACE_412_357,412,357,1.8999141687982173
309,face,FACE_238_241,238,241,1.9761895698811123
310,face,FACE_90_77,90,77,8.124785224572248
311,face,FACE_369_395,369,395,12.163933610545024
312,face,FACE_276_353,276,353,8.022017300895898
313,face,FACE_253_449,253,449,12.90610512650338
314,face,FACE_359_467,359,467,4.132298971415548
315,face,FACE_279_358,279,358,3.9941728226070254
316,face,FACE_315_15,315,15,12.181331125929798
317,face,FACE_433_416,433,416,10.00567794351819
318,face,FACE_299_336,299,336,30.104943732052668
319,face,FACE_46_156,46,156,13.871614337058872
320,face,FACE_167_37,167,37,3.1540637050353735
321,face,FACE_460_290,460,290,7.527282829469667
322,face,FACE_311_310,311,310,7.284554912146301
323,face,FACE_410_432,410,432,13.220110301690427
324,face,FACE_357_277,357,277,12.513829275588192
325,face,FACE_35_226,35,226,8.964114050727089
326,face,FACE_304_271,304,271,9.394766725185342
327,face,FACE_189_55,189,55,8.837199510854349
328,face,FACE_314_315,314,315,3.9593958095961392
329,face,FACE_108_67,108,67,31.079313890078776
330,face,FACE_1_4,1,4,8.115096190074038
331,face,FACE_4_275,4,275,6.975205958501035
332,face,FACE_205_36,205,36,16.88608388591398
333,face,FACE_156_143,156,143,11.980474133973182
334,face,FACE_436_426,436,426,11.677778286934048
335,face,FACE_223_53,223,53,15.34549888122176
336,face,FACE_461_370,461,370,4.292785140420399
337,face,FACE_23_144,23,144,7.521239708714063
338,face,FACE_29_224,29,224,4.243504394750162
339,face,FACE_244_112,244,112,6.65611551853891
340,face,FACE_348_349,348,349,10.61977915226066
341,face,FACE_340_345,340,345,11.06598523292896
342,face,FACE_122_6,122,6,7.759827412834801
343,face,FACE_401_361,401,361,7.337575293451546
344,face,FACE_228_24,228,24,14.116049781031283
345,face,FACE_252_381,252,381,6.710045846608862
346,face,FACE_37_164,37,164,15.140957020470074
347,face,FACE_192_187,192,187,21.386429899590336
348,face,FACE_177_58,177,58,26.451618205952776
349,face,FACE_410_409,410,409,2.8875454862012093
350,face,FACE_316_402,316,402,8.371659875512435
351,face,FACE_381_382,381,382,3.34062334190168
352,face,FACE_429_279,429,279,6.188510913960587
353,face,FACE_140_176,140,176,8.199929138041883
354,face,FACE_26_154,26,154,3.486214972714673
355,face,FACE_434_394,434,394,27.682109509785132
356,face,FACE_52_63,52,63,17.861169934465444
357,face,FACE_79_166,79,166,5.256958531661649
358,face,FACE_72_41,72,41,10.795981431584147
359,face,FACE_71_162,71,162,17.993251307620806
360,face,FACE_244_233,244,233,5.349257349438061
361,face,FACE_222_65,222,65,5.524520544450505
362,face,FACE_214_210,214,210,19.409900400054863
363,face,FACE_354_370,354,370,2.290803301916151
364,face,FACE_140_32,140,32,9.91832547929783
365,face,FACE_30_160,30,160,12.130660275976187
366,face,FACE_212_57,212,57,7.804031743789004
367,face,FACE_444_443,444,443,8.852269853475335
368,face,FACE_7_33,7,33,3.5202288260240637
369,face,FACE_301_251,301,251,6.8794559544059
370,face,FACE_213_138,213,138,23.63746205068498
371,face,FACE_170_176,170,176,21.163090900531227
372,face,FACE_17_83,17,83,12.345166939262386
373,face,FACE_268_302,268,302,3.1634380636837145
374,face,FACE_32_211,32,211,14.41104421119665
375,face,FACE_331_358,331,358,0.5216810323425787
376,face,FACE_186_40,186,40,9.766529882924967
377,face,FACE_105_52,105,52,6.871013645298145
378,face,FACE_457_354,457,354,9.350638920308226
379,face,FACE_395_379,395,379,7.191188524121159
380,face,FACE_375_321,375,321,8.61515413683468
381,face,FACE_325_320,325,320,6.729463591973553
382,face,FACE_317_316,317,316,2.549601627548494
383,face,FACE_274_354,274,354,5.214414458532419
384,face,FACE_96_88,96,88,8.394600513782404
385,face,FACE_15_14,15,14,2.6248116040568235
386,face,FACE_467_260,467,260,5.017216841423957
387,face,FACE_232_128,232,128,7.523057495985425
388,face,FACE_404_320,404,320,8.82551167785733
389,face,FACE_350_349,350,349,8.302427942917587
390,face,FACE_342_265,342,265,11.7355629856824
391,face,FACE_74_185,74,185,8.424371658983574
392,face,FACE_314_17,314,17,12.012677307080033
393,face,FACE_146_61,146,61,8.24097408881498
394,face,FACE_247_113,247,113,5.442377492984278
395,face,FACE_405_321,405,321,9.957271632012834
396,face,FACE_256_341,256,341,4.133741991729477
397,face,FACE_283_444,283,444,6.060384653096445
398,face,FACE_409_291,409,291,4.89649173914021
399,face,FACE_74_41,74,41,10.29341398680457
400,face,FACE_78_191,78,191,5.524954238623675
401,face,FACE_245_188,245,188,5.251543476319124
402,face,FACE_103_104,103,104,15.560507005120666
403,face,FACE_19_370,19,370,2.847205170812198
404,face,FACE_19_141,19,141,4.365084999127532
405,face,FACE_280_411,280,411,20.307046939247257
406,face,FACE_220_131,220,131,8.764549941776055
407,face,FACE_85_86,85,86,3.2912413950853536
408,face,FACE_372_265,372,265,7.100606611594979
409,face,FACE_237_220,237,220,6.141621927969061
410,face,FACE_204_43,204,43,15.442597705249462
411,face,FACE_118_119,118,119,15.208404330484814
412,face,FACE_210_202,210,202,11.010769029395327
413,face,FACE_290_460,290,460,7.527282829469667
414,face,FACE_450_449,450,449,9.762770425494727
415,face,FACE_83_18,83,18,11.846081814814093
416,face,FACE_197_3,197,3,10.327191325668409
417,face,FACE_315_404,315,404,10.2695751100301
418,face,FACE_461_458,461,458,1.3155533798169705
419,face,FACE_169_170,169,170,14.555272874969345
420,face,FACE_246_161,246,161,3.159557268407095
421,face,FACE_32_201,32,201,17.702076338692066
422,face,FACE_236_196,236,196,11.90777937978037
423,face,FACE_409_304,409,304,7.643887861169549
424,face,FACE_295_282,295,282,13.612047578982285
425,face,FACE_395_369,395,369,12.163933610545024
426,face,FACE_181_180,181,180,3.2382574047953407
427,face,FACE_353_372,353,372,13.358025154047093
428,face,FACE_139_34,139,34,16.395856809965874
429,face,FACE_432_436,432,436,14.962521242754597
430,face,FACE_370_461,370,461,4.292785140420399
431,face,FACE_184_42,184,42,8.841920448749685
432,face,FACE_96_78,96,78,7.144406249749636
433,face,FACE_113_247,113,247,5.442377492984278
434,face,FACE_326_391,326,391,17.61938182823789
435,face,FACE_147_123,147,123,16.790142440244995
436,face,FACE_126_100,126,100,9.767728849417155
437,face,FACE_205_101,205,101,20.755995275245215
438,face,FACE_452_350,452,350,3.940808351308982
439,face,FACE_71_21,71,21,11.405236870406574
440,face,FACE_16_85,16,85,12.76238968097079
441,face,FACE_297_333,297,333,25.07060187269338
442,face,FACE_136_150,136,150,17.103347829748344
443,face,FACE_260_445,260,445,5.242728749081336
444,face,FACE_34_139,34,139,16.395856809965874
445,face,FACE_46_113,46,113,7.9028067472385075
446,face,FACE_17_315,17,315,12.332476569891142
447,face,FACE_104_54,104,54,24.829166697369306
448,face,FACE_383_372,383,372,11.588951416616725
449,face,FACE_417_285,417,285,10.03636712582497
450,face,FACE_150_170,150,170,10.953922887371593
451,face,FACE_20_60,20,60,6.74450707139163
452,face,FACE_39_73,39,73,2.822981712492201
453,face,FACE_45_4,45,4,7.521235643640122
454,face,FACE_438_344,438,344,4.211366985186342
455,face,FACE_37_0,37,0,13.272685364486703
456,face,FACE_177_123,177,123,25.82398337065396
457,face,FACE_336_296,336,296,15.989034960092074
458,face,FACE_102_129,102,129,1.5046133159346273
459,face,FACE_134_198,134,198,6.585723175258726
460,face,FACE_175_199,175,199,9.500814529077369
461,face,FACE_302_303,302,303,10.940545950027312
462,face,FACE_293_334,293,334,12.895576859275499
463,face,FACE_87_86,87,86,2.337678911553741
464,face,FACE_99_240,99,240,10.600500673033771
465,face,FACE_240_99,240,99,10.600500673033771
466,face,FACE_364_394,364,394,13.664985063960303
467,face,FACE_64_102,64,102,4.039048343366199
468,face,FACE_256_452,256,452,3.754512958022099
469,face,FACE_337_297,337,297,25.157075830121524
470,face,FACE_383_264,383,264,15.471319259284789
471,face,FACE_141_242,141,242,2.8286494012033376
472,face,FACE_188_174,188,174,7.120458656196825
473,face,FACE_120_119,120,119,11.17001481028207
474,face,FACE_207_187,207,187,12.572205141409432
475,face,FACE_467_263,467,263,5.139474256182389
476,face,FACE_30_225,30,225,5.603533991140135
477,face,FACE_131_48,131,48,9.239771717839963
478,face,FACE_425_266,425,266,16.012753276987397
479,face,FACE_121_120,121,120,8.807072904288614
480,face,FACE_85_17,85,17,13.753809198417432
481,face,FACE_28_157,28,157,11.224119816766638
482,face,FACE_337_9,337,9,29.547080160196856
483,face,FACE_342_353,342,353,6.50236122573626
484,face,FACE_154_153,154,153,5.760731584107485
485,face,FACE_361_366,361,366,24.509351326917447
486,face,FACE_227_137,227,137,17.161186985519205
487,face,FACE_52_105,52,105,6.871013645298145
488,face,FACE_118_50,118,50,17.778003906646955
489,face,FACE_217_209,217,209,11.898313080338895
490,face,FACE_424_422,424,422,11.77087352195421
491,face,FACE_249_390,249,390,3.197325829565269
492,face,FACE_196_6,196,6,11.175217026621391
493,face,FACE_26_232,26,232,4.194096240116013
494,face,FACE_287_273,287,273,10.236976574974417
495,face,FACE_210_169,210,169,12.319685161619752
496,face,FACE_350_329,350,329,14.318071292878926
497,face,FACE_62_191,62,191,6.398156076572939
498,face,FACE_276_300,276,300,5.8591672607089835
499,face,FACE_248_281,248,281,7.833949167669646
500,face,FACE_368_383,368,383,4.554890154980706
501,face,FACE_427_432,427,432,21.056928712684435
502,face,FACE_453_341,453,341,3.5852371611530973
503,face,FACE_372_353,372,353,13.358025154047093
504,face,FACE_357_453,357,453,2.8971069117118304
505,face,FACE_101_118,101,118,14.922724290127915
506,face,FACE_321_307,321,307,8.424000324982694
507,face,FACE_407_310,407,310,7.777095665716859
508,face,FACE_266_371,266,371,11.084745569990995
509,face,FACE_420_429,420,429,5.974239786267311
510,face,FACE_306_407,306,407,5.578358304723943
511,face,FACE_253_252,253,252,7.214232491542813
512,face,FACE_224_225,224,225,8.183948151636645
513,face,FACE_112_133,112,133,2.0472082974239383
514,face,FACE_356_264,356,264,1.41099961056848
515,face,FACE_370_19,370,19,2.847205170812198
516,face,FACE_254_253,254,253,7.143111116138884
517,face,FACE_219_115,219,115,6.356617185148121
518,face,FACE_225_46,225,46,7.957919357090846
519,face,FACE_124_143,124,143,15.316876773121916
520,face,FACE_289_439,289,439,4.0621154195422955
521,face,FACE_13_312,13,312,10.573193497584029
522,face,FACE_253_373,253,373,6.984217599883134
523,face,FACE_154_22,154,22,7.115100794691327
524,face,FACE_319_318,319,318,1.8940137119607992
525,face,FACE_363_281,363,281,6.497574082690386
526,face,FACE_169_150,169,150,11.714132683738349
527,face,FACE_355_277,355,277,6.780030728064629
528,face,FACE_354_461,354,461,2.266962543134886
529,face,FACE_267_164,267,164,10.663025137156325
530,face,FACE_320_319,320,319,2.8283885273260045
531,face,FACE_39_40,39,40,9.417108236855487
532,face,FACE_277_357,277,357,12.513829275588192
533,face,FACE_63_105,63,105,14.992731420420807
534,face,FACE_189_244,189,244,6.359828954342526
535,face,FACE_34_227,34,227,16.637651524816
536,face,FACE_120_230,120,230,10.62384555080279
537,face,FACE_293_301,293,301,12.7010515973051
538,face,FACE_60_99,60,99,2.0940102394341906
539,face,FACE_72_73,72,73,11.992891001895314
540,face,FACE_283_293,283,293,6.195726940064482
541,face,FACE_307_321,307,321,8.424000324982694
542,face,FACE_321_405,321,405,9.957271632012834
543,face,FACE_93_132,93,132,20.12568042805388
544,face,FACE_183_62,183,62,5.0336155377933
545,face,FACE_408_409,408,409,1.8776568272122798
546,face,FACE_151_338,151,338,28.58016468590057
547,face,FACE_186_216,186,216,9.053443471894035
548,face,FACE_151_109,151,109,32.73128937638853
549,face,FACE_245_122,245,122,7.1554320596918055
550,face,FACE_189_221,189,221,6.811316138854234
551,face,FACE_335_424,335,424,9.199901836816332
552,face,FACE_442_258,442,258,3.452563017629258
553,face,FACE_441_442,441,442,11.68657290072061
554,face,FACE_114_47,114,47,7.732167757878501
555,face,FACE_173_133,173,133,2.158966909929881
556,face,FACE_452_451,452,451,7.438532669603312
557,face,FACE_106_43,106,43,10.099142647922646
558,face,FACE_305_289,305,289,2.132100761948232
559,face,FACE_362_414,362,414,4.435721304762305
560,face,FACE_443_259,443,259,7.462916647257682
561,face,FACE_294_279,294,279,7.018261026418086
562,face,FACE_258_442,258,442,3.452563017629258
563,face,FACE_57_43,57,43,10.942202891521706
564,face,FACE_256_252,256,252,6.241280115207729
565,face,FACE_259_443,259,443,7.462916647257682
566,face,FACE_46_70,46,70,7.40658446870484
567,face,FACE_420_360,420,360,6.729373528729688
568,face,FACE_126_142,126,142,9.269587344983988
569,face,FACE_371_355,371,355,8.57044249930088
570,face,FACE_112_244,112,244,6.65611551853891
571,face,FACE_431_369,431,369,19.280470397765438
572,face,FACE_47_114,47,114,7.732167757878501
573,face,FACE_100_126,100,126,9.767728849417155
574,face,FACE_12_13,12,13,1.7861599553550085
575,face,FACE_91_77,91,77,8.641831364520819
576,face,FACE_23_22,23,22,7.810374666778584
577,face,FACE_51_4,51,4,12.044035591248276
578,face,FACE_48_115,48,115,6.900355761945459
579,face,FACE_254_449,254,449,6.948177720732752
580,face,FACE_160_27,160,27,12.79344827629264
581,face,FACE_353_342,353,342,6.50236122573626
582,face,FACE_434_416,434,416,11.246591645749465
583,face,FACE_266_423,266,423,9.875045953717004
584,face,FACE_4_274,4,274,10.130168257564673
585,face,FACE_316_15,316,15,11.03329307171072
586,face,FACE_4_45,4,45,7.521235643640122
587,face,FACE_24_23,24,23,8.07518000393466
588,face,FACE_80_183,80,183,8.837269760417824
589,face,FACE_341_453,341,453,3.5852371611530973
590,face,FACE_109_67,109,67,22.505193527846437
591,face,FACE_174_196,174,196,7.31736088652207
592,face,FACE_66_105,66,105,17.79599576725237
593,face,FACE_89_88,89,88,1.4633593835937388
594,face,FACE_29_223,29,223,8.439399598529343
595,face,FACE_164_2,164,2,5.532753466344484
596,face,FACE_462_370,462,370,2.431175405157874
597,face,FACE_328_290,328,290,1.929935487741724
598,face,FACE_400_395,400,395,19.453196638655374
599,face,FACE_181_91,181,91,10.929971135175707
600,face,FACE_252_380,252,380,3.8905185674488316
601,face,FACE_24_144,24,144,4.373729266137544
602,face,FACE_313_18,313,18,10.715777604102822
603,face,FACE_354_19,354,19,3.871685719605837
604,face,FACE_185_61,185,61,5.199061615329812
605,face,FACE_90_89,90,89,2.395525124918808
606,face,FACE_116_227,116,227,12.068059769880959
607,face,FACE_168_417,168,417,6.820478358311131
608,face,FACE_329_371,329,371,7.93787565321101
609,face,FACE_156_34,156,34,22.134585227930092
610,face,FACE_450_252,450,252,10.926427126466615
611,face,FACE_8_285,8,285,11.589541624525735
612,face,FACE_164_267,164,267,10.663025137156325
613,face,FACE_168_8,168,8,6.988479753808273
614,face,FACE_153_145,153,145,6.199865791717255
615,face,FACE_361_323,361,323,19.224648322280316
616,face,FACE_285_413,285,413,9.397355705864001
617,face,FACE_346_280,346,280,16.943109445181005
618,face,FACE_117_228,117,228,9.731065904213967
619,face,FACE_130_247,130,247,3.899409476519458
620,face,FACE_140_211,140,211,21.007615138416362
621,face,FACE_426_425,426,425,12.624609849819898
622,face,FACE_53_63,53,63,7.265095659988246
623,face,FACE_245_233,245,233,7.396946401944288
624,face,FACE_2_97,2,97,11.368072149651223
625,face,FACE_216_206,216,206,12.300251614282192
626,face,FACE_195_3,195,3,6.61765269022571
627,face,FACE_459_458,459,458,4.715606768696398
628,face,FACE_178_179,178,179,1.9806587598093228
629,face,FACE_276_342,276,342,8.219183210572423
630,face,FACE_235_75,235,75,5.522289446146694
631,face,FACE_399_412,399,412,7.0450256349036255
632,face,FACE_185_74,185,74,8.424371658983574
633,face,FACE_170_211,170,211,10.78522775879102
634,face,FACE_465_357,465,357,6.770695463121432
635,face,FACE_222_221,222,221,12.650017300074152
636,face,FACE_75_59,75,59,2.030164770724756
637,face,FACE_229_117,229,117,17.107892656562807
638,face,FACE_422_432,422,432,12.154371700044406
639,face,FACE_327_423,327,423,9.004761937917447
640,face,FACE_275_4,275,4,6.975205958501035
641,face,FACE_12_268,12,268,11.549047508424412
642,face,FACE_267_0,267,0,12.400282077611324
643,face,FACE_64_49,64,49,6.994798484694686
644,face,FACE_244_245,244,245,3.6722461284854266
645,face,FACE_115_131,115,131,5.039891198170772
646,face,FACE_376_401,376,401,8.447217561266672
647,face,FACE_171_32,171,32,20.199754431725786
648,face,FACE_161_247,161,247,10.239102246397643
649,face,FACE_26_22,26,22,6.716540531340499
650,face,FACE_454_356,454,356,18.588938999376236
651,face,FACE_166_218,166,218,3.6140591813550764
652,face,FACE_420_363,420,363,3.0605854371794057
653,face,FACE_233_128,233,128,4.046538850014798
654,face,FACE_193_55,193,55,9.409572118563354
655,face,FACE_278_279,278,279,4.0747140230800785
656,face,FACE_405_320,405,320,10.2487690480675
657,face,FACE_334_296,334,296,14.89007252999279
658,face,FACE_279_360,279,360,5.729892959275666
659,face,FACE_201_32,201,32,17.702076338692066
660,face,FACE_220_45,220,45,7.652472097554693
661,face,FACE_315_17,315,17,12.332476569891142
662,face,FACE_354_274,354,274,5.214414458532419
663,face,FACE_167_39,167,39,16.636340612904142
664,face,FACE_51_236,51,236,8.111538092843876
665,face,FACE_3_196,3,196,7.215362789918083
666,face,FACE_108_69,108,69,19.596520177012046
667,face,FACE_128_47,128,47,11.430617372268992
668,face,FACE_266_426,266,426,17.511384267157517
669,face,FACE_99_20,99,20,5.446779165023736
670,face,FACE_259_387,259,387,10.295791686786554
671,face,FACE_137_132,137,132,24.390145368580804
672,face,FACE_273_321,273,321,5.502105552497794
673,face,FACE_394_431,394,431,11.438902461103366
674,face,FACE_285_295,285,295,17.253172470648945
675,face,FACE_437_429,437,429,11.890209959653006
676,face,FACE_83_17,83,17,12.345166939262386
677,face,FACE_315_403,315,403,9.926262207923807
678,face,FACE_449_254,449,254,6.948177720732752
679,face,FACE_461_457,461,457,7.293069508290433
680,face,FACE_260_467,260,467,5.017216841423957
681,face,FACE_359_446,359,446,5.813304954493314
682,face,FACE_184_185,184,185,1.7053360402724622
683,face,FACE_411_376,411,376,7.800292415596232
684,face,FACE_263_249,263,249,2.852369391814064
685,face,FACE_462_458,462,458,3.357119003691766
686,face,FACE_215_172,215,172,26.608060260315405
687,face,FACE_52_65,52,65,16.0074776381373
688,face,FACE_247_161,247,161,10.239102246397643
689,face,FACE_191_80,191,80,7.172981405785261
690,face,FACE_424_431,424,431,9.608473100422277
691,face,FACE_36_206,36,206,17.698517648849812
692,face,FACE_262_369,262,369,9.681818709652255
693,face,FACE_296_282,296,282,13.659804308165805
694,face,FACE_396_369,396,369,13.649634588528682
695,face,FACE_134_220,134,220,7.593732142688432
696,face,FACE_335_273,335,273,8.887132362468433
697,face,FACE_214_212,214,212,11.511603680111785
698,face,FACE_193_189,193,189,8.071271676422752
699,face,FACE_364_416,364,416,24.412771799380668
700,face,FACE_270_409,270,409,6.645501405204151
701,face,FACE_444_445,444,445,7.2247945939637725
702,face,FACE_229_228,229,228,9.206973160372712
703,face,FACE_330_280,330,280,20.398772137004627
704,face,FACE_456_419,456,419,12.250010605631303
705,face,FACE_260_444,260,444,6.063223651706265
706,face,FACE_188_196,188,196,7.400127826614863
707,face,FACE_406_418,406,418,9.890439675835207
708,face,FACE_30_247,30,247,5.333587911965653
709,face,FACE_398_414,398,414,4.469940050013535
710,face,FACE_17_314,17,314,12.012677307080033
711,face,FACE_210_214,210,214,19.409900400054863
712,face,FACE_17_85,17,85,13.753809198417432
713,face,FACE_423_358,423,358,8.661785477006969
714,face,FACE_63_52,63,52,17.861169934465444
715,face,FACE_19_274,19,274,8.242453879569702
716,face,FACE_272_311,272,311,9.061492128980587
717,face,FACE_50_118,50,118,17.778003906646955
718,face,FACE_14_15,14,15,2.6248116040568235
719,face,FACE_180_84,180,84,12.590086553013936
720,face,FACE_5_195,5,195,8.137078116394648
721,face,FACE_240_98,240,98,3.0072900911189517
722,face,FACE_439_344,439,344,5.476526650164279
723,face,FACE_256_451,256,451,8.599822933704324
724,face,FACE_123_187,123,187,21.932453193927053
725,face,FACE_15_16,15,16,3.3947595851575
726,face,FACE_96_90,96,90,7.136413869271718
727,face,FACE_141_241,141,241,3.5887278755425585
728,face,FACE_6_196,6,196,11.175217026621391
729,face,FACE_360_279,360,279,5.729892959275666
730,face,FACE_347_346,347,346,9.555544007163993
731,face,FACE_198_217,198,217,6.359147121919215
732,face,FACE_318_319,318,319,1.8940137119607992
733,face,FACE_358_355,358,355,15.081298533288141
734,face,FACE_418_406,418,406,9.890439675835207
735,face,FACE_115_219,115,219,6.356617185148121
736,face,FACE_190_133,190,133,4.011713742183091
737,face,FACE_77_76,77,76,7.838977328002676
738,face,FACE_110_24,110,24,7.496495265665586
739,face,FACE_48_49,48,49,4.121004428018781
740,face,FACE_80_81,80,81,8.111309976997795
741,face,FACE_333_298,333,298,14.281926786821685
742,face,FACE_353_276,353,276,8.022017300895898
743,face,FACE_141_97,141,97,8.868699785505646
744,face,FACE_373_254,373,254,4.305411922267677
745,face,FACE_69_108,69,108,19.596520177012046
746,face,FACE_418_262,418,262,10.374757145446402
747,face,FACE_463_413,463,413,5.723759572243734
748,face,FACE_294_455,294,455,3.1029020233229194
749,face,FACE_21_68,21,68,21.232729097237332
750,face,FACE_81_82,81,82,9.992034607643324
751,face,FACE_118_229,118,229,8.454930563461488
752,face,FACE_284_298,284,298,9.970570581591566
753,face,FACE_371_266,371,266,11.084745569990995
754,face,FACE_384_385,384,385,5.827862396963912
755,face,FACE_231_26,231,26,9.045190584426786
756,face,FACE_395_394,395,394,11.806237245186578
757,face,FACE_322_410,322,410,7.786465962751292
758,face,FACE_248_195,248,195,6.144318102265586
759,face,FACE_361_401,361,401,7.337575293451546
760,face,FACE_214_202,214,202,19.31673633012412
761,face,FACE_119_230,119,230,6.151907844314069
762,face,FACE_111_226,111,226,12.436484139446701
763,face,FACE_43_91,43,91,6.340639428912985
764,face,FACE_383_276,383,276,11.091334832424655
765,face,FACE_168_351,168,351,12.106108984460153
766,face,FACE_449_450,449,450,9.762770425494727
767,face,FACE_314_405,314,405,10.8686236438574
768,face,FACE_55_65,55,65,19.453187222408637
769,face,FACE_182_106,182,106,11.308219477217996
770,face,FACE_394_434,394,434,27.682109509785132
771,face,FACE_393_326,393,326,6.282758950471188
772,face,FACE_210_204,210,204,15.809258542896112
773,face,FACE_211_169,211,169,14.739479704319963
774,face,FACE_450_451,450,451,9.303830991761744
775,face,FACE_203_165,203,165,14.60812161016924
776,face,FACE_22_153,22,153,3.9168980172096273
777,face,FACE_143_34,143,34,11.621735734950116
778,face,FACE_409_270,409,270,6.645501405204151
779,face,FACE_7_110,7,110,4.249966524673624
780,face,FACE_448_261,448,261,4.946228480806385
781,face,FACE_213_215,213,215,10.597831348835578
782,face,FACE_371_423,371,423,15.824156025042662
783,face,FACE_64_235,64,235,3.687537670142996
784,face,FACE_9_336,9,336,14.310646116609108
785,face,FACE_278_344,278,344,5.0901758861864845
786,face,FACE_89_179,89,179,8.743967859162787
787,face,FACE_236_198,236,198,8.303937326169018
788,face,FACE_336_285,336,285,9.536925785445336
789,face,FACE_181_182,181,182,6.292572114056735
790,face,FACE_194_201,194,201,14.618688385757258
791,face,FACE_66_52,66,52,15.784899675270408
792,face,FACE_151_10,151,10,19.96492791043061
793,face,FACE_123_177,123,177,25.82398337065396
794,face,FACE_341_256,341,256,4.133741991729477
795,face,FACE_455_278,455,278,5.045058297961983
796,face,FACE_326_393,326,393,6.282758950471188
797,face,FACE_257_442,257,442,9.11399749965823
798,face,FACE_269_267,269,267,12.581362254057616
799,face,FACE_203_142,203,142,15.843867762303676
800,face,FACE_238_20,238,20,1.091342687839627
801,face,FACE_268_271,268,271,9.780812009918053
802,face,FACE_254_373,254,373,4.305411922267677
803,face,FACE_414_362,414,362,4.435721304762305
804,face,FACE_305_455,305,455,5.247404028263452
805,face,FACE_357_465,357,465,6.770695463121432
806,face,FACE_189_243,189,243,5.654261427256835
807,face,FACE_42_81,42,81,9.909731648710805
808,face,FACE_286_441,286,441,5.6797073133675795
809,face,FACE_179_86,179,86,10.503791138378459
810,face,FACE_217_198,217,198,6.359147121919215
811,face,FACE_84_83,84,83,7.324232385997847
812,face,FACE_456_363,456,363,7.111103588774964
813,face,FACE_214_192,214,192,13.837902839593493
814,face,FACE_326_370,326,370,6.716588707263582
815,face,FACE_107_66,107,66,18.55732247368584
816,face,FACE_247_226,247,226,9.45723241634637
817,face,FACE_88_89,88,89,1.4633593835937388
818,face,FACE_27_222,27,222,10.636398281804773
819,face,FACE_120_121,120,121,8.807072904288614
820,face,FACE_99_98,99,98,13.387702279655302
821,face,FACE_279_294,279,294,7.018261026418086
822,face,FACE_151_108,151,108,21.170735871422114
823,face,FACE_75_235,75,235,5.522289446146694
824,face,FACE_150_149,150,149,13.71818573864805
825,face,FACE_388_466,388,466,2.801199300211203
826,face,FACE_129_126,129,126,14.892675885269249
827,face,FACE_447_372,447,372,19.473296875983614
828,face,FACE_366_447,366,447,16.750323051712297
829,face,FACE_70_156,70,156,10.629782842271977
830,face,FACE_56_221,56,221,7.301955191649393
831,face,FACE_171_208,171,208,9.318887307276713
832,face,FACE_190_221,190,221,5.050304249221985
833,face,FACE_28_159,28,159,13.499279464482056
834,face,FACE_435_397,435,397,26.114323235866323
835,face,FACE_54_68,54,68,13.383958678010947
836,face,FACE_368_264,368,264,16.01254359628425
837,face,FACE_214_169,214,169,28.95531571308826
838,face,FACE_294_278,294,278,2.9436765802834373
839,face,FACE_221_65,221,65,12.800460866630036
840,face,FACE_206_165,206,165,16.846048841937357
841,face,FACE_29_160,29,160,11.260954136340708
842,face,FACE_281_195,281,195,11.720157997214184
843,face,FACE_33_130,33,130,4.144156414996846
844,face,FACE_447_264,447,264,16.413224782455693
845,face,FACE_298_284,298,284,9.970570581591566
846,face,FACE_278_455,278,455,5.045058297961983
847,face,FACE_201_208,201,208,10.956763766264377
848,face,FACE_427_434,427,434,23.29842650020286
849,face,FACE_360_344,360,344,5.06363796421563
850,face,FACE_321_273,321,273,5.502105552497794
851,face,FACE_379_394,379,394,11.65066272263015
852,face,FACE_265_372,265,372,7.100606611594979
853,face,FACE_274_457,274,457,4.8599770929433355
854,face,FACE_101_120,101,120,17.384502212468767
855,face,FACE_182_194,182,194,10.12989824632643
856,face,FACE_227_116,227,116,12.068059769880959
857,face,FACE_253_254,253,254,7.143111116138884
858,face,FACE_352_376,352,376,16.559520949219337
859,face,FACE_4_44,4,44,10.527821126119681
860,face,FACE_351_417,351,417,7.535956353252616
861,face,FACE_350_452,350,452,3.940808351308982
862,face,FACE_283_282,283,282,10.935216747401427
863,face,FACE_194_204,194,204,12.955918134677582
864,face,FACE_55_9,55,9,16.644609909991523
865,face,FACE_106_91,106,91,5.738162667636818
866,face,FACE_410_322,410,322,7.786465962751292
867,face,FACE_48_235,48,235,4.85864426190728
868,face,FACE_316_315,316,315,3.5138777917371518
869,face,FACE_367_397,367,397,11.825301487467238
870,face,FACE_427_411,427,411,10.161042201636901
871,face,FACE_319_320,319,320,2.8283885273260045
872,face,FACE_193_244,193,244,9.44130640874586
873,face,FACE_398_384,398,384,3.855452323829327
874,face,FACE_331_294,331,294,3.794357957184296
875,face,FACE_313_17,313,17,12.937877276553214
876,face,FACE_297_338,297,338,19.399880895783262
877,face,FACE_164_37,164,37,15.140957020470074
878,face,FACE_403_319,403,319,7.74938326940007
879,face,FACE_349_348,349,348,10.61977915226066
880,face,FACE_47_126,47,126,6.851531156478315
881,face,FACE_8_55,8,55,13.614846312237734
882,face,FACE_147_213,147,213,14.631614376078165
883,face,FACE_320_321,320,321,2.663897249359101
884,face,FACE_227_93,227,93,21.94770591478361
885,face,FACE_134_131,134,131,8.842157357394052
886,face,FACE_44_237,44,237,6.286360117852037
887,face,FACE_393_391,393,391,14.765292779803739
888,face,FACE_439_278,439,278,3.5176200224024754
889,face,FACE_451_252,451,252,4.165121360949306
890,face,FACE_120_232,120,232,10.570937524688278
891,face,FACE_287_409,287,409,8.858719421777833
892,face,FACE_221_55,221,55,9.740499012803854
893,face,FACE_385_386,385,386,5.73749561137966
894,face,FACE_347_280,347,280,18.449622942262618
895,face,FACE_57_212,57,212,7.804031743789004
896,face,FACE_58_177,58,177,26.451618205952776
897,face,FACE_257_386,257,386,10.904097718506359
898,face,FACE_216_205,216,205,18.069171182658845
899,face,FACE_208_201,208,201,10.956763766264377
900,face,FACE_386_387,386,387,6.050507435840934
901,face,FACE_459_457,459,457,1.6355100087562888
902,face,FACE_137_177,137,177,18.309663740755916
903,face,FACE_391_322,391,322,8.614376634295265
904,face,FACE_49_64,49,64,6.994798484694686
905,face,FACE_55_107,55,107,9.483628991132562
906,face,FACE_308_324,308,324,7.908688533557074
907,face,FACE_372_345,372,345,13.588207289274623
908,face,FACE_11_37,11,37,13.797847862543172
909,face,FACE_431_394,431,394,11.438902461103366
910,face,FACE_171_175,171,175,17.339999769996076
911,face,FACE_330_348,330,348,9.439004635814591
912,face,FACE_156_46,156,46,13.871614337058872
913,face,FACE_11_302,11,302,12.252994957853813
914,face,FACE_280_347,280,347,18.449622942262618
915,face,FACE_452_453,452,453,5.235510947099314
916,face,FACE_352_366,352,366,7.814750361416222
917,face,FACE_12_38,12,38,12.506054084451462
918,face,FACE_64_48,64,48,3.19396437052797
919,face,FACE_22_231,22,231,4.351599571438516
920,face,FACE_414_463,414,463,4.413371122488037
921,face,FACE_448_339,448,339,7.549193088161639
922,face,FACE_422_287,422,287,13.66818585781143
923,face,FACE_59_235,59,235,3.6981179775380566
924,face,FACE_13_268,13,268,11.645766885984758
925,face,FACE_298_251,298,251,12.223324513607066
926,face,FACE_237_241,237,241,7.1875645291553
927,face,FACE_68_54,68,54,13.383958678010947
928,face,FACE_120_101,120,101,17.384502212468767
929,face,FACE_92_39,92,39,10.715274692421296
930,face,FACE_43_146,43,146,4.987754191122601
931,face,FACE_377_400,377,400,12.160192675002966
932,face,FACE_238_242,238,242,2.989273919085969
933,face,FACE_91_43,91,43,6.340639428912985
934,face,FACE_369_396,369,396,13.649634588528682
935,face,FACE_301_298,301,298,13.874718929770186
936,face,FACE_286_398,286,398,8.544853453286319
937,face,FACE_346_449,346,449,15.424410330717297
938,face,FACE_220_44,220,44,10.623394195721655
939,face,FACE_299_337,299,337,17.030230228437187
940,face,FACE_358_423,358,423,8.661785477006969
941,face,FACE_131_115,131,115,5.039891198170772
942,face,FACE_3_195,3,195,6.61765269022571
943,face,FACE_23_24,23,24,8.07518000393466
944,face,FACE_416_364,416,364,24.412771799380668
945,face,FACE_123_111,123,111,25.54759241225511
946,face,FACE_160_29,160,29,11.260954136340708
947,face,FACE_326_327,326,327,12.21991270430424
948,face,FACE_266_425,266,425,16.012753276987397
949,face,FACE_345_340,345,340,11.06598523292896
950,face,FACE_53_52,53,52,12.6039885108113
951,face,FACE_98_203,98,203,11.876855639592529
952,face,FACE_411_434,411,434,28.727566729111597
953,face,FACE_358_279,358,279,3.9941728226070254
954,face,FACE_3_51,3,51,7.737050903560468
955,face,FACE_261_346,261,346,8.66205712964953
956,face,FACE_367_364,367,364,12.156497257342043
957,face,FACE_66_107,66,107,18.55732247368584
958,face,FACE_86_85,86,85,3.2912413950853536
959,face,FACE_445_283,445,283,7.671856631525908
960,face,FACE_24_110,24,110,7.496495265665586
961,face,FACE_23_145,23,145,4.056711086753459
962,face,FACE_89_90,89,90,2.395525124918808
963,face,FACE_449_253,449,253,12.90610512650338
964,face,FACE_340_346,340,346,6.702376190193826
965,face,FACE_235_64,235,64,3.687537670142996
966,face,FACE_67_108,67,108,31.079313890078776
967,face,FACE_228_25,228,25,6.836204501162295
968,face,FACE_119_118,119,118,15.208404330484814
969,face,FACE_250_309,250,309,8.685086324276488
970,face,FACE_90_91,90,91,2.269324316721455
971,face,FACE_269_322,269,322,11.016080001683806
972,face,FACE_264_356,264,356,1.41099961056848
973,face,FACE_84_17,84,17,13.190898483728157
974,face,FACE_316_403,316,403,9.456487579692421
975,face,FACE_407_292,407,292,4.6086516020973045
976,face,FACE_426_391,426,391,13.369864488324867
977,face,FACE_399_437,399,437,6.801092900139556
978,face,FACE_212_202,212,202,12.961768337794123
979,face,FACE_175_171,175,171,17.339999769996076
980,face,FACE_117_50,117,50,19.15068314483927
981,face,FACE_374_380,374,380,5.803326980052568
982,face,FACE_165_206,165,206,16.846048841937357
983,face,FACE_205_50,205,50,15.36176785070086
984,face,FACE_185_184,185,184,1.7053360402724622
985,face,FACE_30_161,30,161,9.119961117821534
986,face,FACE_445_260,445,260,5.242728749081336
987,face,FACE_184_76,184,76,4.894823359097838
988,face,FACE_195_5,195,5,8.137078116394648
989,face,FACE_186_185,186,185,2.527323552726071
990,face,FACE_446_261,446,261,5.457694106536128
991,face,FACE_357_412,357,412,1.8999141687982173
992,face,FACE_392_290,392,290,7.156422543327091
993,face,FACE_225_113,225,113,6.796590605986758
994,face,FACE_17_84,17,84,13.190898483728157
995,face,FACE_189_190,189,190,5.656797344457162
996,face,FACE_384_286,384,286,7.540863040241302
997,face,FACE_329_350,329,350,14.318071292878926
998,face,FACE_429_437,429,437,11.890209959653006
999,face,FACE_241_237,241,237,7.1875645291553
1000,face,FACE_19_44,19,44,7.591920746020345
1001,face,FACE_165_98,165,98,11.907315281831208
1002,face,FACE_219_218,219,218,6.647913122650535
1003,face,FACE_4_1,4,1,8.115096190074038
1004,face,FACE_50_117,50,117,19.15068314483927
1005,face,FACE_222_223,222,223,10.931278936601236
1006,face,FACE_422_434,422,434,16.923521392242865
1007,face,FACE_175_148,175,148,18.463289091808374
1008,face,FACE_198_131,198,131,6.06907072418897
1009,face,FACE_204_211,204,211,9.743158295795132
1010,face,FACE_68_21,68,21,21.232729097237332
1011,face,FACE_381_252,381,252,6.710045846608862
1012,face,FACE_462_326,462,326,4.580089281761127
1013,face,FACE_60_166,60,166,7.2285571375608955
1014,face,FACE_174_188,174,188,7.120458656196825
1015,face,FACE_414_286,414,286,7.392522280987628
1016,face,FACE_339_255,339,255,4.05460731935505
1017,face,FACE_115_218,115,218,4.519047862713064
1018,face,FACE_411_280,411,280,20.307046939247257
1019,face,FACE_181_83,181,83,17.0531552099755
1020,face,FACE_401_352,401,352,24.79161700325474
1021,face,FACE_333_297,333,297,25.07060187269338
1022,face,FACE_46_124,46,124,8.292838662212068
1023,face,FACE_373_253,373,253,6.984217599883134
1024,face,FACE_71_68,71,68,16.159028937196922
1025,face,FACE_424_335,424,335,9.199901836816332
1026,face,FACE_76_146,76,146,7.680296967259036
1027,face,FACE_49_129,49,129,5.166430491849143
1028,face,FACE_69_107,69,107,35.25564790651723
1029,face,FACE_335_406,335,406,9.778602553730154
1030,face,FACE_148_171,148,171,6.95801795146814
1031,face,FACE_460_294,460,294,5.89312649086194
1032,face,FACE_192_214,192,214,13.837902839593493
1033,face,FACE_446_359,446,359,5.813304954493314
1034,face,FACE_391_423,391,423,13.2574418607876
1035,face,FACE_105_66,105,66,17.79599576725237
1036,face,FACE_410_436,410,436,7.927736892053304
1037,face,FACE_110_144,110,144,9.585711071245242
1038,face,FACE_249_339,249,339,3.9992059824282813
1039,face,FACE_163_7,163,7,3.933168952361499
1040,face,FACE_273_287,273,287,10.236976574974417
1041,face,FACE_45_51,45,51,9.250643270557878
1042,face,FACE_225_247,225,247,5.095064420650744
1043,face,FACE_373_374,373,374,6.225474360485294
1044,face,FACE_38_12,38,12,12.506054084451462
1045,face,FACE_263_359,263,359,3.49570396872574
1046,face,FACE_173_56,173,56,7.960170766895146
1047,face,FACE_159_158,159,158,6.060546052472124
1048,face,FACE_461_459,461,459,6.030037310108427
1049,face,FACE_111_117,111,117,9.074699408551885
1050,face,FACE_211_204,211,204,9.743158295795132
1051,face,FACE_225_224,225,224,8.183948151636645
1052,face,FACE_151_9,151,9,23.408240312314312
1053,face,FACE_370_462,370,462,2.431175405157874
1054,face,FACE_55_221,55,221,9.740499012803854
1055,face,FACE_156_124,156,124,8.181124129304083
1056,face,FACE_196_197,196,197,7.153401677779394
1057,face,FACE_47_217,47,217,7.11353639362722
1058,face,FACE_285_9,285,9,15.539544345166819
1059,face,FACE_208_171,208,171,9.318887307276713
1060,face,FACE_280_425,280,425,13.089391708295551
1061,face,FACE_164_393,164,393,11.683894880883203
1062,face,FACE_258_257,258,257,7.710352924644012
1063,face,FACE_229_230,229,230,10.88533219011774
1064,face,FACE_389_368,389,368,3.91747265251201
1065,face,FACE_139_156,139,156,10.456650938162763
1066,face,FACE_353_265,353,265,8.605396134734471
1067,face,FACE_412_351,412,351,6.3103563591046035
1068,face,FACE_218_220,218,220,7.010519408576963
1069,face,FACE_304_409,304,409,7.643887861169549
1070,face,FACE_311_268,311,268,8.3203217037581
1071,face,FACE_370_354,370,354,2.290803301916151
1072,face,FACE_288_401,288,401,26.65533584804662
1073,face,FACE_179_85,179,85,11.24975870849807
1074,face,FACE_159_27,159,27,12.054291250113394
1075,face,FACE_190_243,190,243,4.061238622378375
1076,face,FACE_196_174,196,174,7.31736088652207
1077,face,FACE_295_296,295,296,6.127710199214487
1078,face,FACE_142_203,142,203,15.843867762303676
1079,face,FACE_173_190,173,190,4.946367786708461
1080,face,FACE_193_168,193,168,9.575451153674674
1081,face,FACE_325_324,325,324,2.082454069110854
1082,face,FACE_425_411,425,411,18.625263309444147
1083,face,FACE_391_269,391,269,4.271708276770593
1084,face,FACE_99_97,99,97,1.897154562475613
1085,face,FACE_347_348,347,348,13.747160877180507
1086,face,FACE_366_361,366,361,24.509351326917447
1087,face,FACE_2_164,2,164,5.532753466344484
1088,face,FACE_131_49,131,49,7.2075828669495525
1089,face,FACE_26_112,26,112,4.232288016289357
1090,face,FACE_380_381,380,381,5.531093961362714
1091,face,FACE_211_194,211,194,14.767749671290014
1092,face,FACE_104_68,104,68,17.534479845436856
1093,face,FACE_124_46,124,46,8.292838662212068
1094,face,FACE_234_34,234,34,20.35855401832045
1095,face,FACE_413_414,413,414,4.289148272242211
1096,face,FACE_432_427,432,427,21.056928712684435
1097,face,FACE_452_256,452,256,3.754512958022099
1098,face,FACE_177_137,177,137,18.309663740755916
1099,face,FACE_43_57,43,57,10.942202891521706
1100,face,FACE_276_445,276,445,6.753734390986968
1101,face,FACE_248_197,248,197,11.25926134222267
1102,face,FACE_209_126,209,126,5.2363596973121505
1103,face,FACE_142_36,142,36,11.43956524528588
1104,face,FACE_226_35,226,35,8.964114050727089
1105,face,FACE_2_141,2,141,3.0620756926312938
1106,face,FACE_237_44,237,44,6.286360117852037
1107,face,FACE_435_288,435,288,10.694202990804328
1108,face,FACE_129_102,129,102,1.5046133159346273
1109,face,FACE_273_375,273,375,4.129526240463081
1110,face,FACE_166_20,166,20,13.589860331336972
1111,face,FACE_425_280,425,280,13.089391708295551
1112,face,FACE_77_91,77,91,8.641831364520819
1113,face,FACE_461_462,461,462,2.1055886364346375
1114,face,FACE_306_408,306,408,4.5315766319848
1115,face,FACE_247_130,247,130,3.899409476519458
1116,face,FACE_206_92,206,92,11.166339539138079
1117,face,FACE_193_122,193,122,8.516269749077534
1118,face,FACE_200_18,200,18,9.625787251986365
1119,face,FACE_157_56,157,56,7.979695504538421
1120,face,FACE_352_411,352,411,19.191851874057058
1121,face,FACE_46_225,46,225,7.957919357090846
1122,face,FACE_345_372,345,372,13.588207289274623
1123,face,FACE_264_447,264,447,16.413224782455693
1124,face,FACE_436_410,436,410,7.927736892053304
1125,face,FACE_17_18,17,18,6.388432443406064
1126,face,FACE_28_27,28,27,8.081680929863651
1127,face,FACE_235_240,235,240,2.6538708562647337
1128,face,FACE_128_114,128,114,5.467687202019609
1129,face,FACE_134_45,134,45,10.05039383284241
1130,face,FACE_198_209,198,209,7.179515159197288
1131,face,FACE_64_129,64,129,4.404030900105122
1132,face,FACE_459_250,459,250,6.013483994048593
1133,face,FACE_192_135,192,135,25.546737948662038
1134,face,FACE_112_26,112,26,4.232288016289357
1135,face,FACE_404_314,404,314,11.399088677070045
1136,face,FACE_297_337,297,337,25.157075830121524
1137,face,FACE_428_262,428,262,13.411887481319589
1138,face,FACE_81_38,81,38,9.311211709202023
1139,face,FACE_51_195,51,195,10.741304270349213
1140,face,FACE_311_271,311,271,2.1824713442383605
1141,face,FACE_442_282,442,282,13.844574564294524
1142,face,FACE_179_88,179,88,7.906129491409459
1143,face,FACE_252_450,252,450,10.926427126466615
1144,face,FACE_191_62,191,62,6.398156076572939
1145,face,FACE_84_85,84,85,3.730004826603922
1146,face,FACE_203_36,203,36,10.623256403671242
1147,face,FACE_443_283,443,283,13.436866184291182
1148,face,FACE_121_232,121,232,4.658566281514368
1149,face,FACE_321_406,321,406,13.344176015729568
1150,face,FACE_226_25,226,25,9.89545574188194
1151,face,FACE_323_366,323,366,5.942814235309305
1152,face,FACE_117_118,117,118,11.991920070106335
1153,face,FACE_122_196,122,196,7.656493061383318
1154,face,FACE_191_183,191,183,1.7710137270911022
1155,face,FACE_397_288,397,288,15.44057130198969
1156,face,FACE_383_353,383,353,6.12517905706267
1157,face,FACE_161_160,161,160,4.566593351512954
1158,face,FACE_25_7,25,7,5.00667084695351
1159,face,FACE_11_72,11,72,13.168982112731198
1160,face,FACE_239_79,239,79,3.758154924043329
1161,face,FACE_305_290,305,290,4.625744774723294
1162,face,FACE_464_463,464,463,3.415653931519166
1163,face,FACE_22_230,22,230,11.518681270460155
1164,face,FACE_183_184,183,184,1.9380367385037187
1165,face,FACE_143_111,143,111,13.354679310193788
1166,face,FACE_442_295,442,295,5.3322616768382405
1167,face,FACE_241_125,241,125,2.7757134842808484
1168,face,FACE_12_302,12,302,12.569403832128193
1169,face,FACE_426_436,426,436,11.677778286934048
1170,face,FACE_13_38,13,38,12.695497137493629
1171,face,FACE_428_396,428,396,9.178706986783812
1172,face,FACE_127_139,127,139,19.951639479955695
1173,face,FACE_120_100,120,100,7.2861810653953105
1174,face,FACE_259_444,259,444,4.512157745513279
1175,face,FACE_378_395,378,395,10.368651843524066
1176,face,FACE_183_76,183,76,5.979899437422068
1177,face,FACE_260_259,260,259,5.428150413769611
1178,face,FACE_427_436,427,436,10.888439110652604
1179,face,FACE_346_448,346,448,9.171773293114795
1180,face,FACE_306_375,306,375,7.589516022016047
1181,face,FACE_255_446,255,446,8.249326352927314
1182,face,FACE_36_142,36,142,11.43956524528588
1183,face,FACE_369_431,369,431,19.280470397765438
1184,face,FACE_51_5,51,5,7.08380447246476
1185,face,FACE_435_376,435,376,24.042916237578183
1186,face,FACE_282_283,282,283,10.935216747401427
1187,face,FACE_462_250,462,250,2.0222813565082127
1188,face,FACE_347_449,347,449,8.36950182748824
1189,face,FACE_205_216,205,216,18.069171182658845
1190,face,FACE_64_240,64,240,6.172049969930602
1191,face,FACE_267_11,267,11,12.815452579166886
1192,face,FACE_351_419,351,419,7.411294493715388
1193,face,FACE_431_262,431,262,12.270187338537292
1194,face,FACE_411_433,411,433,14.633276941926692
1195,face,FACE_143_124,143,124,15.316876773121916
1196,face,FACE_190_56,190,56,7.738752064505472
1197,face,FACE_315_316,315,316,3.5138777917371518
1198,face,FACE_346_340,346,340,6.702376190193826
1199,face,FACE_116_143,116,143,16.929845643701093
1200,face,FACE_316_317,316,317,2.549601627548494
1201,face,FACE_327_326,327,326,12.21991270430424
1202,face,FACE_206_36,206,36,17.698517648849812
1203,face,FACE_192_138,192,138,15.058945854908618
1204,face,FACE_464_417,464,417,8.497958631709212
1205,face,FACE_149_176,149,176,13.600632373087132
1206,face,FACE_356_389,356,389,19.71514977975082
1207,face,FACE_349_350,349,350,8.302427942917587
1208,face,FACE_102_64,102,64,4.039048343366199
1209,face,FACE_47_128,47,128,11.430617372268992
1210,face,FACE_81_41,81,41,2.1426927179212933
1211,face,FACE_147_215,147,215,24.299640239350985
1212,face,FACE_450_253,450,253,5.449654288925168
1213,face,FACE_25_226,25,226,9.89545574188194
1214,face,FACE_467_342,467,342,4.65490087044746
1215,face,FACE_332_297,332,297,19.36904263695547
1216,face,FACE_464_453,464,453,5.202510113476187
1217,face,FACE_270_322,270,322,3.1174828072030376
1218,face,FACE_117_229,117,229,17.107892656562807
1219,face,FACE_282_296,282,296,13.659804308165805
1220,face,FACE_129_203,129,203,9.442888129663524
1221,face,FACE_155_112,155,112,2.864878878227784
1222,face,FACE_434_430,434,430,17.73512042962875
1223,face,FACE_345_352,345,352,15.062374406996732
1224,face,FACE_465_417,465,417,8.495628833754438
1225,face,FACE_248_419,248,419,7.045733958146737
1226,face,FACE_61_184,61,184,5.704303594186966
1227,face,FACE_216_207,216,207,12.262598019206449
1228,face,FACE_307_325,307,325,2.103341971011077
1229,face,FACE_202_43,202,43,8.7894530161512
1230,face,FACE_313_405,313,405,14.02748086992104
1231,face,FACE_79_238,79,238,8.574622901524735
1232,face,FACE_39_165,39,165,2.459962896585596
1233,face,FACE_177_215,177,215,17.0016997760793
1234,face,FACE_392_289,392,289,0.9824158356149938
1235,face,FACE_329_349,329,349,6.761638310201898
1236,face,FACE_201_200,201,200,14.02571488895273
1237,face,FACE_87_178,87,178,9.728795634877066
1238,face,FACE_448_449,448,449,7.694011930995147
1239,face,FACE_172_136,172,136,15.574071050937988
1240,face,FACE_266_329,266,329,16.693402301504392
1241,face,FACE_274_4,274,4,10.130168257564673
1242,face,FACE_165_97,165,97,20.22465956315964
1243,face,FACE_226_113,226,113,6.077472025884881
1244,face,FACE_56_190,56,190,7.738752064505472
1245,face,FACE_323_454,323,454,18.358371271625078
1246,face,FACE_264_368,264,368,16.01254359628425
1247,face,FACE_229_118,229,118,8.454930563461488
1248,face,FACE_75_60,75,60,5.410219136298008
1249,face,FACE_88_179,88,179,7.906129491409459
1250,face,FACE_415_308,415,308,4.950632407226739
1251,face,FACE_293_282,293,282,14.921796918181839
1252,face,FACE_212_214,212,214,11.511603680111785
1253,face,FACE_204_210,204,210,15.809258542896112
1254,face,FACE_230_119,230,119,6.151907844314069
1255,face,FACE_176_148,176,148,14.271982374873494
1256,face,FACE_188_122,188,122,7.03653158288499
1257,face,FACE_339_254,339,254,6.236496690492391
1258,face,FACE_42_184,42,184,8.841920448749685
1259,face,FACE_342_445,342,445,6.390576716198334
1260,face,FACE_199_396,199,396,17.891615603628242
1261,face,FACE_166_219,166,219,3.774241961209841
1262,face,FACE_419_399,419,399,6.399905518896845
1263,face,FACE_30_29,30,29,5.759393522811759
1264,face,FACE_15_315,15,315,12.181331125929798
1265,face,FACE_236_134,236,134,6.829313097750216
1266,face,FACE_301_300,301,300,7.803120046608818
1267,face,FACE_333_332,333,332,13.513227821918694
1268,face,FACE_352_345,352,345,15.062374406996732
1269,face,FACE_52_53,52,53,12.6039885108113
1270,face,FACE_166_75,166,75,2.4937081977519164
1271,face,FACE_192_213,192,213,11.80527090361928
1272,face,FACE_3_197,3,197,10.327191325668409
1273,face,FACE_77_146,77,146,1.6342078800839732
1274,face,FACE_363_360,363,360,7.26717491408545
1275,face,FACE_334_333,334,333,17.70500019595304
1276,face,FACE_6_351,6,351,7.128747359067834
1277,face,FACE_6_122,6,122,7.759827412834801
1278,face,FACE_406_321,406,321,13.344176015729568
1279,face,FACE_284_332,284,332,16.621493127189478
1280,face,FACE_350_277,350,277,6.049199321735682
1281,face,FACE_8_168,8,168,6.988479753808273
1282,face,FACE_129_49,129,49,5.166430491849143
1283,face,FACE_0_164,0,164,3.082022695761486
1284,face,FACE_300_276,300,276,5.8591672607089835
1285,face,FACE_86_87,86,87,2.337678911553741
1286,face,FACE_226_247,226,247,9.45723241634637
1287,face,FACE_119_120,119,120,11.17001481028207
1288,face,FACE_37_167,37,167,3.1540637050353735
1289,face,FACE_111_116,111,116,13.25828817290623
1290,face,FACE_451_450,451,450,9.303830991761744
1291,face,FACE_335_418,335,418,15.710091554848296
1292,face,FACE_40_92,40,92,1.9032885945634512
1293,face,FACE_52_66,52,66,15.784899675270408
1294,face,FACE_285_417,285,417,10.03636712582497
1295,face,FACE_224_29,224,29,4.243504394750162
1296,face,FACE_330_425,330,425,20.962123666821817
1297,face,FACE_285_8,285,8,11.589541624525735
1298,face,FACE_236_3,236,3,7.495524371735834
1299,face,FACE_307_292,307,292,6.873365415809272
1300,face,FACE_187_147,187,147,11.67104815320791
1301,face,FACE_139_70,139,70,19.39299976302064
1302,face,FACE_185_186,185,186,2.527323552726071
1303,face,FACE_270_410,270,410,9.343005670212483
1304,face,FACE_456_420,456,420,6.997060555565172
1305,face,FACE_407_415,407,415,1.8351591124306452
1306,face,FACE_294_358,294,358,3.2823158085964645
1307,face,FACE_78_96,78,96,7.144406249749636
1308,face,FACE_259_257,259,257,7.297131273983076
1309,face,FACE_218_219,218,219,6.647913122650535
1310,face,FACE_417_465,417,465,8.495628833754438
1311,face,FACE_304_408,304,408,6.35872575940724
1312,face,FACE_56_157,56,157,7.979695504538421
1313,face,FACE_63_53,63,53,7.265095659988246
1314,face,FACE_349_330,349,330,19.028242990076564
1315,face,FACE_241_239,241,239,6.910805779447383
1316,face,FACE_261_446,261,446,5.457694106536128
1317,face,FACE_281_275,281,275,9.356396742824904
1318,face,FACE_396_262,396,262,18.32776692633176
1319,face,FACE_441_413,441,413,6.97387045502789
1320,face,FACE_327_391,327,391,11.77506803933825
1321,face,FACE_100_120,100,120,7.2861810653953105
1322,face,FACE_346_261,346,261,8.66205712964953
1323,face,FACE_348_450,348,450,5.8777751546025785
1324,face,FACE_340_446,340,446,11.655259113462833
1325,face,FACE_180_85,180,85,11.377155841843138
1326,face,FACE_252_253,252,253,7.214232491542813
1327,face,FACE_137_123,137,123,12.328104270501582
1328,face,FACE_349_451,349,451,4.690826794745488
1329,face,FACE_462_328,462,328,5.385569871641343
1330,face,FACE_455_289,455,289,3.2806141749217566
1331,face,FACE_6_197,6,197,7.903299153734661
1332,face,FACE_377_369,377,369,18.22929832722344
1333,face,FACE_115_220,115,220,7.441998891059655
1334,face,FACE_35_111,35,111,8.942084812276907
1335,face,FACE_383_300,383,300,9.789793281084833
1336,face,FACE_110_25,110,25,5.040470295323059
1337,face,FACE_437_420,437,420,6.485855848495403
1338,face,FACE_333_299,333,299,17.23170305610169
1339,face,FACE_252_374,252,374,7.3835996293903445
1340,face,FACE_31_226,31,226,6.255004133764607
1341,face,FACE_71_70,71,70,12.384830812261454
1342,face,FACE_104_67,104,67,25.040020663642554
1343,face,FACE_49_131,49,131,7.2075828669495525
1344,face,FACE_463_414,463,414,4.413371122488037
1345,face,FACE_118_230,118,230,17.270151366400192
1346,face,FACE_104_103,104,103,15.560507005120666
1347,face,FACE_155_154,155,154,3.217923895896758
1348,face,FACE_220_134,220,134,7.593732142688432
1349,face,FACE_262_396,262,396,18.32776692633176
1350,face,FACE_70_46,70,46,7.40658446870484
1351,face,FACE_436_432,436,432,14.962521242754597
1352,face,FACE_167_164,167,164,12.25251926900672
1353,face,FACE_170_169,170,169,14.555272874969345
1354,face,FACE_211_170,211,170,10.78522775879102
1355,face,FACE_77_90,77,90,8.124785224572248
1356,face,FACE_22_154,22,154,7.115100794691327
1357,face,FACE_237_79,237,79,4.510478389058233
1358,face,FACE_197_6,197,6,7.903299153734661
1359,face,FACE_143_35,143,35,9.0482419962282
1360,face,FACE_146_77,146,77,1.6342078800839732
1361,face,FACE_434_364,434,364,17.175270477569242
1362,face,FACE_72_11,72,11,13.168982112731198
1363,face,FACE_9_337,9,337,29.547080160196856
1364,face,FACE_465_351,465,351,1.6304324219900517
1365,face,FACE_89_180,89,180,9.043327320813
1366,face,FACE_255_249,255,249,4.581479672294131
1367,face,FACE_295_285,295,285,17.253172470648945
1368,face,FACE_90_181,90,181,11.094730263066827
1369,face,FACE_91_146,91,146,9.083421294614347
1370,face,FACE_143_156,143,156,11.980474133973182
1371,face,FACE_18_421,18,421,15.906586156427386
1372,face,FACE_232_121,232,121,4.658566281514368
1373,face,FACE_425_436,425,436,17.82202143251047
1374,face,FACE_257_443,257,443,3.916552116695496
1375,face,FACE_29_27,29,27,7.823051793003096
1376,face,FACE_327_358,327,358,8.196619759724275
1377,face,FACE_433_376,433,376,14.422846284544718
1378,face,FACE_299_296,299,296,21.715924721804814
1379,face,FACE_259_260,259,260,5.428150413769611
1380,face,FACE_405_314,405,314,10.8686236438574
1381,face,FACE_158_28,158,28,11.037961030772282
1382,face,FACE_217_114,217,114,6.57856918025727
1383,face,FACE_197_248,197,248,11.25926134222267
1384,face,FACE_124_35,124,35,8.793363687279758
1385,face,FACE_375_291,375,291,8.029481286572285
1386,face,FACE_321_320,321,320,2.663897249359101
1387,face,FACE_324_325,324,325,2.082454069110854
1388,face,FACE_336_299,336,299,30.104943732052668
1389,face,FACE_62_96,62,96,7.8770411685801065
1390,face,FACE_22_23,22,23,7.810374666778584
1391,face,FACE_281_363,281,363,6.497574082690386
1392,face,FACE_443_282,443,282,5.721349203741594
1393,face,FACE_20_99,20,99,5.446779165023736
1394,face,FACE_124_156,124,156,8.181124129304083
1395,face,FACE_464_341,464,341,5.467070294097287
1396,face,FACE_27_223,27,223,3.579446595170211
1397,face,FACE_125_237,125,237,9.662836577641817
1398,face,FACE_148_140,148,140,19.149544516001153
1399,face,FACE_279_331,279,331,3.5046945900857005
1400,face,FACE_32_194,32,194,10.544215099899857
1401,face,FACE_44_19,44,19,7.591920746020345
1402,face,FACE_244_193,244,193,9.44130640874586
1403,face,FACE_439_289,439,289,4.0621154195422955
1404,face,FACE_453_452,453,452,5.235510947099314
1405,face,FACE_12_72,12,72,13.620065876038469
1406,face,FACE_343_437,343,437,6.534610672250744
1407,face,FACE_94_370,94,370,3.194744279170705
1408,face,FACE_94_141,94,141,3.337448149317014
1409,face,FACE_429_360,429,360,2.152576731406873
1410,face,FACE_444_259,444,259,4.512157745513279
1411,face,FACE_322_270,322,270,3.1174828072030376
1412,face,FACE_121_100,121,100,13.093554588202636
1413,face,FACE_199_428,199,428,14.932168851567697
1414,face,FACE_379_395,379,395,7.191188524121159
1415,face,FACE_32_171,32,171,20.199754431725786
1416,face,FACE_322_391,322,391,8.614376634295265
1417,face,FACE_389_301,389,301,11.70436219613202
1418,face,FACE_279_429,279,429,6.188510913960587
1419,face,FACE_394_379,394,379,11.65066272263015
1420,face,FACE_453_465,453,465,6.1377284531893155
1421,face,FACE_380_252,380,252,3.8905185674488316
1422,face,FACE_416_434,416,434,11.246591645749465
1423,face,FACE_362_463,362,463,2.524023352245117
1424,face,FACE_309_457,309,457,2.594739578563712
1425,face,FACE_6_419,6,419,12.182551443983703
1426,face,FACE_193_245,193,245,8.723560897993918
1427,face,FACE_413_285,413,285,9.397355705864001
1428,face,FACE_310_272,310,272,2.0553695264769
1429,face,FACE_163_110,163,110,5.315194021176586
1430,face,FACE_29_30,29,30,5.759393522811759
1431,face,FACE_69_66,69,66,23.435697213248105
1432,face,FACE_114_217,114,217,6.57856918025727
1433,face,FACE_328_326,328,326,1.7854548717433607
1434,face,FACE_431_418,431,418,12.763319297025367
1435,face,FACE_98_129,98,129,9.069899538570521
1436,face,FACE_171_199,171,199,19.346131043561147
1437,face,FACE_303_269,303,269,2.9054781349803362
1438,face,FACE_91_90,91,90,2.269324316721455
1439,face,FACE_156_70,156,70,10.629782842271977
1440,face,FACE_282_295,282,295,13.612047578982285
1441,face,FACE_287_410,287,410,7.334137870419863
1442,face,FACE_73_72,73,72,11.992891001895314
1443,face,FACE_194_182,194,182,10.12989824632643
1444,face,FACE_408_291,408,291,5.364196772913296
1445,face,FACE_221_56,221,56,7.301955191649393
1446,face,FACE_126_47,126,47,6.851531156478315
1447,face,FACE_137_93,137,93,6.516392745156093
1448,face,FACE_49_209,49,209,5.417024834900891
1449,face,FACE_257_387,257,387,11.6710103766831
1450,face,FACE_416_411,416,411,21.16844918354027
1451,face,FACE_176_170,176,170,21.163090900531227
1452,face,FACE_95_96,95,96,1.8393292679291033
1453,face,FACE_235_219,235,219,1.7294811126100262
1454,face,FACE_401_288,401,288,26.65533584804662
1455,face,FACE_346_352,346,352,23.675332617109625
1456,face,FACE_79_237,79,237,4.510478389058233
1457,face,FACE_218_166,218,166,3.6140591813550764
1458,face,FACE_430_431,430,431,12.907119091570829
1459,face,FACE_289_455,289,455,3.2806141749217566
1460,face,FACE_82_13,82,13,11.61449890959833
1461,face,FACE_108_151,108,151,21.170735871422114
1462,face,FACE_355_437,355,437,7.199918470630543
1463,face,FACE_342_467,342,467,4.65490087044746
1464,face,FACE_276_293,276,293,10.029692425419503
1465,face,FACE_308_325,308,325,6.706559989019554
1466,face,FACE_427_425,427,425,14.940296655519326
1467,face,FACE_97_141,97,141,8.868699785505646
1468,face,FACE_431_395,431,395,10.461299031098282
1469,face,FACE_423_391,423,391,13.2574418607876
1470,face,FACE_190_189,190,189,5.656797344457162
1471,face,FACE_330_349,330,349,19.028242990076564
1472,face,FACE_162_127,162,127,20.03885584097522
1473,face,FACE_359_263,359,263,3.49570396872574
1474,face,FACE_464_465,464,465,2.2687250580483553
1475,face,FACE_376_352,376,352,16.559520949219337
1476,face,FACE_223_222,223,222,10.931278936601236
1477,face,FACE_435_401,435,401,16.226145871598245
1478,face,FACE_230_118,230,118,17.270151366400192
1479,face,FACE_222_28,222,28,3.688336195245651
1480,face,FACE_408_304,408,304,6.35872575940724
1481,face,FACE_50_187,50,187,20.74666588391551
1482,face,FACE_42_183,42,183,7.196214667178752
1483,face,FACE_183_42,183,42,7.196214667178752
1484,face,FACE_187_192,187,192,21.386429899590336
1485,face,FACE_25_130,25,130,4.571032064007536
1486,face,FACE_265_340,265,340,8.006995591054583
1487,face,FACE_92_40,92,40,1.9032885945634512
1488,face,FACE_371_358,371,358,8.47298987449523
1489,face,FACE_211_140,211,140,21.007615138416362
1490,face,FACE_35_143,35,143,9.0482419962282
1491,face,FACE_15_85,15,85,12.762753404747881
1492,face,FACE_142_126,142,126,9.269587344983988
1493,face,FACE_195_281,195,281,11.720157997214184
1494,face,FACE_440_457,440,457,5.9807095707563676
1495,face,FACE_221_190,221,190,5.050304249221985
1496,face,FACE_386_257,386,257,10.904097718506359
1497,face,FACE_277_350,277,350,6.049199321735682
1498,face,FACE_251_298,251,298,12.223324513607066
1499,face,FACE_383_368,383,368,4.554890154980706
1500,face,FACE_255_448,255,448,6.445673544546934
1501,face,FACE_290_289,290,289,6.671152547067201
1502,face,FACE_317_14,317,14,10.255583838720483
1503,face,FACE_103_54,103,54,20.208698340694806
1504,face,FACE_414_441,414,441,6.161780965263517
1505,face,FACE_160_30,160,30,12.130660275976187
1506,face,FACE_174_114,174,114,6.795460063024352
1507,face,FACE_326_328,326,328,1.7854548717433607
1508,face,FACE_460_328,460,328,8.968595777255189
1509,face,FACE_152_175,152,175,7.0787135796851866
1510,face,FACE_124_113,124,113,7.967109552719878
1511,face,FACE_367_365,367,365,23.562707587249317
1512,face,FACE_98_240,98,240,3.0072900911189517
1513,face,FACE_64_98,64,98,4.7546648537756955
1514,face,FACE_262_428,262,428,13.411887481319589
1515,face,FACE_396_428,396,428,9.178706986783812
1516,face,FACE_122_188,122,188,7.03653158288499
1517,face,FACE_327_328,327,328,10.870336260272678
1518,face,FACE_80_42,80,42,2.031098060904873
1519,face,FACE_265_353,265,353,8.605396134734471
1520,face,FACE_38_82,38,82,1.990747458221807
1521,face,FACE_282_442,282,442,13.844574564294524
1522,face,FACE_209_49,209,49,5.417024834900891
1523,face,FACE_73_39,73,39,2.822981712492201
1524,face,FACE_25_228,25,228,6.836204501162295
1525,face,FACE_302_11,302,11,12.252994957853813
1526,face,FACE_100_142,100,142,8.231117499086274
1527,face,FACE_447_366,447,366,16.750323051712297
1528,face,FACE_460_305,460,305,3.070458543200754
1529,face,FACE_451_256,451,256,8.599822933704324
1530,face,FACE_1_19,1,19,4.450964817979486
1531,face,FACE_421_313,421,313,9.840872535000628
1532,face,FACE_370_2,370,2,4.3308201755153934
1533,face,FACE_434_432,434,432,10.086775747282866
1534,face,FACE_321_375,321,375,8.61515413683468
1535,face,FACE_308_292,308,292,1.1858349433666802
1536,face,FACE_179_178,179,178,1.9806587598093228
1537,face,FACE_39_167,39,167,16.636340612904142
1538,face,FACE_459_461,459,461,6.030037310108427
1539,face,FACE_46_63,46,63,10.243570526618964
1540,face,FACE_391_326,391,326,17.61938182823789
1541,face,FACE_417_464,417,464,8.497958631709212
1542,face,FACE_197_195,197,195,7.589920630836663
1543,face,FACE_230_229,230,229,10.88533219011774
1544,face,FACE_356_368,356,368,16.839760716791105
1545,face,FACE_349_329,349,329,6.761638310201898
1546,face,FACE_241_238,241,238,1.9761895698811123
1547,face,FACE_326_462,326,462,4.580089281761127
1548,face,FACE_52_222,52,222,14.716072873709221
1549,face,FACE_401_376,401,376,8.447217561266672
1550,face,FACE_172_138,172,138,11.165399126696714
1551,face,FACE_245_128,245,128,7.024203163408968
1552,face,FACE_288_435,288,435,10.694202990804328
1553,face,FACE_382_362,382,362,1.5428040492780999
1554,face,FACE_407_306,407,306,5.578358304723943
1555,face,FACE_187_123,187,123,21.932453193927053
1556,face,FACE_292_325,292,325,7.441115008356019
1557,face,FACE_212_216,212,216,15.132390440329463
1558,face,FACE_411_425,411,425,18.625263309444147
1559,face,FACE_143_116,143,116,16.929845643701093
1560,face,FACE_349_450,349,450,9.37318020700407
1561,face,FACE_216_186,216,186,9.053443471894035
1562,face,FACE_296_295,296,295,6.127710199214487
1563,face,FACE_18_201,18,201,16.368580522713692
1564,face,FACE_247_30,247,30,5.333587911965653
1565,face,FACE_262_418,262,418,10.374757145446402
1566,face,FACE_14_316,14,316,11.497934729819029
1567,face,FACE_14_87,14,87,11.21032643180573
1568,face,FACE_114_174,114,174,6.795460063024352
1569,face,FACE_195_248,195,248,6.144318102265586
1570,face,FACE_300_301,300,301,7.803120046608818
1571,face,FACE_162_71,162,71,17.993251307620806
1572,face,FACE_181_84,181,84,11.791044171474288
1573,face,FACE_423_371,423,371,15.824156025042662
1574,face,FACE_369_400,369,400,8.236555450329261
1575,face,FACE_330_329,330,329,13.419603038161384
1576,face,FACE_142_129,142,129,8.9679060854728
1577,face,FACE_188_245,188,245,5.251543476319124
1578,face,FACE_333_334,333,334,17.70500019595304
1579,face,FACE_334_299,334,299,23.95961318382227
1580,face,FACE_274_19,274,19,8.242453879569702
1581,face,FACE_251_301,251,301,6.8794559544059
1582,face,FACE_264_383,264,383,15.471319259284789
1583,face,FACE_76_183,76,183,5.979899437422068
1584,face,FACE_355_358,355,358,15.081298533288141
1585,face,FACE_434_422,434,422,16.923521392242865
1586,face,FACE_286_258,286,258,6.881704532047157
1587,face,FACE_372_447,372,447,19.473296875983614
1588,face,FACE_31_117,31,117,9.282922743214277
1589,face,FACE_438_392,438,392,2.4725059295502927
1590,face,FACE_38_13,38,13,12.695497137493629
1591,face,FACE_1_274,1,274,6.228177492545713
1592,face,FACE_168_122,168,122,11.037178249712744
1593,face,FACE_121_47,121,47,6.707895563115977
1594,face,FACE_7_25,7,25,5.00667084695351
1595,face,FACE_138_136,138,136,24.686729586940032
1596,face,FACE_262_431,262,431,12.270187338537292
1597,face,FACE_97_98,97,98,14.848350186136052
1598,face,FACE_369_377,369,377,18.22929832722344
1599,face,FACE_463_341,463,341,3.1376364389867906
1600,face,FACE_401_366,401,366,17.856853128050748
1601,face,FACE_146_76,146,76,7.680296967259036
1602,face,FACE_9_107,9,107,15.210817654660607
1603,face,FACE_451_452,451,452,7.438532669603312
1604,face,FACE_238_79,238,79,8.574622901524735
1605,face,FACE_462_461,462,461,2.1055886364346375
1606,face,FACE_132_177,132,177,6.9267451793297035
1607,face,FACE_441_258,441,258,11.985996058476415
1608,face,FACE_339_390,339,390,5.008927326748335
1609,face,FACE_204_202,204,202,13.326618522589644
1610,face,FACE_90_180,90,180,9.780250609846592
1611,face,FACE_410_270,410,270,9.343005670212483
1612,face,FACE_355_371,355,371,8.57044249930088
1613,face,FACE_176_140,176,140,8.199929138041883
1614,face,FACE_27_160,27,160,12.79344827629264
1615,face,FACE_447_454,447,454,4.4951291676250476
1616,face,FACE_114_128,114,128,5.467687202019609
1617,face,FACE_466_467,466,467,6.667052863582822
1618,face,FACE_188_114,188,114,8.089885981283912
1619,face,FACE_141_2,141,2,3.0620756926312938
1620,face,FACE_91_181,91,181,10.929971135175707
1621,face,FACE_78_62,78,62,1.0291673303922981
1622,face,FACE_232_120,232,120,10.570937524688278
1623,face,FACE_48_219,48,219,3.798378206358072
1624,face,FACE_400_378,400,378,10.680664483618948
1625,face,FACE_207_212,207,212,21.694477508181492
1626,face,FACE_406_421,406,421,15.907893156526544
1627,face,FACE_199_208,199,208,16.42915562701945
1628,face,FACE_439_455,439,455,1.651656788104218
1629,face,FACE_250_290,250,290,4.9063080097867084
1630,face,FACE_405_313,405,313,14.02748086992104
1631,face,FACE_269_303,269,303,2.9054781349803362
1632,face,FACE_295_441,295,441,13.470713891962923
1633,face,FACE_36_101,36,101,11.06171031999279
1634,face,FACE_261_448,261,448,4.946228480806385
1635,face,FACE_388_260,388,260,8.506625917084452
1636,face,FACE_20_242,20,242,2.3350034077023043
1637,face,FACE_414_398,414,398,4.469940050013535
1638,face,FACE_273_422,273,422,8.109936980520049
1639,face,FACE_433_411,433,411,14.633276941926692
1640,face,FACE_4_5,4,5,9.996031408613543
1641,face,FACE_159_28,159,28,13.499279464482056
1642,face,FACE_255_261,255,261,7.544845760338296
1643,face,FACE_175_152,175,152,7.0787135796851866
1644,face,FACE_117_31,117,31,9.282922743214277
1645,face,FACE_99_242,99,242,7.291556039040438
1646,face,FACE_133_155,133,155,1.2963743269190056
1647,face,FACE_53_46,53,46,10.593872499709828
1648,face,FACE_66_65,66,65,6.367064991279542
1649,face,FACE_406_313,406,313,11.224270573935861
1650,face,FACE_322_436,322,436,12.230441457681541
1651,face,FACE_337_299,337,299,17.030230228437187
1652,face,FACE_134_236,134,236,6.829313097750216
1653,face,FACE_456_399,456,399,6.520271775066505
1654,face,FACE_328_250,328,250,3.9600219516242703
1655,face,FACE_247_33,247,33,5.1411897722970314
1656,face,FACE_365_397,365,397,11.931317462241504
1657,face,FACE_70_71,70,71,12.384830812261454
1658,face,FACE_338_151,338,151,28.58016468590057
1659,face,FACE_35_113,35,113,13.298668900091156
1660,face,FACE_94_19,94,19,1.9964154548522028
1661,face,FACE_194_106,194,106,16.73127194806261
1662,face,FACE_447_323,447,323,21.872797229989814
1663,face,FACE_31_228,31,228,6.307637596073708
1664,face,FACE_185_57,185,57,9.37679234515503
1665,face,FACE_63_68,63,68,16.222205842393624
1666,face,FACE_104_69,104,69,21.42893998437966
1667,face,FACE_43_202,43,202,8.7894530161512
1668,face,FACE_217_126,217,126,8.11261621490716
1669,face,FACE_21_71,21,71,11.405236870406574
1670,face,FACE_454_447,454,447,4.4951291676250476
1671,face,FACE_140_171,140,171,15.99362980897457
1672,face,FACE_398_286,398,286,8.544853453286319
1673,face,FACE_245_193,245,193,8.723560897993918
1674,face,FACE_56_28,56,28,7.357743702198153
1675,face,FACE_196_188,196,188,7.400127826614863
1676,face,FACE_435_433,435,433,9.730744571707572
1677,face,FACE_54_104,54,104,24.829166697369306
1678,face,FACE_368_300,368,300,10.70202078693891
1679,face,FACE_273_291,273,291,12.043748729138942
1680,face,FACE_92_216,92,216,14.957857441435314
1681,face,FACE_255_359,255,359,3.970607998396771
1682,face,FACE_437_399,437,399,6.801092900139556
1683,face,FACE_309_250,309,250,8.685086324276488
1684,face,FACE_322_269,322,269,11.016080001683806
1685,face,FACE_113_46,113,46,7.9028067472385075
1686,face,FACE_59_75,59,75,2.030164770724756
1687,face,FACE_146_43,146,43,4.987754191122601
1688,face,FACE_358_371,358,371,8.47298987449523
1689,face,FACE_362_341,362,341,1.8702411730882333
1690,face,FACE_148_152,148,152,16.707942365965785
1691,face,FACE_200_428,200,428,18.295973622426818
1692,face,FACE_140_148,140,148,19.149544516001153
1693,face,FACE_221_222,221,222,12.650017300074152
1694,face,FACE_200_199,200,199,10.989801129415179
1695,face,FACE_240_235,240,235,2.6538708562647337
1696,face,FACE_272_304,272,304,2.499689791013947
1697,face,FACE_232_231,232,231,7.943806722649632
1698,face,FACE_421_18,421,18,15.906586156427386
1699,face,FACE_446_340,446,340,11.655259113462833
1700,face,FACE_55_189,55,189,8.837199510854349
1701,face,FACE_169_211,169,211,14.739479704319963
1702,face,FACE_287_432,287,432,7.089452171305758
1703,face,FACE_228_117,228,117,9.731065904213967
1704,face,FACE_233_232,233,232,5.566298441049123
1705,face,FACE_125_141,125,141,1.7491381080918114
1706,face,FACE_453_464,453,464,5.202510113476187
1707,face,FACE_310_415,310,415,6.099038565984296
1708,face,FACE_289_392,289,392,0.9824158356149938
1709,face,FACE_416_433,416,433,10.00567794351819
1710,face,FACE_322_426,322,426,10.109650033997985
1711,face,FACE_294_327,294,327,5.0323430255376085
1712,face,FACE_118_101,118,101,14.922724290127915
1713,face,FACE_199_175,199,175,9.500814529077369
1714,face,FACE_438_457,438,457,4.871923690654357
1715,face,FACE_366_352,366,352,7.814750361416222
1716,face,FACE_404_315,404,315,10.2695751100301
1717,face,FACE_269_270,269,270,8.70650610352028
1718,face,FACE_367_433,367,433,23.18910964144373
1719,face,FACE_298_333,298,333,14.281926786821685
1720,face,FACE_311_272,311,272,9.061492128980587
1721,face,FACE_0_267,0,267,12.400282077611324
1722,face,FACE_252_451,252,451,4.165121360949306
1723,face,FACE_179_89,179,89,8.743967859162787
1724,face,FACE_25_31,25,31,8.201260487425467
1725,face,FACE_278_360,278,360,8.80592961830097
1726,face,FACE_269_391,269,391,4.271708276770593
1727,face,FACE_325_292,325,292,7.441115008356019
1728,face,FACE_413_441,413,441,6.97387045502789
1729,face,FACE_107_69,107,69,35.25564790651723
1730,face,FACE_92_206,92,206,11.166339539138079
1731,face,FACE_365_364,365,364,12.312015583952062
1732,face,FACE_363_440,363,440,7.714953735934057
1733,face,FACE_62_183,62,183,5.0336155377933
1734,face,FACE_187_214,187,214,29.97461378622025
1735,face,FACE_455_294,455,294,3.1029020233229194
1736,face,FACE_133_243,133,243,3.231860475171037
1737,face,FACE_387_388,387,388,4.307124917267517
1738,face,FACE_219_166,219,166,3.774241961209841
1739,face,FACE_350_357,350,357,6.775876075854006
1740,face,FACE_109_151,109,151,32.73128937638853
1741,face,FACE_448_254,448,254,12.902916504288639
1742,face,FACE_419_456,419,456,12.250010605631303
1743,face,FACE_431_430,431,430,12.907119091570829
1744,face,FACE_50_101,50,101,22.22134267618374
1745,face,FACE_423_426,423,426,11.170987179963747
1746,face,FACE_222_27,222,27,10.636398281804773
1747,face,FACE_287_422,287,422,13.66818585781143
1748,face,FACE_321_335,321,335,4.162492459071029
1749,face,FACE_152_377,152,377,15.616791152242646
1750,face,FACE_165_167,165,167,17.439695309687696
1751,face,FACE_167_97,167,97,6.354285052867404
1752,face,FACE_43_61,43,61,12.863167391488892
1753,face,FACE_306_291,306,291,1.204952669388956
1754,face,FACE_79_20,79,20,8.969119319168326
1755,face,FACE_465_464,465,464,2.2687250580483553
1756,face,FACE_432_287,432,287,7.089452171305758
1757,face,FACE_195_51,195,51,10.741304270349213
1758,face,FACE_221_189,221,189,6.811316138854234
1759,face,FACE_239_237,239,237,1.685048455788119
1760,face,FACE_85_179,85,179,11.24975870849807
1761,face,FACE_272_271,272,271,7.52388341465195
1762,face,FACE_445_342,445,342,6.390576716198334
1763,face,FACE_344_439,344,439,5.476526650164279
1764,face,FACE_42_74,42,74,2.4648391677610606
1765,face,FACE_162_139,162,139,9.647882618279013
1766,face,FACE_347_450,347,450,16.47504887840244
1767,face,FACE_133_112,133,112,2.0472082974239383
1768,face,FACE_387_257,387,257,11.6710103766831
1769,face,FACE_460_327,460,327,2.208763571320221
1770,face,FACE_57_202,57,202,14.062184771472173
1771,face,FACE_271_311,271,311,2.1824713442383605
1772,face,FACE_123_147,123,147,16.790142440244995
1773,face,FACE_437_343,437,343,6.534610672250744
1774,face,FACE_275_281,275,281,9.356396742824904
1775,face,FACE_340_261,340,261,9.237437894869942
1776,face,FACE_161_30,161,30,9.119961117821534
1777,face,FACE_338_337,338,337,18.96014544351717
1778,face,FACE_357_350,357,350,6.775876075854006
1779,face,FACE_217_47,217,47,7.11353639362722
1780,face,FACE_309_459,309,459,2.8644415697349634
1781,face,FACE_255_339,255,339,4.05460731935505
1782,face,FACE_287_291,287,291,3.9751073037641573
1783,face,FACE_139_127,139,127,19.951639479955695
1784,face,FACE_268_12,268,12,11.549047508424412
1785,face,FACE_38_81,38,81,9.311211709202023
1786,face,FACE_230_22,230,22,11.518681270460155
1787,face,FACE_101_100,101,100,14.117945280180821
1788,face,FACE_81_42,81,42,9.909731648710805
1789,face,FACE_220_237,220,237,6.141621927969061
1790,face,FACE_404_403,404,403,3.2284899018157387
1791,face,FACE_351_168,351,168,12.106108984460153
1792,face,FACE_405_404,405,404,3.6693420271297232
1793,face,FACE_61_185,61,185,5.199061615329812
1794,face,FACE_396_175,396,175,16.01372610736323
1795,face,FACE_93_137,93,137,6.516392745156093
1796,face,FACE_79_239,79,239,3.758154924043329
1797,face,FACE_313_406,313,406,11.224270573935861
1798,face,FACE_424_273,424,273,14.755680248966216
1799,face,FACE_266_330,266,330,10.059962153024971
1800,face,FACE_196_122,196,122,7.656493061383318
1801,face,FACE_435_367,435,367,14.296224270715776
1802,face,FACE_108_9,108,9,32.72128542421687
1803,face,FACE_242_238,242,238,2.989273919085969
1804,face,FACE_375_273,375,273,4.129526240463081
1805,face,FACE_293_283,293,283,6.195726940064482
1806,face,FACE_205_207,205,207,15.669814856513206
1807,face,FACE_123_137,123,137,12.328104270501582
1808,face,FACE_130_33,130,33,4.144156414996846
1809,face,FACE_223_224,223,224,9.899381446302357
1810,face,FACE_230_120,230,120,10.62384555080279
1811,face,FACE_408_306,408,306,4.5315766319848
1812,face,FACE_92_186,92,186,8.879253229489667
1813,face,FACE_345_366,345,366,22.3517421223427
1814,face,FACE_18_200,18,200,9.625787251986365
1815,face,FACE_65_52,65,52,16.0074776381373
1816,face,FACE_76_61,76,61,1.1108660327655633
1817,face,FACE_9_8,9,8,10.18190982822806
1818,face,FACE_342_446,342,446,6.158480569880473
1819,face,FACE_14_86,14,86,11.93926638777191
1820,face,FACE_202_57,202,57,14.062184771472173
1821,face,FACE_335_321,335,321,4.162492459071029
1822,face,FACE_20_166,20,166,13.589860331336972
1823,face,FACE_379_364,379,364,24.35532335979017
1824,face,FACE_265_342,265,342,11.7355629856824
1825,face,FACE_32_140,32,140,9.91832547929783
1826,face,FACE_385_258,385,258,10.034507137104567
1827,face,FACE_390_373,390,373,4.361301930142954
1828,face,FACE_231_120,231,120,5.106537629869557
1829,face,FACE_77_62,77,62,7.141575093379442
1830,face,FACE_257_258,257,258,7.710352924644012
1831,face,FACE_15_316,15,316,11.03329307171072
1832,face,FACE_42_41,42,41,8.358382035269983
1833,face,FACE_289_290,289,290,6.671152547067201
1834,face,FACE_340_372,340,372,10.32275074694097
1835,face,FACE_187_50,187,50,20.74666588391551
1836,face,FACE_352_346,352,346,23.675332617109625
1837,face,FACE_70_139,70,139,19.39299976302064
1838,face,FACE_416_367,416,367,14.669071198949245
1839,face,FACE_41_81,41,81,2.1426927179212933
1840,face,FACE_285_441,285,441,7.630164916607262
1841,face,FACE_277_437,277,437,4.425897516831651
1842,face,FACE_178_86,178,86,9.73227508485135
1843,face,FACE_224_53,224,53,6.746320356537913
1844,face,FACE_284_333,284,333,15.536909040480339
1845,face,FACE_116_111,116,111,13.25828817290623
1846,face,FACE_108_107,108,107,25.586138960584105
1847,face,FACE_415_407,415,407,1.8351591124306452
1848,face,FACE_1_44,1,44,6.794868086509086
1849,face,FACE_327_294,327,294,5.0323430255376085
1850,face,FACE_439_392,439,392,3.6141191771179932
1851,face,FACE_57_61,57,61,4.180501866629051
1852,face,FACE_138_135,138,135,15.076206560963797
1853,face,FACE_109_108,109,108,19.586950322409137
1854,face,FACE_229_24,229,24,7.033508029754517
1855,face,FACE_106_182,106,182,11.308219477217996
1856,face,FACE_277_329,277,329,8.875016578941919
1857,face,FACE_278_294,278,294,2.9436765802834373
1858,face,FACE_274_440,274,440,9.292870601022287
1859,face,FACE_436_322,436,322,12.230441457681541
1860,face,FACE_422_424,422,424,11.77087352195421
1861,face,FACE_286_414,286,414,7.392522280987628
1862,face,FACE_360_363,360,363,7.26717491408545
1863,face,FACE_359_255,359,255,3.970607998396771
1864,face,FACE_85_15,85,15,12.762753404747881
1865,face,FACE_397_367,397,367,11.825301487467238
1866,face,FACE_224_30,224,30,5.973720088001142
1867,face,FACE_27_159,27,159,12.054291250113394
1868,face,FACE_139_71,139,71,14.352219205617166
1869,face,FACE_406_335,406,335,9.778602553730154
1870,face,FACE_344_360,344,360,5.06363796421563
1871,face,FACE_348_330,348,330,9.439004635814591
1872,face,FACE_418_431,418,431,12.763319297025367
1873,face,FACE_269_302,269,302,12.30899106697107
1874,face,FACE_189_193,189,193,8.071271676422752
1875,face,FACE_36_100,36,100,16.15881178721481
1876,face,FACE_230_231,230,231,10.018076482009844
1877,face,FACE_169_135,169,135,16.18968001392167
1878,face,FACE_441_414,441,414,6.161780965263517
1879,face,FACE_447_345,447,345,7.041969320844299
1880,face,FACE_407_272,407,272,6.184354347795781
1881,face,FACE_44_220,44,220,10.623394195721655
1882,face,FACE_100_121,100,121,13.093554588202636
1883,face,FACE_200_208,200,208,19.01841739874439
1884,face,FACE_264_372,264,372,4.983553805983414
1885,face,FACE_270_303,270,303,9.573844738460075
1886,face,FACE_271_268,271,268,9.780812009918053
1887,face,FACE_276_383,276,383,11.091334832424655
1888,face,FACE_434_411,434,411,28.727566729111597
1889,face,FACE_198_134,198,134,6.585723175258726
1890,face,FACE_144_163,144,163,5.2263003682414855
1891,face,FACE_411_427,411,427,10.161042201636901
1892,face,FACE_349_452,349,452,10.247358625953225
1893,face,FACE_275_274,275,274,7.858337552725533
1894,face,FACE_242_97,242,97,6.2325924568038875
1895,face,FACE_307_306,307,306,7.478099085406403
1896,face,FACE_133_190,133,190,4.011713742183091
1897,face,FACE_234_93,234,93,18.81449601998396
1898,face,FACE_5_4,5,4,9.996031408613543
1899,face,FACE_445_276,445,276,6.753734390986968
1900,face,FACE_329_330,329,330,13.419603038161384
1901,face,FACE_374_252,374,252,7.3835996293903445
1902,face,FACE_27_28,27,28,8.081680929863651
1903,face,FACE_0_11,0,11,2.702658971535539
1904,face,FACE_437_277,437,277,4.425897516831651
1905,face,FACE_382_341,382,341,2.3891065929727073
1906,face,FACE_140_170,140,170,14.881167956383933
1907,face,FACE_280_330,280,330,20.398772137004627
1908,face,FACE_166_79,166,79,5.256958531661649
1909,face,FACE_111_143,111,143,13.354679310193788
1910,face,FACE_226_130,226,130,6.845039177704135
1911,face,FACE_186_57,186,57,7.563354655211424
1912,face,FACE_391_426,391,426,13.369864488324867
1913,face,FACE_105_69,105,69,23.85814487308417
1914,face,FACE_123_117,123,117,25.22723086994107
1915,face,FACE_256_381,256,381,3.257730717514407
1916,face,FACE_301_389,301,389,11.70436219613202
1917,face,FACE_428_200,428,200,18.295973622426818
1918,face,FACE_167_165,167,165,17.439695309687696
1919,face,FACE_132_58,132,58,21.12028597088083
1920,face,FACE_19_1,19,1,4.450964817979486
1921,face,FACE_125_19,125,19,4.185348602821614
1922,face,FACE_89_96,89,96,7.575167775262176
1923,face,FACE_418_421,418,421,12.388721666826786
1924,face,FACE_340_352,340,352,23.95517771885077
1925,face,FACE_48_64,48,64,3.19396437052797
1926,face,FACE_228_31,228,31,6.307637596073708
1927,face,FACE_459_309,459,309,2.8644415697349634
1928,face,FACE_72_12,72,12,13.620065876038469
1929,face,FACE_169_210,169,210,12.319685161619752
1930,face,FACE_215_177,215,177,17.0016997760793
1931,face,FACE_172_215,172,215,26.608060260315405
1932,face,FACE_215_213,215,213,10.597831348835578
1933,face,FACE_455_460,455,460,2.857758672557136
1934,face,FACE_417_168,417,168,6.820478358311131
1935,face,FACE_461_354,461,354,2.266962543134886
1936,face,FACE_413_463,413,463,5.723759572243734
1937,face,FACE_290_392,290,392,7.156422543327091
1938,face,FACE_43_106,43,106,10.099142647922646
1939,face,FACE_423_327,423,327,9.004761937917447
1940,face,FACE_300_293,300,293,10.482769017903355
1941,face,FACE_34_143,34,143,11.621735734950116
1942,face,FACE_207_214,207,214,23.632569713074123
1943,face,FACE_119_101,119,101,8.76184378708305
1944,face,FACE_299_297,299,297,16.86485133606257
1945,face,FACE_377_396,377,396,6.978533050622106
1946,face,FACE_171_148,171,148,6.95801795146814
1947,face,FACE_40_73,40,73,10.37557468470467
1948,face,FACE_41_38,41,38,10.806968062984359
1949,face,FACE_273_424,273,424,14.755680248966216
1950,face,FACE_146_91,146,91,9.083421294614347
1951,face,FACE_141_125,141,125,1.7491381080918114
1952,face,FACE_299_333,299,333,17.23170305610169
1953,face,FACE_12_11,12,11,2.8887427731539055
1954,face,FACE_218_79,218,79,2.8003317600970368
1955,face,FACE_50_123,50,123,20.44699125669313
1956,face,FACE_255_263,255,263,3.033879960840523
1957,face,FACE_180_89,180,89,9.043327320813
1958,face,FACE_233_244,233,244,5.349257349438061
1959,face,FACE_45_44,45,44,7.888164840513479
1960,face,FACE_217_236,217,236,6.8320594290440875
1961,face,FACE_351_465,351,465,1.6304324219900517
1962,face,FACE_96_95,96,95,1.8393292679291033
1963,face,FACE_187_213,187,213,16.299812236835546
1964,face,FACE_113_35,113,35,13.298668900091156
1965,face,FACE_352_280,352,280,14.552205575180441
1966,face,FACE_426_266,426,266,17.511384267157517
1967,face,FACE_292_415,292,415,5.94620191470545
1968,face,FACE_65_107,65,107,17.897104077840545
1969,face,FACE_164_0,164,0,3.082022695761486
1970,face,FACE_2_167,2,167,13.634607218177157
1971,face,FACE_22_145,22,145,7.5604802890221645
1972,face,FACE_444_283,444,283,6.060384653096445
1973,face,FACE_429_420,429,420,5.974239786267311
1974,face,FACE_34_156,34,156,22.134585227930092
1975,face,FACE_100_101,100,101,14.117945280180821
1976,face,FACE_291_306,291,306,1.204952669388956
1977,face,FACE_138_213,138,213,23.63746205068498
1978,face,FACE_391_393,391,393,14.765292779803739
1979,face,FACE_43_204,43,204,15.442597705249462
1980,face,FACE_294_460,294,460,5.89312649086194
1981,face,FACE_414_413,414,413,4.289148272242211
1982,face,FACE_319_404,319,404,8.128780946452464
1983,face,FACE_420_456,420,456,6.997060555565172
1984,face,FACE_352_401,352,401,24.79161700325474
1985,face,FACE_413_417,413,417,5.813755556250685
1986,face,FACE_292_307,292,307,6.873365415809272
1987,face,FACE_175_396,175,396,16.01372610736323
1988,face,FACE_223_27,223,27,3.579446595170211
1989,face,FACE_209_129,209,129,10.385749339589712
1990,face,FACE_422_273,422,273,8.109936980520049
1991,face,FACE_214_207,214,207,23.632569713074123
1992,face,FACE_206_203,206,203,11.746281056311268
1993,face,FACE_131_209,131,209,4.849214245552976
1994,face,FACE_232_112,232,112,6.378824957451865
1995,face,FACE_425_427,425,427,14.940296655519326
1996,face,FACE_392_250,392,250,11.742816190758736
1997,face,FACE_457_459,457,459,1.6355100087562888
1998,face,FACE_444_260,444,260,6.063223651706265
1999,face,FACE_281_4,281,4,10.652072937816992
2000,face,FACE_433_367,433,367,23.18910964144373
2001,face,FACE_199_200,199,200,10.989801129415179
2002,face,FACE_197_419,197,419,6.645918624910134
2003,face,FACE_11_0,11,0,2.702658971535539
2004,face,FACE_344_438,344,438,4.211366985186342
2005,face,FACE_122_245,122,245,7.1554320596918055
2006,face,FACE_300_368,300,368,10.70202078693891
2007,face,FACE_86_179,86,179,10.503791138378459
2008,face,FACE_32_208,32,208,15.799662874011746
2009,face,FACE_232_233,232,233,5.566298441049123
2010,face,FACE_446_342,446,342,6.158480569880473
2011,face,FACE_203_206,203,206,11.746281056311268
2012,face,FACE_449_347,449,347,8.36950182748824
2013,face,FACE_202_210,202,210,11.010769029395327
2014,face,FACE_19_354,19,354,3.871685719605837
2015,face,FACE_19_125,19,125,4.185348602821614
2016,face,FACE_220_115,220,115,7.441998891059655
2017,face,FACE_412_465,412,465,4.941191980101922
2018,face,FACE_206_216,206,216,12.300251614282192
2019,face,FACE_154_26,154,26,3.486214972714673
2020,face,FACE_452_357,452,357,5.949605810543837
2021,face,FACE_70_63,70,63,11.895962571907074
2022,face,FACE_170_150,170,150,10.953922887371593
2023,face,FACE_135_192,135,192,25.546737948662038
2024,face,FACE_69_67,69,67,18.099679884352646
2025,face,FACE_421_406,421,406,15.907893156526544
2026,face,FACE_367_435,367,435,14.296224270715776
2027,face,FACE_328_327,328,327,10.870336260272678
2028,face,FACE_333_293,333,293,21.67699016408254
2029,face,FACE_139_162,139,162,9.647882618279013
2030,face,FACE_305_460,305,460,3.070458543200754
2031,face,FACE_97_165,97,165,20.22465956315964
2032,face,FACE_393_164,393,164,11.683894880883203
2033,face,FACE_303_270,303,270,9.573844738460075
2034,face,FACE_268_312,268,312,2.0351806030787922
2035,face,FACE_341_382,341,382,2.3891065929727073
2036,face,FACE_421_262,421,262,15.854404882560765
2037,face,FACE_440_275,440,275,5.883516793610753
2038,face,FACE_25_33,25,33,3.072786355788088
2039,face,FACE_258_384,258,384,11.23880462883162
2040,face,FACE_332_333,332,333,13.513227821918694
2041,face,FACE_364_365,364,365,12.312015583952062
2042,face,FACE_269_393,269,393,11.986641374742105
2043,face,FACE_222_52,222,52,14.716072873709221
2044,face,FACE_437_355,437,355,7.199918470630543
2045,face,FACE_96_62,96,62,7.8770411685801065
2046,face,FACE_6_168,6,168,7.054401631028285
2047,face,FACE_440_360,440,360,5.806087404543193
2048,face,FACE_58_215,58,215,9.827154204203497
2049,face,FACE_397_435,397,435,26.114323235866323
2050,face,FACE_465_453,465,453,6.1377284531893155
2051,face,FACE_358_327,358,327,8.196619759724275
2052,face,FACE_417_413,417,413,5.813755556250685
2053,face,FACE_135_169,135,169,16.18968001392167
2054,face,FACE_125_241,125,241,2.7757134842808484
2055,face,FACE_326_2,326,2,10.612378247462996
2056,face,FACE_291_273,291,273,12.043748729138942
2057,face,FACE_49_102,49,102,3.8921332212667283
2058,face,FACE_75_240,75,240,3.675331649251663
2059,face,FACE_61_76,61,76,1.1108660327655633
2060,face,FACE_372_383,372,383,11.588951416616725
2061,face,FACE_205_206,205,206,13.810472063547657
2062,face,FACE_184_183,184,183,1.9380367385037187
2063,face,FACE_144_110,144,110,9.585711071245242
2064,face,FACE_23_229,23,229,13.830885881235831
2065,face,FACE_412_419,412,419,4.194035425475852
2066,face,FACE_9_151,9,151,23.408240312314312
2067,face,FACE_62_77,62,77,7.141575093379442
2068,face,FACE_327_460,327,460,2.208763571320221
2069,face,FACE_325_307,325,307,2.103341971011077
2070,face,FACE_310_407,310,407,7.777095665716859
2071,face,FACE_329_277,329,277,8.875016578941919
2072,face,FACE_195_197,195,197,7.589920630836663
2073,face,FACE_267_302,267,302,3.365698096112628
2074,face,FACE_10_151,10,151,19.96492791043061
2075,face,FACE_170_140,170,140,14.881167956383933
2076,face,FACE_28_56,28,56,7.357743702198153
2077,face,FACE_288_361,288,361,19.706160970703678
2078,face,FACE_363_275,363,275,7.796386710698352
2079,face,FACE_15_86,15,86,12.144674150757776
2080,face,FACE_463_362,463,362,2.524023352245117
2081,face,FACE_209_217,209,217,11.898313080338895
2082,face,FACE_106_204,106,204,9.64296447137207
2083,face,FACE_213_187,213,187,16.299812236835546
2084,face,FACE_386_258,386,258,11.837519707168344
2085,face,FACE_215_147,215,147,24.299640239350985
2086,face,FACE_127_34,127,34,6.255807923291897
2087,face,FACE_387_259,387,259,10.295791686786554
2088,face,FACE_71_139,71,139,14.352219205617166
2089,face,FACE_240_60,240,60,8.941144439111163
2090,face,FACE_432_410,432,410,13.220110301690427
2091,face,FACE_241_141,241,141,3.5887278755425585
2092,face,FACE_214_187,214,187,29.97461378622025
2093,face,FACE_225_53,225,53,7.49718451700563
2094,face,FACE_111_31,111,31,10.547347015024666
2095,face,FACE_430_422,430,422,10.400399720674036
2096,face,FACE_117_111,117,111,9.074699408551885
2097,face,FACE_182_91,182,91,15.898458251592967
2098,face,FACE_229_23,229,23,13.830885881235831
2099,face,FACE_134_51,134,51,7.869072122862393
2100,face,FACE_174_236,174,236,6.569144906064805
2101,face,FACE_319_325,319,325,6.877257999177271
2102,face,FACE_419_412,419,412,4.194035425475852
2103,face,FACE_9_285,9,285,15.539544345166819
2104,face,FACE_98_97,98,97,14.848350186136052
2105,face,FACE_282_443,282,443,5.721349203741594
2106,face,FACE_73_40,73,40,10.37557468470467
2107,face,FACE_302_12,302,12,12.569403832128193
2108,face,FACE_318_402,318,402,7.478415869618754
2109,face,FACE_404_405,404,405,3.6693420271297232
2110,face,FACE_275_440,275,440,5.883516793610753
2111,face,FACE_34_234,34,234,20.35855401832045
2112,face,FACE_65_221,65,221,12.800460866630036
2113,face,FACE_86_15,86,15,12.144674150757776
2114,face,FACE_405_406,405,406,4.542008186673233
2115,face,FACE_358_294,358,294,3.2823158085964645
2116,face,FACE_225_30,225,30,5.603533991140135
2117,face,FACE_116_123,116,123,15.318246833960096
2118,face,FACE_309_438,309,438,2.8890924323008482
2119,face,FACE_135_136,135,136,12.183334151470437
2120,face,FACE_196_3,196,3,7.215362789918083
2121,face,FACE_440_363,440,363,7.714953735934057
2122,face,FACE_272_407,272,407,6.184354347795781
2123,face,FACE_467_466,467,466,6.667052863582822
2124,face,FACE_273_335,273,335,8.887132362468433
2125,face,FACE_438_439,438,439,4.778482223257866
2126,face,FACE_226_31,226,31,6.255004133764607
2127,face,FACE_110_228,110,228,7.675637698806703
2128,face,FACE_391_327,391,327,11.77506803933825
2129,face,FACE_449_448,449,448,7.694011930995147
2130,face,FACE_197_196,197,196,7.153401677779394
2131,face,FACE_129_98,129,98,9.069899538570521
2132,face,FACE_61_43,61,43,12.863167391488892
2133,face,FACE_106_194,106,194,16.73127194806261
2134,face,FACE_52_223,52,223,5.700446202130877
2135,face,FACE_237_125,237,125,9.662836577641817
2136,face,FACE_33_246,33,246,2.7822596931110444
2137,face,FACE_341_362,341,362,1.8702411730882333
2138,face,FACE_53_224,53,224,6.746320356537913
2139,face,FACE_408_272,408,272,7.853515567500448
2140,face,FACE_45_220,45,220,7.652472097554693
2141,face,FACE_280_352,280,352,14.552205575180441
2142,face,FACE_351_412,351,412,6.3103563591046035
2143,face,FACE_271_303,271,303,2.6934610437914173
2144,face,FACE_231_230,231,230,10.018076482009844
2145,face,FACE_267_269,267,269,12.581362254057616
2146,face,FACE_79_218,79,218,2.8003317600970368
2147,face,FACE_37_72,37,72,3.3454283113812266
2148,face,FACE_390_339,390,339,5.008927326748335
2149,face,FACE_313_421,313,421,9.840872535000628
2150,face,FACE_157_173,157,173,4.449852282387557
2151,face,FACE_437_456,437,456,3.470975082776791
2152,face,FACE_458_250,458,250,1.3933685093200843
2153,face,FACE_47_121,47,121,6.707895563115977
2154,face,FACE_60_240,60,240,8.941144439111163
2155,face,FACE_412_399,412,399,7.0450256349036255
2156,face,FACE_39_37,39,37,13.565342096650905
2157,face,FACE_76_184,76,184,4.894823359097838
2158,face,FACE_123_116,123,116,15.318246833960096
2159,face,FACE_362_398,362,398,1.997575152257306
2160,face,FACE_309_392,309,392,3.659247399721259
2161,face,FACE_302_267,302,267,3.365698096112628
2162,face,FACE_293_298,293,298,13.315549934273944
2163,face,FACE_92_165,92,165,10.281696482039084
2164,face,FACE_4_281,4,281,10.652072937816992
2165,face,FACE_186_92,186,92,8.879253229489667
2166,face,FACE_58_172,58,172,18.144042945489524
2167,face,FACE_3_236,3,236,7.495524371735834
2168,face,FACE_105_104,105,104,20.17934913271086
2169,face,FACE_178_88,178,88,8.492503128246282
2170,face,FACE_418_335,418,335,15.710091554848296
2171,face,FACE_395_431,395,431,10.461299031098282
2172,face,FACE_108_109,108,109,19.586950322409137
2173,face,FACE_428_199,428,199,14.932168851567697
2174,face,FACE_194_32,194,32,10.544215099899857
2175,face,FACE_99_60,99,60,2.0940102394341906
2176,face,FACE_250_458,250,458,1.3933685093200843
2177,face,FACE_97_99,97,99,1.897154562475613
2178,face,FACE_83_201,83,201,9.94034095609254
2179,face,FACE_98_64,98,64,4.7546648537756955
2180,face,FACE_343_277,343,277,7.095558533736515
2181,face,FACE_35_124,35,124,8.793363687279758
2182,face,FACE_114_188,114,188,8.089885981283912
2183,face,FACE_5_281,5,281,6.540153537803917
2184,face,FACE_440_438,440,438,6.068801602879618
2185,face,FACE_372_340,372,340,10.32275074694097
2186,face,FACE_243_189,243,189,5.654261427256835
2187,face,FACE_90_96,90,96,7.136413869271718
2188,face,FACE_419_6,419,6,12.182551443983703
2189,face,FACE_323_447,323,447,21.872797229989814
2190,face,FACE_9_108,9,108,32.72128542421687
2191,face,FACE_289_305,289,305,2.132100761948232
2192,face,FACE_216_92,216,92,14.957857441435314
2193,face,FACE_433_435,433,435,9.730744571707572
2194,face,FACE_212_207,212,207,21.694477508181492
2195,face,FACE_411_416,411,416,21.16844918354027
2196,face,FACE_130_25,130,25,4.571032064007536
2197,face,FACE_129_209,129,209,10.385749339589712
2198,face,FACE_441_295,441,295,13.470713891962923
2199,face,FACE_392_439,392,439,3.6141191771179932
2200,face,FACE_91_182,91,182,15.898458251592967
2201,face,FACE_331_279,331,279,3.5046945900857005
2202,face,FACE_270_269,270,269,8.70650610352028
2203,face,FACE_329_355,329,355,7.350107500488625
2204,face,FACE_295_442,295,442,5.3322616768382405
2205,face,FACE_241_242,241,242,1.6612073545800927
2206,face,FACE_301_293,301,293,12.7010515973051
2207,face,FACE_18_313,18,313,10.715777604102822
2208,face,FACE_93_227,93,227,21.94770591478361
2209,face,FACE_399_419,399,419,6.399905518896845
2210,face,FACE_419_248,419,248,7.045733958146737
2211,face,FACE_303_302,303,302,10.940545950027312
2212,face,FACE_274_275,274,275,7.858337552725533
2213,face,FACE_41_73,41,73,2.746867385246477
2214,face,FACE_252_256,252,256,6.241280115207729
2215,face,FACE_37_39,37,39,13.565342096650905
2216,face,FACE_304_303,304,303,8.122890908396085
2217,face,FACE_156_139,156,139,10.456650938162763
2218,face,FACE_296_299,296,299,21.715924721804814
2219,face,FACE_351_6,351,6,7.128747359067834
2220,face,FACE_242_99,242,99,7.291556039040438
2221,face,FACE_188_128,188,128,6.646747133812562
2222,face,FACE_467_446,467,446,8.422396480298525
2223,face,FACE_371_329,371,329,7.93787565321101
2224,face,FACE_337_336,337,336,24.202105362108217
2225,face,FACE_402_316,402,316,8.371659875512435
2226,face,FACE_235_59,235,59,3.6981179775380566
2227,face,FACE_67_103,67,103,23.859608288277926
2228,face,FACE_125_44,125,44,4.704358661480564
2229,face,FACE_56_173,56,173,7.960170766895146
2230,face,FACE_145_22,145,22,7.5604802890221645
2231,face,FACE_464_413,464,413,6.590591127213164
2232,face,FACE_190_173,190,173,4.946367786708461
2233,face,FACE_267_393,267,393,1.989126661123095
2234,face,FACE_319_403,319,403,7.74938326940007
2235,face,FACE_72_37,72,37,3.3454283113812266
2236,face,FACE_232_26,232,26,4.194096240116013
2237,face,FACE_292_306,292,306,1.2339658068726993
2238,face,FACE_403_402,403,402,2.3785870455585565
2239,face,FACE_320_404,320,404,8.82551167785733
2240,face,FACE_360_440,360,440,5.806087404543193
2241,face,FACE_441_285,441,285,7.630164916607262
2242,face,FACE_368_301,368,301,13.517824984945292
2243,face,FACE_425_426,425,426,12.624609849819898
2244,face,FACE_2_94,2,94,1.612862380507544
2245,face,FACE_341_463,341,463,3.1376364389867906
2246,face,FACE_208_199,208,199,16.42915562701945
2247,face,FACE_215_58,215,58,9.827154204203497
2248,face,FACE_407_408,407,408,2.01961305449839
2249,face,FACE_101_36,101,36,11.06171031999279
2250,face,FACE_455_305,455,305,5.247404028263452
2251,face,FACE_400_369,400,369,8.236555450329261
2252,face,FACE_126_129,126,129,14.892675885269249
2253,face,FACE_233_112,233,112,4.557254036876466
2254,face,FACE_412_343,412,343,7.337987605721684
2255,face,FACE_458_459,458,459,4.715606768696398
2256,face,FACE_63_46,63,46,10.243570526618964
2257,face,FACE_135_214,135,214,17.66138592974935
2258,face,FACE_421_428,421,428,10.93363035228841
2259,face,FACE_86_178,86,178,9.73227508485135
2260,face,FACE_449_346,449,346,15.424410330717297
2261,face,FACE_301_368,301,368,13.517824984945292
2262,face,FACE_137_116,137,116,23.685375999323377
2263,face,FACE_450_347,450,347,16.47504887840244
2264,face,FACE_237_239,237,239,1.685048455788119
2265,face,FACE_83_181,83,181,17.0531552099755
2266,face,FACE_170_149,170,149,10.453381236506688
2267,face,FACE_243_133,243,133,3.231860475171037
2268,face,FACE_384_258,384,258,11.23880462883162
2269,face,FACE_370_94,370,94,3.194744279170705
2270,face,FACE_208_32,208,32,15.799662874011746
2271,face,FACE_40_39,40,39,9.417108236855487
2272,face,FACE_155_26,155,26,3.9922353598490314
2273,face,FACE_207_216,207,216,12.262598019206449
2274,face,FACE_213_147,213,147,14.631614376078165
2275,face,FACE_453_357,453,357,2.8971069117118304
2276,face,FACE_11_12,11,12,2.8887427731539055
2277,face,FACE_71_63,71,63,22.1561033360047
2278,face,FACE_290_250,290,250,4.9063080097867084
2279,face,FACE_128_188,128,188,6.646747133812562
2280,face,FACE_409_287,409,287,8.858719421777833
2281,face,FACE_268_311,268,311,8.3203217037581
2282,face,FACE_334_293,334,293,12.895576859275499
2283,face,FACE_440_274,440,274,9.292870601022287
2284,face,FACE_44_45,44,45,7.888164840513479
2285,face,FACE_98_165,98,165,11.907315281831208
2286,face,FACE_304_270,304,270,2.330378788446427
2287,face,FACE_22_26,22,26,6.716540531340499
2288,face,FACE_455_439,455,439,1.651656788104218
2289,face,FACE_74_73,74,73,8.841751340247676
2290,face,FACE_66_69,66,69,23.435697213248105
2291,face,FACE_31_111,31,111,10.547347015024666
2292,face,FACE_131_198,131,198,6.06907072418897
2293,face,FACE_184_61,184,61,5.704303594186966
2294,face,FACE_28_222,28,222,3.688336195245651
2295,face,FACE_410_287,410,287,7.334137870419863
2296,face,FACE_436_425,436,425,17.82202143251047
2297,face,FACE_409_408,409,408,1.8776568272122798
2298,face,FACE_223_52,223,52,5.700446202130877
2299,face,FACE_428_421,428,421,10.93363035228841
2300,face,FACE_376_411,376,411,7.800292415596232
2301,face,FACE_141_19,141,19,4.365084999127532
2302,face,FACE_144_24,144,24,4.373729266137544
2303,face,FACE_123_50,123,50,20.44699125669313
2304,face,FACE_142_100,142,100,8.231117499086274
2305,face,FACE_442_441,442,441,11.68657290072061
2306,face,FACE_421_418,421,418,12.388721666826786
2307,face,FACE_448_255,448,255,6.445673544546934
2308,face,FACE_138_215,138,215,16.54075498643089
2309,face,FACE_443_442,443,442,10.104639057490603
2310,face,FACE_62_76,62,76,1.1605755072710389
2311,face,FACE_355_329,355,329,7.350107500488625
2312,face,FACE_375_307,375,307,1.8421834163654658
2313,face,FACE_227_143,227,143,24.09390729774457
2314,face,FACE_20_79,20,79,8.969119319168326
2315,face,FACE_39_92,39,92,10.715274692421296
2316,face,FACE_24_229,24,229,7.033508029754517
2317,face,FACE_250_392,250,392,11.742816190758736
2318,face,FACE_219_59,219,59,3.683016796705347
2319,face,FACE_36_203,36,203,10.623256403671242
2320,face,FACE_223_29,223,29,8.439399598529343
2321,face,FACE_209_131,209,131,4.849214245552976
2322,face,FACE_328_460,328,460,8.968595777255189
2323,face,FACE_206_205,206,205,13.810472063547657
2324,face,FACE_347_330,347,330,10.246501415368451
2325,face,FACE_306_292,306,292,1.2339658068726993
2326,face,FACE_2_326,2,326,10.612378247462996
2327,face,FACE_184_74,184,74,7.214646421461461
2328,face,FACE_457_461,457,461,7.293069508290433
2329,face,FACE_228_229,228,229,9.206973160372712
2330,face,FACE_368_389,368,389,3.91747265251201
2331,face,FACE_239_238,239,238,4.970049231460365
2332,face,FACE_85_180,85,180,11.377155841843138
2333,face,FACE_137_227,137,227,17.161186985519205
2334,face,FACE_171_140,171,140,15.99362980897457
2335,face,FACE_210_211,210,211,15.188160038416525
2336,face,FACE_138_192,138,192,15.058945854908618
2337,face,FACE_77_96,77,96,1.8479884421138233
2338,face,FACE_458_462,458,462,3.357119003691766
2339,face,FACE_344_440,344,440,5.442518718909213
2340,face,FACE_11_267,11,267,12.815452579166886
2341,face,FACE_242_20,242,20,2.3350034077023043
2342,face,FACE_126_217,126,217,8.11261621490716
2343,face,FACE_243_244,243,244,4.859352303522343
2344,face,FACE_324_318,324,318,6.074196299837454
2345,face,FACE_211_32,211,32,14.41104421119665
2346,face,FACE_55_193,55,193,9.409572118563354
2347,face,FACE_395_378,395,378,10.368651843524066
2348,face,FACE_202_212,202,212,12.961768337794123
2349,face,FACE_360_420,360,420,6.729373528729688
2350,face,FACE_325_319,325,319,6.877257999177271
2351,face,FACE_457_438,457,438,4.871923690654357
2352,face,FACE_40_186,40,186,9.766529882924967
2353,face,FACE_276_283,276,283,9.313841614434647
2354,face,FACE_294_331,294,331,3.794357957184296
2355,face,FACE_242_141,242,141,2.8286494012033376
2356,face,FACE_187_205,187,205,21.88394118520517
2357,face,FACE_396_199,396,199,17.891615603628242
2358,face,FACE_268_13,268,13,11.645766885984758
2359,face,FACE_292_407,292,407,4.6086516020973045
2360,face,FACE_298_301,298,301,13.874718929770186
2361,face,FACE_404_319,404,319,8.128780946452464
2362,face,FACE_9_55,9,55,16.644609909991523
2363,face,FACE_370_326,370,326,6.716588707263582
2364,face,FACE_68_104,68,104,17.534479845436856
2365,face,FACE_281_248,281,248,7.833949167669646
2366,face,FACE_230_23,230,23,5.487555745009468
2367,face,FACE_74_184,74,184,7.214646421461461
2368,face,FACE_320_325,320,325,6.729463591973553
2369,face,FACE_141_94,141,94,3.337448149317014
2370,face,FACE_60_20,60,20,6.74450707139163
2371,face,FACE_97_167,97,167,6.354285052867404
2372,face,FACE_104_63,104,63,20.769361332073547
2373,face,FACE_283_443,283,443,13.436866184291182
2374,face,FACE_69_105,69,105,23.85814487308417
2375,face,FACE_300_383,300,383,9.789793281084833
2376,face,FACE_48_131,48,131,9.239771717839963
2377,face,FACE_401_435,401,435,16.226145871598245
2378,face,FACE_74_40,74,40,2.3278769021887826
2379,face,FACE_258_386,258,386,11.837519707168344
2380,face,FACE_86_14,86,14,11.93926638777191
2381,face,FACE_364_367,364,367,12.156497257342043
2382,face,FACE_432_422,432,422,12.154371700044406
2383,face,FACE_424_418,424,418,11.036062775023145
2384,face,FACE_177_132,177,132,6.9267451793297035
2385,face,FACE_282_334,282,334,6.301737660754667
2386,face,FACE_329_266,329,266,16.693402301504392
2387,face,FACE_394_395,394,395,11.806237245186578
2388,face,FACE_372_264,372,264,4.983553805983414
2389,face,FACE_430_434,430,434,17.73512042962875
2390,face,FACE_117_123,117,123,25.22723086994107
2391,face,FACE_88_96,88,96,8.394600513782404
2392,face,FACE_180_179,180,179,2.8274002177129525
2393,face,FACE_406_405,406,405,4.542008186673233
2394,face,FACE_45_134,45,134,10.05039383284241
2395,face,FACE_53_223,53,223,15.34549888122176
2396,face,FACE_91_106,91,106,5.738162667636818
2397,face,FACE_271_302,271,302,9.980990672077372
2398,face,FACE_283_276,283,276,9.313841614434647
2399,face,FACE_76_62,76,62,1.1605755072710389
2400,face,FACE_236_51,236,51,8.111538092843876
2401,face,FACE_96_77,96,77,1.8479884421138233
2402,face,FACE_8_193,8,193,12.251223205503857
2403,face,FACE_247_246,247,246,7.4361912711205616
2404,face,FACE_368_356,368,356,16.839760716791105
2405,face,FACE_100_47,100,47,9.66694390584235
2406,face,FACE_279_278,279,278,4.0747140230800785
2407,face,FACE_452_349,452,349,10.247358625953225
2408,face,FACE_379_365,379,365,13.211464289459338
2409,face,FACE_38_72,38,72,3.145883657685879
2410,face,FACE_399_343,399,343,3.5254736981429535
2411,face,FACE_257_259,257,259,7.297131273983076
2412,face,FACE_377_175,377,175,15.768864009820145
2413,face,FACE_249_255,249,255,4.581479672294131
2414,face,FACE_354_457,354,457,9.350638920308226
2415,face,FACE_239_241,239,241,6.910805779447383
2416,face,FACE_312_311,312,311,8.938623109151278
2417,face,FACE_150_169,150,169,11.714132683738349
2418,face,FACE_157_28,157,28,11.224119816766638
2419,face,FACE_182_201,182,201,17.53075146797096
2420,face,FACE_19_94,19,94,1.9964154548522028
2421,face,FACE_39_72,39,72,13.39897568948162
2422,face,FACE_4_51,4,51,12.044035591248276
2423,face,FACE_97_242,97,242,6.2325924568038875
2424,face,FACE_290_328,290,328,1.929935487741724
2425,face,FACE_336_295,336,295,15.473236248981639
2426,face,FACE_194_211,194,211,14.767749671290014
2427,face,FACE_293_333,293,333,21.67699016408254
2428,face,FACE_340_265,340,265,8.006995591054583
2429,face,FACE_25_110,25,110,5.040470295323059
2430,face,FACE_291_409,291,409,4.89649173914021
2431,face,FACE_445_467,445,467,5.712749712403327
2432,face,FACE_366_323,366,323,5.942814235309305
2433,face,FACE_46_53,46,53,10.593872499709828
2434,face,FACE_278_439,278,439,3.5176200224024754
2435,face,FACE_65_66,65,66,6.367064991279542
2436,face,FACE_430_424,430,424,13.334478761050574
2437,face,FACE_68_71,68,71,16.159028937196922
2438,face,FACE_5_51,5,51,7.08380447246476
2439,face,FACE_30_224,30,224,5.973720088001142
2440,face,FACE_186_212,186,212,14.31176675428266
2441,face,FACE_138_172,138,172,11.165399126696714
2442,face,FACE_98_99,98,99,13.387702279655302
2443,face,FACE_85_16,85,16,12.76238968097079
2444,face,FACE_431_424,431,424,9.608473100422277
2445,face,FACE_244_189,244,189,6.359828954342526
2446,face,FACE_290_305,290,305,4.625744774723294
2447,face,FACE_454_264,454,264,19.699979385758486
2448,face,FACE_373_339,373,339,8.418337109747593
2449,face,FACE_240_75,240,75,3.675331649251663
2450,face,FACE_445_444,445,444,7.2247945939637725
2451,face,FACE_112_155,112,155,2.864878878227784
2452,face,FACE_392_438,392,438,2.4725059295502927
2453,face,FACE_135_138,135,138,15.076206560963797
2454,face,FACE_216_212,216,212,15.132390440329463
2455,face,FACE_122_168,122,168,11.037178249712744
2456,face,FACE_26_231,26,231,9.045190584426786
2457,face,FACE_129_64,129,64,4.404030900105122
2458,face,FACE_446_265,446,265,7.525847340103059
2459,face,FACE_203_129,203,129,9.442888129663524
2460,face,FACE_143_227,143,227,24.09390729774457
2461,face,FACE_457_274,457,274,4.8599770929433355
2462,face,FACE_220_218,220,218,7.010519408576963
2463,face,FACE_18_83,18,83,11.846081814814093
2464,face,FACE_357_452,357,452,5.949605810543837
2465,face,FACE_277_343,277,343,7.095558533736515
2466,face,FACE_270_304,270,304,2.330378788446427
2467,face,FACE_261_255,261,255,7.544845760338296
2468,face,FACE_41_72,41,72,10.795981431584147
2469,face,FACE_393_2,393,2,12.761541505816652
2470,face,FACE_231_232,231,232,7.943806722649632
2471,face,FACE_16_15,16,15,3.3947595851575
2472,face,FACE_261_340,261,340,9.237437894869942
2473,face,FACE_448_346,448,346,9.171773293114795
2474,face,FACE_381_256,381,256,3.257730717514407
2475,face,FACE_467_445,467,445,5.712749712403327
2476,face,FACE_393_267,393,267,1.989126661123095
2477,face,FACE_17_16,17,16,3.8571222022893923
2478,face,FACE_262_421,262,421,15.854404882560765
2479,face,FACE_296_334,296,334,14.89007252999279
2480,face,FACE_49_48,49,48,4.121004428018781
2481,face,FACE_297_299,297,299,16.86485133606257
2482,face,FACE_182_83,182,83,12.852673379000654
2483,face,FACE_227_234,227,234,5.792932398480446
2484,face,FACE_201_182,201,182,17.53075146797096
2485,face,FACE_374_253,374,253,4.03278246400233
2486,face,FACE_27_29,27,29,7.823051793003096
2487,face,FACE_403_316,403,316,9.456487579692421
2488,face,FACE_148_175,148,175,18.463289091808374
2489,face,FACE_213_192,213,192,11.80527090361928
2490,face,FACE_219_235,219,235,1.7294811126100262
2491,face,FACE_63_104,63,104,20.769361332073547
2492,face,FACE_104_105,104,105,20.17934913271086
2493,face,FACE_256_382,256,382,3.970864252386999
2494,face,FACE_128_233,128,233,4.046538850014798
2495,face,FACE_302_269,302,269,12.30899106697107
2496,face,FACE_293_300,293,300,10.482769017903355
2497,face,FACE_59_219,59,219,3.683016796705347
2498,face,FACE_465_412,465,412,4.941191980101922
2499,face,FACE_423_266,423,266,9.875045953717004
2500,face,FACE_260_388,260,388,8.506625917084452
2501,face,FACE_307_320,307,320,7.540397705446347
2502,face,FACE_113_226,113,226,6.077472025884881
2503,face,FACE_51_134,51,134,7.869072122862393
2504,face,FACE_446_255,446,255,8.249326352927314
2505,face,FACE_47_100,47,100,9.66694390584235
2506,face,FACE_147_187,147,187,11.67104815320791
2507,face,FACE_460_455,460,455,2.857758672557136
2508,face,FACE_151_337,151,337,19.704083551930342
2509,face,FACE_165_92,165,92,10.281696482039084
2510,face,FACE_263_255,263,255,3.033879960840523
2511,face,FACE_182_181,182,181,6.292572114056735
2512,face,FACE_442_257,442,257,9.11399749965823
2513,face,FACE_389_251,389,251,15.862600368825792
2514,face,FACE_60_75,60,75,5.410219136298008
2515,face,FACE_57_186,57,186,7.563354655211424
2516,face,FACE_258_441,258,441,11.985996058476415
2517,face,FACE_413_464,413,464,6.590591127213164
2518,face,FACE_339_249,339,249,3.9992059824282813
2519,face,FACE_131_220,131,220,8.764549941776055
2520,face,FACE_376_433,376,433,14.422846284544718
2521,face,FACE_235_48,235,48,4.85864426190728
2522,face,FACE_112_243,112,243,3.014374592208629
2523,face,FACE_312_268,312,268,2.0351806030787922
2524,face,FACE_84_181,84,181,11.791044171474288
2525,face,FACE_238_239,238,239,4.970049231460365
2526,face,FACE_102_49,102,49,3.8921332212667283
2527,face,FACE_456_281,456,281,5.308790789309516
2528,face,FACE_40_74,40,74,2.3278769021887826
2529,face,FACE_352_340,352,340,23.95517771885077
2530,face,FACE_299_334,299,334,23.95961318382227
2531,face,FACE_31_25,31,25,8.201260487425467
2532,face,FACE_212_186,212,186,14.31176675428266
2533,face,FACE_271_272,271,272,7.52388341465195
2534,face,FACE_425_330,425,330,20.962123666821817
2535,face,FACE_51_3,51,3,7.737050903560468
2536,face,FACE_303_304,303,304,8.122890908396085
2537,face,FACE_314_313,314,313,6.122505060234613
2538,face,FACE_254_448,254,448,12.902916504288639
2539,face,FACE_360_429,360,429,2.152576731406873
2540,face,FACE_316_14,316,14,11.497934729819029
2541,face,FACE_180_90,180,90,9.780250609846592
2542,face,FACE_233_245,233,245,7.396946401944288
2543,face,FACE_295_336,295,336,15.473236248981639
2544,face,FACE_336_337,336,337,24.202105362108217
2545,face,FACE_101_205,101,205,20.755995275245215
2546,face,FACE_28_221,28,221,14.385219989202607
2547,face,FACE_315_314,315,314,3.9593958095961392
2548,face,FACE_341_452,341,452,6.116818349956439
2549,face,FACE_67_69,67,69,18.099679884352646
2550,face,FACE_318_325,318,325,7.864298632202095
2551,face,FACE_144_23,144,23,7.521239708714063
2552,face,FACE_337_338,337,338,18.96014544351717
2553,face,FACE_348_347,348,347,13.747160877180507
2554,face,FACE_275_363,275,363,7.796386710698352
2555,face,FACE_147_177,147,177,11.214358244657651
2556,face,FACE_181_90,181,90,11.094730263066827
2557,face,FACE_366_401,366,401,17.856853128050748
2558,face,FACE_218_237,218,237,6.788396021028906
2559,face,FACE_63_71,63,71,22.1561033360047
2560,face,FACE_338_10,338,10,23.248135784674524
2561,face,FACE_402_403,402,403,2.3785870455585565
2562,face,FACE_375_306,375,306,7.589516022016047
2563,face,FACE_72_39,72,39,13.39897568948162
2564,face,FACE_24_228,24,228,14.116049781031283
2565,face,FACE_292_308,292,308,1.1858349433666802
2566,face,FACE_403_404,403,404,3.2284899018157387
2567,face,FACE_61_146,61,146,8.24097408881498
2568,face,FACE_369_262,369,262,9.681818709652255
2569,face,FACE_395_400,395,400,19.453196638655374
2570,face,FACE_165_203,165,203,14.60812161016924
2571,face,FACE_430_394,430,394,11.99726440319118
2572,face,FACE_75_166,75,166,2.4937081977519164
2573,face,FACE_110_7,110,7,4.249966524673624
2574,face,FACE_281_5,281,5,6.540153537803917
2575,face,FACE_207_205,207,205,15.669814856513206
2576,face,FACE_112_233,112,233,4.557254036876466
2577,face,FACE_198_236,198,236,8.303937326169018
2578,face,FACE_227_34,227,34,16.637651524816
2579,face,FACE_458_461,458,461,1.3155533798169705
2580,face,FACE_129_142,129,142,8.9679060854728
2581,face,FACE_334_282,334,282,6.301737660754667
2582,face,FACE_201_18,201,18,16.368580522713692
2583,face,FACE_33_25,33,25,3.072786355788088
2584,face,FACE_166_60,166,60,7.2285571375608955
2585,face,FACE_251_284,251,284,16.269760977007273
2586,face,FACE_226_111,226,111,12.436484139446701
2587,face,FACE_169_214,169,214,28.95531571308826
2588,face,FACE_325_318,325,318,7.864298632202095
2589,face,FACE_450_349,450,349,9.37318020700407
2590,face,FACE_40_185,40,185,7.274214036058397
