id,category,mediapipe_length_desc,from_landmark_index,to_landmark_index,pixel_length,length_cm,ratio,alt_cm,notes
0,pose,POSE_15_21,15,21,18.497106011641787
1,pose,POSE_16_20,16,20,42.41224060353006
2,pose,POSE_18_20,18,20,24.755319918707062
3,pose,POSE_3_7,3,7,7.190481841259578
4,pose,POSE_14_16,14,16,113.303084457138
5,pose,POSE_23_25,23,25,134.101547938298
6,pose,POSE_28_30,28,30,8.490421709094209
7,pose,POSE_11_23,11,23,216.34650490743545
8,pose,POSE_27_31,27,31,58.539805708684
9,pose,POSE_6_8,6,8,18.931416020477155
10,pose,POSE_15_17,15,17,28.874137681014144
11,pose,POSE_24_26,24,26,65.24839364525032
12,pose,POSE_16_22,16,22,36.85548280561646
13,pose,POSE_4_5,4,5,6.434931150439947
14,pose,POSE_5_6,5,6,7.725604554407407
15,pose,POSE_29_31,29,31,39.22337518321001
16,pose,POSE_12_24,12,24,221.55530135827746
17,pose,POSE_23_24,23,24,92.47900920050544
18,pose,POSE_0_1,0,1,16.207552815437193
19,pose,POSE_9_10,9,10,20.834078081498216
20,pose,POSE_1_2,1,2,6.8452382783167165
21,pose,POSE_0_4,0,4,20.369505940675147
22,pose,POSE_11_13,11,13,133.30166924275966
23,pose,POSE_30_32,30,32,46.37724364089631
24,pose,POSE_28_32,28,32,54.59747737484379
25,pose,POSE_15_19,15,19,24.36465555361317
26,pose,POSE_16_18,16,18,39.76587014057136
27,pose,POSE_25_27,25,27,195.6404960454363
28,pose,POSE_26_28,26,28,140.84179950807658
29,pose,POSE_12_14,12,14,134.76634873048542
30,pose,POSE_17_19,17,19,14.1127402249066
31,pose,POSE_2_3,2,3,5.153913931756266
32,pose,POSE_11_12,11,12,169.99362164939603
33,pose,POSE_27_29,27,29,35.11697917806535
34,pose,POSE_13_15,13,15,93.03630375183963
35,face,FACE_18_17,18,17,4.34686938431485
36,face,FACE_82_38,82,38,0.35547507989356086
37,face,FACE_8_9,8,9,3.812705891688925
38,face,FACE_456_248,456,248,2.1062604961413554
39,face,FACE_167_2,167,2,5.316131330206974
40,face,FACE_303_271,303,271,1.1893922692087129
41,face,FACE_69_104,69,104,8.795077217453754
42,face,FACE_253_450,253,450,2.218185927959489
43,face,FACE_41_42,41,42,3.1641363972206986
44,face,FACE_315_16,315,16,2.9563180637109463
45,face,FACE_73_74,73,74,3.4891498580071794
46,face,FACE_339_373,339,373,2.498548929150284
47,face,FACE_258_385,258,385,1.7121531653575321
48,face,FACE_105_63,105,63,6.536622027083005
49,face,FACE_219_48,219,48,1.446285712271376
50,face,FACE_304_272,304,272,1.1755901085823213
51,face,FACE_236_217,236,217,3.448603854709775
52,face,FACE_231_22,231,22,1.8473163682063694
53,face,FACE_85_84,85,84,1.8189290992541343
54,face,FACE_365_367,365,367,8.905882163557624
55,face,FACE_237_218,237,218,3.052390366406077
56,face,FACE_243_112,243,112,1.3739280052348584
57,face,FACE_436_427,436,427,3.730747299696836
58,face,FACE_409_410,409,410,2.9220942395345757
59,face,FACE_248_456,248,456,2.1062604961413554
60,face,FACE_330_266,330,266,3.6749744832761966
61,face,FACE_136_135,136,135,5.169715817234225
62,face,FACE_88_95,88,95,2.2986659161298277
63,face,FACE_394_430,394,430,4.27487346288918
64,face,FACE_107_108,107,108,8.320096887839872
65,face,FACE_118_117,118,117,5.045111891209595
66,face,FACE_439_438,439,438,1.210955714114231
67,face,FACE_442_443,442,443,3.6881850473240365
68,face,FACE_260_466,260,466,1.8137255541419264
69,face,FACE_115_48,115,48,3.1599106128079595
70,face,FACE_342_276,342,276,3.3944754739901906
71,face,FACE_121_128,121,128,3.024892494606503
72,face,FACE_200_421,200,421,4.2971565246171854
73,face,FACE_113_124,113,124,3.486684805208046
74,face,FACE_132_137,132,137,9.954196530757772
75,face,FACE_23_230,23,230,2.252522402629214
76,face,FACE_343_357,343,357,1.842638102217894
77,face,FACE_443_444,443,444,2.963085632769662
78,face,FACE_62_78,62,78,0.08223737988220409
79,face,FACE_26_155,26,155,1.6850058630045301
80,face,FACE_228_110,228,110,3.2912533392624495
81,face,FACE_432_434,432,434,2.8170011029469593
82,face,FACE_364_379,364,379,9.186345410446442
83,face,FACE_325_308,325,308,0.4758046794089359
84,face,FACE_424_430,424,430,4.3467668081389
85,face,FACE_36_205,36,205,6.724433442722354
86,face,FACE_363_420,363,420,0.55441460868909
87,face,FACE_21_162,21,162,7.065395880220792
88,face,FACE_328_462,328,462,1.2166542165538827
89,face,FACE_419_351,419,351,3.0407568548008435
90,face,FACE_366_345,366,345,7.9123436615865295
91,face,FACE_193_8,193,8,5.154886626273134
92,face,FACE_363_456,363,456,2.96410299897002
93,face,FACE_183_80,183,80,3.032725874592892
94,face,FACE_307_375,307,375,0.9003322558513676
95,face,FACE_94_2,94,2,1.1947963358231348
96,face,FACE_333_284,333,284,3.6168220146529215
97,face,FACE_17_313,17,313,4.9415946024871795
98,face,FACE_185_40,185,40,3.042164129001851
99,face,FACE_44_1,44,1,2.625534155771983
100,face,FACE_291_287,291,287,2.5996943749019574
101,face,FACE_411_352,411,352,7.062408906718876
102,face,FACE_20_238,20,238,0.617098543601143
103,face,FACE_59_166,59,166,0.5817692375781519
104,face,FACE_272_310,272,310,0.8673279958092085
105,face,FACE_420_437,420,437,2.6544124778124236
106,face,FACE_387_260,387,260,2.541139744938329
107,face,FACE_130_226,130,226,3.078126173055919
108,face,FACE_51_45,51,45,3.6084771866865673
109,face,FACE_175_377,175,377,5.319574553346064
110,face,FACE_202_214,202,214,8.441029375424936
111,face,FACE_353_383,353,383,1.1758521333982392
112,face,FACE_339_448,339,448,2.8558615086337293
113,face,FACE_291_408,291,408,1.1670859342524122
114,face,FACE_466_260,466,260,1.8137255541419264
115,face,FACE_264_454,264,454,7.739041858730227
116,face,FACE_457_440,457,440,2.1847502073821645
117,face,FACE_355_429,355,429,2.1612435924549107
118,face,FACE_96_89,96,89,2.4394926715924887
119,face,FACE_128_121,128,121,3.024892494606503
120,face,FACE_187_207,187,207,5.676159181766261
121,face,FACE_360_278,360,278,3.356927320563884
122,face,FACE_306_307,306,307,1.0994874718216934
123,face,FACE_446_467,446,467,2.7605747341069713
124,face,FACE_165_39,165,39,4.379998955267858
125,face,FACE_337_151,337,151,7.095547712019881
126,face,FACE_168_193,168,193,4.054745466699786
127,face,FACE_73_41,73,41,0.7757357973331415
128,face,FACE_318_403,318,403,1.2348754151196428
129,face,FACE_263_467,263,467,1.4608688680872794
130,face,FACE_283_445,283,445,3.1137089192536433
131,face,FACE_74_42,74,42,0.785113144869568
132,face,FACE_201_83,201,83,4.59189164595556
133,face,FACE_65_222,65,222,2.807078166941606
134,face,FACE_37_11,37,11,4.396184999967856
135,face,FACE_429_355,429,355,2.1612435924549107
136,face,FACE_272_408,272,408,2.232730513691052
137,face,FACE_179_180,179,180,0.9973811271308473
138,face,FACE_100_36,100,36,6.252790243875366
139,face,FACE_158_157,158,157,2.6065609941550822
140,face,FACE_438_440,438,440,2.222537262137596
141,face,FACE_358_331,358,331,0.5084663349627968
142,face,FACE_281_456,281,456,1.394794033619313
143,face,FACE_136_138,136,138,9.593187696013437
144,face,FACE_314_404,314,404,3.2928259497060015
145,face,FACE_417_8,417,8,4.340456756569448
146,face,FACE_34_127,34,127,4.638056932424951
147,face,FACE_367_416,367,416,5.169076830523682
148,face,FACE_180_181,180,181,1.6656457618251106
149,face,FACE_426_322,426,322,3.912379614121499
150,face,FACE_419_197,419,197,2.347029021274991
151,face,FACE_457_309,457,309,0.5883860317634988
152,face,FACE_215_138,215,138,7.19630300178101
153,face,FACE_242_241,242,241,0.9049205013706445
154,face,FACE_33_247,33,247,1.5495787937507488
155,face,FACE_53_225,53,225,3.420078332357839
156,face,FACE_126_209,126,209,2.186030915364772
157,face,FACE_467_359,467,359,1.4661330737456015
158,face,FACE_224_223,224,223,4.053250467708187
159,face,FACE_271_304,271,304,2.601995740395373
160,face,FACE_97_2,97,2,4.291651418722361
161,face,FACE_183_191,183,191,0.4017027500215782
162,face,FACE_202_204,202,204,5.196411550108504
163,face,FACE_95_78,95,78,2.5183070672172385
164,face,FACE_246_247,246,247,2.1953001463812707
165,face,FACE_177_147,177,147,6.207075047055303
166,face,FACE_357_343,357,343,1.842638102217894
167,face,FACE_65_55,65,55,7.550210452982487
168,face,FACE_116_137,116,137,10.310335718653748
169,face,FACE_135_150,135,150,10.091111847208664
170,face,FACE_382_256,382,256,1.795207875509509
171,face,FACE_199_171,199,171,8.446417259979766
172,face,FACE_298_293,298,293,3.688597923296725
173,face,FACE_16_315,16,315,2.9563180637109463
174,face,FACE_204_106,204,106,4.6874146564744485
175,face,FACE_149_170,149,170,4.163346626774545
176,face,FACE_150_135,150,135,10.091111847208664
177,face,FACE_403_315,403,315,2.54314261097077
178,face,FACE_61_57,61,57,3.3455012269435906
179,face,FACE_205_187,205,187,9.994440429458884
180,face,FACE_44_4,44,4,4.1275545367257935
181,face,FACE_358_429,358,429,3.880467010721774
182,face,FACE_277_355,277,355,2.7509201504234837
183,face,FACE_438_309,438,309,1.0564117953095766
184,face,FACE_42_80,42,80,0.2082980395228719
185,face,FACE_236_174,236,174,2.686410893678424
186,face,FACE_128_232,128,232,3.377352049099516
187,face,FACE_302_268,302,268,1.299324248752482
188,face,FACE_313_314,313,314,4.2877398423790645
189,face,FACE_240_64,240,64,2.4284089120517254
190,face,FACE_291_375,291,375,1.4200198346019546
191,face,FACE_260_387,260,387,2.541139744938329
192,face,FACE_113_225,113,225,3.1994853397656655
193,face,FACE_107_65,107,65,6.829951931003691
194,face,FACE_247_225,247,225,2.2606742019646475
195,face,FACE_346_347,346,347,2.7709200530422593
196,face,FACE_44_125,44,125,1.7620536869351717
197,face,FACE_378_379,378,379,3.497466753900843
198,face,FACE_466_263,466,263,0.7078938986722757
199,face,FACE_250_459,250,459,2.534514398411042
200,face,FACE_50_205,50,205,6.448386090948813
201,face,FACE_111_35,111,35,3.7181728608627997
202,face,FACE_76_77,76,77,2.142799234551737
203,face,FACE_122_193,122,193,3.670435281516855
204,face,FACE_209_198,209,198,3.106915476469859
205,face,FACE_201_194,201,194,5.7939396990004886
206,face,FACE_408_407,408,407,0.9805120450338022
207,face,FACE_285_336,285,336,3.987545969403511
208,face,FACE_2_393,2,393,4.104280306482631
209,face,FACE_243_190,243,190,1.8239350195706128
210,face,FACE_336_9,336,9,5.908087633128686
211,face,FACE_234_227,234,227,4.491876745452994
212,face,FACE_293_276,293,276,3.866916903695812
213,face,FACE_221_28,221,28,5.519694407175093
214,face,FACE_57_185,57,185,4.882353184191659
215,face,FACE_217_174,217,174,3.286050143375551
216,face,FACE_131_134,131,134,3.874911202806735
217,face,FACE_344_278,344,278,1.4210807026104637
218,face,FACE_343_399,343,399,0.4486574865036563
219,face,FACE_28_158,28,158,2.0407693586860054
220,face,FACE_128_245,128,245,2.980794177845538
221,face,FACE_463_464,463,464,1.0454045073379399
222,face,FACE_443_257,443,257,1.8221522552018603
223,face,FACE_394_364,394,364,4.622673570105388
224,face,FACE_164_167,164,167,4.532378332724839
225,face,FACE_10_109,10,109,9.461893198913982
226,face,FACE_196_236,196,236,4.559690084387918
227,face,FACE_429_358,429,358,3.880467010721774
228,face,FACE_174_217,174,217,3.286050143375551
229,face,FACE_452_341,452,341,2.471877646465117
230,face,FACE_2_370,2,370,2.0919072516923842
231,face,FACE_84_180,84,180,4.2391218380648334
232,face,FACE_320_307,320,307,1.3048672371175405
233,face,FACE_0_37,0,37,4.172202918129007
234,face,FACE_250_328,250,328,1.2314172798107912
235,face,FACE_101_119,101,119,3.0881040981252825
236,face,FACE_41_74,41,74,3.7192147407130767
237,face,FACE_399_456,399,456,2.648632166061276
238,face,FACE_13_12,13,12,0.5868959340035711
239,face,FACE_218_115,218,115,1.7593388888865567
240,face,FACE_343_412,343,412,2.6470819128820997
241,face,FACE_16_17,16,17,1.7442328417817978
242,face,FACE_55_8,55,8,5.712274514468262
243,face,FACE_107_55,107,55,4.083222208687887
244,face,FACE_153_22,153,22,1.733019538820345
245,face,FACE_440_344,440,344,1.3462112005383815
246,face,FACE_393_269,393,269,5.1835713920580915
247,face,FACE_364_434,364,434,6.073177901236184
248,face,FACE_38_41,38,41,3.753333211197842
249,face,FACE_296_336,296,336,5.603922498427671
250,face,FACE_68_63,68,63,6.079550775831191
251,face,FACE_402_317,402,317,2.192706744343936
252,face,FACE_456_437,456,437,0.3729825994242227
253,face,FACE_253_374,253,374,1.6032896137058776
254,face,FACE_254_339,254,339,1.8761872816555174
255,face,FACE_67_104,67,104,9.220374271177917
256,face,FACE_392_309,392,309,0.9335804032101914
257,face,FACE_145_23,145,23,1.7232474596502534
258,face,FACE_63_70,63,70,5.703006685793473
259,face,FACE_403_318,403,318,1.2348754151196428
260,face,FACE_127_234,127,234,7.419464325071349
261,face,FACE_415_292,415,292,1.628475221109436
262,face,FACE_54_21,54,21,8.065950180883782
263,face,FACE_168_6,168,6,2.9143509954825024
264,face,FACE_72_38,72,38,1.1234982545809749
265,face,FACE_204_194,204,194,5.126809513339029
266,face,FACE_83_84,83,84,4.575666031759999
267,face,FACE_282_293,282,293,4.296044229616733
268,face,FACE_302_271,302,271,1.9242954383046917
269,face,FACE_120_231,120,231,2.098206092813377
270,face,FACE_434_427,434,427,8.632622023795774
271,face,FACE_320_405,320,405,2.5902512120912204
272,face,FACE_426_423,426,423,3.952682774530014
273,face,FACE_441_286,441,286,1.7147623093316344
274,face,FACE_145_144,145,144,2.7011698106545428
275,face,FACE_341_464,341,464,1.9042370397715833
276,face,FACE_208_200,208,200,8.030691556324319
277,face,FACE_250_462,250,462,0.6097249422658733
278,face,FACE_112_232,112,232,2.425882849363957
279,face,FACE_258_286,258,286,2.6378852496558447
280,face,FACE_418_424,418,424,3.5291579175410974
281,face,FACE_160_159,160,159,2.632771679052974
282,face,FACE_286_384,286,384,1.6067451908660035
283,face,FACE_421_200,421,200,4.2971565246171854
284,face,FACE_274_1,274,1,2.0726853290384533
285,face,FACE_200_201,200,201,5.245484477716935
286,face,FACE_166_59,166,59,0.5817692375781519
287,face,FACE_111_123,111,123,9.715552096197847
288,face,FACE_211_210,211,210,6.200080914675654
289,face,FACE_330_347,330,347,4.228700888921741
290,face,FACE_422_430,422,430,3.550351759765607
291,face,FACE_214_135,214,135,7.6790601924498665
292,face,FACE_280_346,280,346,6.588035415925128
293,face,FACE_107_9,107,9,6.59408862688901
294,face,FACE_265_446,265,446,2.1696415124846204
295,face,FACE_244_243,244,243,2.1588325162670268
296,face,FACE_417_351,417,351,3.043391982783785
297,face,FACE_110_163,110,163,2.283511034026771
298,face,FACE_450_348,450,348,2.5294563995878714
299,face,FACE_396_377,396,377,3.2323094767044878
300,face,FACE_245_244,245,244,1.513460649166915
301,face,FACE_83_182,83,182,4.698122129950706
302,face,FACE_8_417,8,417,4.340456756569448
303,face,FACE_451_349,451,349,1.933128843804599
304,face,FACE_203_98,203,98,5.2230206265305394
305,face,FACE_376_435,376,435,8.654978562987367
306,face,FACE_101_50,101,50,9.122433344040969
307,face,FACE_345_447,345,447,1.6529763185788717
308,face,FACE_412_357,412,357,0.8049204571638331
309,face,FACE_238_241,238,241,0.9014027290398486
310,face,FACE_90_77,90,77,2.657688456335081
311,face,FACE_369_395,369,395,3.9883513219517237
312,face,FACE_276_353,276,353,2.8982444517072947
313,face,FACE_253_449,253,449,4.555193705582725
314,face,FACE_359_467,359,467,1.4661330737456015
315,face,FACE_279_358,279,358,1.611603871633414
316,face,FACE_315_15,315,15,3.1715397648413797
317,face,FACE_433_416,433,416,3.496381683835414
318,face,FACE_299_336,299,336,9.310696043375273
319,face,FACE_46_156,46,156,6.565314397294549
320,face,FACE_167_37,167,37,3.528393003270888
321,face,FACE_460_290,460,290,2.0688797626808104
322,face,FACE_311_310,311,310,1.6372599056747172
323,face,FACE_410_432,410,432,4.487468248019858
324,face,FACE_357_277,357,277,4.40194097304048
325,face,FACE_35_226,35,226,3.986610823910185
326,face,FACE_304_271,304,271,2.601995740395373
327,face,FACE_189_55,189,55,4.3630594918502865
328,face,FACE_314_315,314,315,1.8111146251873624
329,face,FACE_108_67,108,67,12.80053173156796
330,face,FACE_1_4,1,4,3.153848901313437
331,face,FACE_4_275,4,275,2.330852711523685
332,face,FACE_205_36,205,36,6.724433442722354
333,face,FACE_156_143,156,143,5.3347518658286655
334,face,FACE_436_426,436,426,4.337217098407644
335,face,FACE_223_53,223,53,6.578331415322084
336,face,FACE_461_370,461,370,1.8709871936382467
337,face,FACE_23_144,23,144,3.189491055775837
338,face,FACE_29_224,29,224,1.7955711173135582
339,face,FACE_244_112,244,112,3.1359544152330234
340,face,FACE_348_349,348,349,3.9247760536408824
341,face,FACE_340_345,340,345,3.161708510519962
342,face,FACE_122_6,122,6,3.064968634388759
343,face,FACE_401_361,401,361,3.622056952159094
344,face,FACE_228_24,228,24,5.71396705901523
345,face,FACE_252_381,252,381,2.6747891428555066
346,face,FACE_37_164,37,164,5.606731105981173
347,face,FACE_192_187,192,187,8.620354649915182
348,face,FACE_177_58,177,58,10.459327844333744
349,face,FACE_410_409,410,409,2.9220942395345757
350,face,FACE_316_402,316,402,1.970008047077482
351,face,FACE_381_382,381,382,1.3753744330279631
352,face,FACE_429_279,429,279,2.6932092993864813
353,face,FACE_140_176,140,176,3.4246625110897817
354,face,FACE_26_154,26,154,1.5403350997403331
355,face,FACE_434_394,434,394,10.281083984033756
356,face,FACE_52_63,52,63,7.773439277208104
357,face,FACE_79_166,79,166,2.6227970801428033
358,face,FACE_72_41,72,41,4.084747739609566
359,face,FACE_71_162,71,162,9.496281660994152
360,face,FACE_244_233,244,233,2.339243599049954
361,face,FACE_222_65,222,65,2.807078166941606
362,face,FACE_214_210,214,210,7.556444728896006
363,face,FACE_354_370,354,370,1.276134611014011
364,face,FACE_140_32,140,32,4.411621777946152
365,face,FACE_30_160,30,160,2.9988741028707033
366,face,FACE_212_57,212,57,3.66582315894597
367,face,FACE_444_443,444,443,2.963085632769662
368,face,FACE_7_33,7,33,1.4700038786288059
369,face,FACE_301_251,301,251,1.9284273239111083
370,face,FACE_213_138,213,138,9.266940595194333
371,face,FACE_170_176,170,176,8.287141366140228
372,face,FACE_17_83,17,83,6.4442493166602315
373,face,FACE_268_302,268,302,1.299324248752482
374,face,FACE_32_211,32,211,5.924182001964407
375,face,FACE_331_358,331,358,0.5084663349627968
376,face,FACE_186_40,186,40,5.869712025143683
377,face,FACE_105_52,105,52,2.883677128491319
378,face,FACE_457_354,457,354,3.3878475885148647
379,face,FACE_395_379,395,379,1.5785592096852068
380,face,FACE_375_321,375,321,1.591530159158214
381,face,FACE_325_320,325,320,0.9837132619671284
382,face,FACE_317_316,317,316,0.8002867607211402
383,face,FACE_274_354,274,354,2.2192020041244045
384,face,FACE_96_88,96,88,2.681120894158563
385,face,FACE_15_14,15,14,0.8923087628883719
386,face,FACE_467_260,467,260,1.479313533194514
387,face,FACE_232_128,232,128,3.377352049099516
388,face,FACE_404_320,404,320,1.8967560139666748
389,face,FACE_350_349,350,349,3.0553045554101375
390,face,FACE_342_265,342,265,3.885344360318623
391,face,FACE_74_185,74,185,3.8214847680590083
392,face,FACE_314_17,314,17,3.1069105003465927
393,face,FACE_146_61,146,61,2.1973852238743024
394,face,FACE_247_113,247,113,2.375584887252333
395,face,FACE_405_321,405,321,2.2365374047933826
396,face,FACE_256_341,256,341,1.5871185408262516
397,face,FACE_283_444,283,444,2.644834506860583
398,face,FACE_409_291,409,291,0.8662297032745441
399,face,FACE_74_41,74,41,3.7192147407130767
400,face,FACE_78_191,78,191,1.912818268208243
401,face,FACE_245_188,245,188,2.0684287900530687
402,face,FACE_103_104,103,104,6.629965137880192
403,face,FACE_19_370,19,370,0.7872512567672215
404,face,FACE_19_141,19,141,2.111347852742927
405,face,FACE_280_411,280,411,7.092384152649572
406,face,FACE_220_131,220,131,4.0866309734017205
407,face,FACE_85_86,85,86,1.2505734871376457
408,face,FACE_372_265,372,265,1.6654372231483
409,face,FACE_237_220,237,220,2.371327377908754
410,face,FACE_204_43,204,43,5.744943302901838
411,face,FACE_118_119,118,119,6.363868376780535
412,face,FACE_210_202,210,202,4.989541958795015
413,face,FACE_290_460,290,460,2.0688797626808104
414,face,FACE_450_449,450,449,3.30751412447697
415,face,FACE_83_18,83,18,4.074183782890822
416,face,FACE_197_3,197,3,3.7732856812609925
417,face,FACE_315_404,315,404,2.476747587111628
418,face,FACE_461_458,461,458,0.25138419472471357
419,face,FACE_169_170,169,170,6.216497672729108
420,face,FACE_246_161,246,161,1.3036901689379774
421,face,FACE_32_201,32,201,8.121785681254451
422,face,FACE_236_196,236,196,4.559690084387918
423,face,FACE_409_304,409,304,2.033043600359416
424,face,FACE_295_282,295,282,4.558362768676813
425,face,FACE_395_369,395,369,3.9883513219517237
426,face,FACE_181_180,181,180,1.6656457618251106
427,face,FACE_353_372,353,372,4.58788595241731
428,face,FACE_139_34,139,34,6.771404663988997
429,face,FACE_432_436,432,436,5.474868079582189
430,face,FACE_370_461,370,461,1.8709871936382467
431,face,FACE_184_42,184,42,3.5643490140713543
432,face,FACE_96_78,96,78,2.132829129753889
433,face,FACE_113_247,113,247,2.375584887252333
434,face,FACE_326_391,326,391,5.649172750758315
435,face,FACE_147_123,147,123,6.597768077730742
436,face,FACE_126_100,126,100,4.328899003506318
437,face,FACE_205_101,205,101,8.066492794248212
438,face,FACE_452_350,452,350,1.5054604141886847
439,face,FACE_71_21,71,21,5.780030461845354
440,face,FACE_16_85,16,85,3.634839159321343
441,face,FACE_297_333,297,333,9.004546967622563
442,face,FACE_136_150,136,150,7.887879327020118
443,face,FACE_260_445,260,445,2.133143452204726
444,face,FACE_34_139,34,139,6.771404663988997
445,face,FACE_46_113,46,113,3.5105102118956673
446,face,FACE_17_315,17,315,3.649128983946152
447,face,FACE_104_54,104,54,11.882473758711395
448,face,FACE_383_372,383,372,4.6339272375458345
449,face,FACE_417_285,417,285,4.1447103943607235
450,face,FACE_150_170,150,170,6.290513532434324
451,face,FACE_20_60,20,60,3.0875396438182334
452,face,FACE_39_73,39,73,1.4733225535498717
453,face,FACE_45_4,45,4,2.966932682030447
454,face,FACE_438_344,438,344,1.470932362191924
455,face,FACE_37_0,37,0,4.172202918129007
456,face,FACE_177_123,177,123,10.950848201935287
457,face,FACE_336_296,336,296,5.603922498427671
458,face,FACE_102_129,102,129,0.9943062750194444
459,face,FACE_134_198,134,198,3.4019468148682477
460,face,FACE_175_199,175,199,4.163943378138818
461,face,FACE_302_303,302,303,2.475352037087262
462,face,FACE_293_334,293,334,3.842547964717755
463,face,FACE_87_86,87,86,0.71658560258609
464,face,FACE_99_240,99,240,4.2617225868908655
465,face,FACE_240_99,240,99,4.2617225868908655
466,face,FACE_364_394,364,394,4.622673570105388
467,face,FACE_64_102,64,102,1.7248230160172542
468,face,FACE_256_452,256,452,1.416440148669482
469,face,FACE_337_297,337,297,7.989350434215517
470,face,FACE_383_264,383,264,5.270439720478587
471,face,FACE_141_242,141,242,1.156759004310793
472,face,FACE_188_174,188,174,2.935892721669635
473,face,FACE_120_119,120,119,4.581071225870815
474,face,FACE_207_187,207,187,5.676159181766261
475,face,FACE_467_263,467,263,1.4608688680872794
476,face,FACE_30_225,30,225,2.4218669930605614
477,face,FACE_131_48,131,48,3.785831436570755
478,face,FACE_425_266,425,266,5.528591602588912
479,face,FACE_121_120,121,120,3.5922841495413533
480,face,FACE_85_17,85,17,4.002914623803208
481,face,FACE_28_157,28,157,3.0924959917176422
482,face,FACE_337_9,337,9,10.243439011121177
483,face,FACE_342_353,342,353,1.8195333749248688
484,face,FACE_154_153,154,153,2.2702583736639466
485,face,FACE_361_366,361,366,9.363954860283545
486,face,FACE_227_137,227,137,6.8758484229723065
487,face,FACE_52_105,52,105,2.883677128491319
488,face,FACE_118_50,118,50,6.682322705648118
489,face,FACE_217_209,217,209,4.750087191255418
490,face,FACE_424_422,424,422,4.092934966518692
491,face,FACE_249_390,249,390,0.8856197616292736
492,face,FACE_196_6,196,6,4.141778400629704
493,face,FACE_26_232,26,232,1.8050178613501684
494,face,FACE_287_273,287,273,3.4414046542341827
495,face,FACE_210_169,210,169,5.287993820650349
496,face,FACE_350_329,350,329,4.9449648698055615
497,face,FACE_62_191,62,191,1.990703960354222
498,face,FACE_276_300,276,300,1.5000830262701805
499,face,FACE_248_281,248,281,3.132868708034508
500,face,FACE_368_383,368,383,0.8512252518534087
501,face,FACE_427_432,427,432,7.980838298830614
502,face,FACE_453_341,453,341,1.3115936917237943
503,face,FACE_372_353,372,353,4.58788595241731
504,face,FACE_357_453,357,453,0.8620693532425526
505,face,FACE_101_118,101,118,6.725437409882353
506,face,FACE_321_307,321,307,1.6779551416554737
507,face,FACE_407_310,407,310,2.165336939305485
508,face,FACE_266_371,266,371,4.030340893532226
509,face,FACE_420_429,420,429,2.0230859750629193
510,face,FACE_306_407,306,407,1.4117980741442786
511,face,FACE_253_252,253,252,2.7388953051681524
512,face,FACE_224_225,224,225,3.673500335835985
513,face,FACE_112_133,112,133,1.046205335180346
514,face,FACE_356_264,356,264,1.739369017894986
515,face,FACE_370_19,370,19,0.7872512567672215
516,face,FACE_254_253,254,253,2.4729847283880466
517,face,FACE_219_115,219,115,2.8842283521105005
518,face,FACE_225_46,225,46,3.58498452338084
519,face,FACE_124_143,124,143,7.088406922385339
520,face,FACE_289_439,289,439,1.5990426326514484
521,face,FACE_13_312,13,312,2.6319340075631126
522,face,FACE_253_373,253,373,2.863087692405686
523,face,FACE_154_22,154,22,2.7106777576991705
524,face,FACE_319_318,319,318,0.5241313958432439
525,face,FACE_363_281,363,281,2.0420119467322224
526,face,FACE_169_150,169,150,4.808702637359767
527,face,FACE_355_277,355,277,2.7509201504234837
528,face,FACE_354_461,354,461,0.6367111107302361
529,face,FACE_267_164,267,164,5.079913017458396
530,face,FACE_320_319,320,319,0.9046352848432393
531,face,FACE_39_40,39,40,3.8519883058556506
532,face,FACE_277_357,277,357,4.40194097304048
533,face,FACE_63_105,63,105,6.536622027083005
534,face,FACE_189_244,189,244,2.781749952289847
535,face,FACE_34_227,34,227,6.685906604394833
536,face,FACE_120_230,120,230,4.684691645862593
537,face,FACE_293_301,293,301,2.4001031482186295
538,face,FACE_60_99,60,99,0.9256978020883845
539,face,FACE_72_73,72,73,4.17940918376685
540,face,FACE_283_293,283,293,2.0768499374741363
541,face,FACE_307_321,307,321,1.6779551416554737
542,face,FACE_321_405,321,405,2.2365374047933826
543,face,FACE_93_132,93,132,8.017236934235306
544,face,FACE_183_62,183,62,1.705938467067072
545,face,FACE_408_409,408,409,0.9014763175089029
546,face,FACE_151_338,151,338,9.713078315641615
547,face,FACE_186_216,186,216,4.025163544660134
548,face,FACE_151_109,151,109,12.820303786633588
549,face,FACE_245_122,245,122,3.549237256738791
550,face,FACE_189_221,189,221,2.8333014326494546
551,face,FACE_335_424,335,424,3.757207236279238
552,face,FACE_442_258,442,258,1.4044141638154695
553,face,FACE_441_442,441,442,4.44569327853021
554,face,FACE_114_47,114,47,3.146593238035512
555,face,FACE_173_133,173,133,1.0250614311421842
556,face,FACE_452_451,452,451,2.781684149469809
557,face,FACE_106_43,106,43,3.8104930854687438
558,face,FACE_305_289,305,289,0.8992371107553965
559,face,FACE_362_414,362,414,1.6432592296760478
560,face,FACE_443_259,443,259,2.362822697595657
561,face,FACE_294_279,294,279,2.8133148444359515
562,face,FACE_258_442,258,442,1.4044141638154695
563,face,FACE_57_43,57,43,3.954497767026219
564,face,FACE_256_252,256,252,2.3492847304824793
565,face,FACE_259_443,259,443,2.362822697595657
566,face,FACE_46_70,46,70,3.3124403555549873
567,face,FACE_420_360,420,360,2.8667132926409304
568,face,FACE_126_142,126,142,3.789111877170982
569,face,FACE_371_355,371,355,3.062657831372528
570,face,FACE_112_244,112,244,3.1359544152330234
571,face,FACE_431_369,431,369,7.19073352094585
572,face,FACE_47_114,47,114,3.146593238035512
573,face,FACE_100_126,100,126,4.328899003506318
574,face,FACE_12_13,12,13,0.5868959340035711
575,face,FACE_91_77,91,77,2.593006045331155
576,face,FACE_23_22,23,22,3.0746496275260067
577,face,FACE_51_4,51,4,4.979681966310083
578,face,FACE_48_115,48,115,3.1599106128079595
579,face,FACE_254_449,254,449,2.7420878687822547
580,face,FACE_160_27,160,27,3.470311626885875
581,face,FACE_353_342,353,342,1.8195333749248688
582,face,FACE_434_416,434,416,3.5064167946180045
583,face,FACE_266_423,266,423,3.896773642628066
584,face,FACE_4_274,4,274,3.75757585312929
585,face,FACE_316_15,316,15,2.8092891714806196
586,face,FACE_4_45,4,45,2.966932682030447
587,face,FACE_24_23,24,23,3.1063729393664326
588,face,FACE_80_183,80,183,3.032725874592892
589,face,FACE_341_453,341,453,1.3115936917237943
590,face,FACE_109_67,109,67,8.967475355671063
591,face,FACE_174_196,174,196,3.1143347451510293
592,face,FACE_66_105,66,105,7.223486037855764
593,face,FACE_89_88,89,88,0.3420875938280857
594,face,FACE_29_223,29,223,3.5311284035401203
595,face,FACE_164_2,164,2,2.1102643271207397
596,face,FACE_462_370,462,370,0.7290485320819898
597,face,FACE_328_290,328,290,0.765381327154757
598,face,FACE_400_395,400,395,7.414144439901218
599,face,FACE_181_91,181,91,3.8347877123041862
600,face,FACE_252_380,252,380,1.5854336593876988
601,face,FACE_24_144,24,144,1.8777544772654802
602,face,FACE_313_18,313,18,3.4418045584297485
603,face,FACE_354_19,354,19,1.2888966882680912
604,face,FACE_185_61,185,61,1.6072685866653647
605,face,FACE_90_89,90,89,0.7900752173793782
606,face,FACE_116_227,116,227,6.3811857226548945
607,face,FACE_168_417,168,417,2.747301670158233
608,face,FACE_329_371,329,371,3.1311334909392428
609,face,FACE_156_34,156,34,9.441563552745334
610,face,FACE_450_252,450,252,4.158499500316286
611,face,FACE_8_285,8,285,4.788255244150801
612,face,FACE_164_267,164,267,5.079913017458396
613,face,FACE_168_8,168,8,2.737669633098479
614,face,FACE_153_145,153,145,2.440672502762537
615,face,FACE_361_323,361,323,7.115086179542558
616,face,FACE_285_413,285,413,4.089811079078507
617,face,FACE_346_280,346,280,6.588035415925128
618,face,FACE_117_228,117,228,4.196446128980595
619,face,FACE_130_247,130,247,1.6799118940120317
620,face,FACE_140_211,140,211,8.04125319370209
621,face,FACE_426_425,426,425,4.455151285043008
622,face,FACE_53_63,53,63,3.134421311039354
623,face,FACE_245_233,245,233,3.4232235821923207
624,face,FACE_2_97,2,97,4.291651418722361
625,face,FACE_216_206,216,206,5.309114154278073
626,face,FACE_195_3,195,3,2.5902674759552395
627,face,FACE_459_458,459,458,1.731270799677717
628,face,FACE_178_179,178,179,0.5835311954825005
629,face,FACE_276_342,276,342,3.3944754739901906
630,face,FACE_235_75,235,75,2.098163055115808
631,face,FACE_399_412,399,412,2.881337006000789
632,face,FACE_185_74,185,74,3.8214847680590083
633,face,FACE_170_211,170,211,4.769890092795249
634,face,FACE_465_357,465,357,2.6697122004387133
635,face,FACE_222_221,222,221,4.747996895026562
636,face,FACE_75_59,75,59,0.8409726038489753
637,face,FACE_229_117,229,117,7.201343891442401
638,face,FACE_422_432,422,432,4.339960700816323
639,face,FACE_327_423,327,423,2.838730849027013
640,face,FACE_275_4,275,4,2.330852711523685
641,face,FACE_12_268,12,268,2.9275127325886476
642,face,FACE_267_0,267,0,3.491673041811179
643,face,FACE_64_49,64,49,2.8974120038644338
644,face,FACE_244_245,244,245,1.513460649166915
645,face,FACE_115_131,115,131,1.9915723156033416
646,face,FACE_376_401,376,401,2.7068091211670593
647,face,FACE_171_32,171,32,7.800429374196492
648,face,FACE_161_247,161,247,3.235963053477457
649,face,FACE_26_22,26,22,2.6111123310944793
650,face,FACE_454_356,454,356,6.827550772883642
651,face,FACE_166_218,166,218,2.015599623823259
652,face,FACE_420_363,420,363,0.55441460868909
653,face,FACE_233_128,233,128,1.6051058385512842
654,face,FACE_193_55,193,55,4.123450269031369
655,face,FACE_278_279,278,279,1.5937956938623725
656,face,FACE_405_320,405,320,2.5902512120912204
657,face,FACE_334_296,334,296,4.716151441123578
658,face,FACE_279_360,279,360,1.8339655125105663
659,face,FACE_201_32,201,32,8.121785681254451
660,face,FACE_220_45,220,45,3.3621155427702796
661,face,FACE_315_17,315,17,3.649128983946152
662,face,FACE_354_274,354,274,2.2192020041244045
663,face,FACE_167_39,167,39,6.377954528786457
664,face,FACE_51_236,51,236,3.9148888418003494
665,face,FACE_3_196,3,196,2.936930844990433
666,face,FACE_108_69,108,69,7.678707761044935
667,face,FACE_128_47,128,47,4.120878382804562
668,face,FACE_266_426,266,426,6.70025253576562
669,face,FACE_99_20,99,20,2.6758794351225528
670,face,FACE_259_387,259,387,1.8014182824889855
671,face,FACE_137_132,137,132,9.954196530757772
672,face,FACE_273_321,273,321,3.170498921297765
673,face,FACE_394_431,394,431,3.1127956878199856
674,face,FACE_285_295,285,295,6.2346969295048975
675,face,FACE_437_429,437,429,4.656658879261554
676,face,FACE_83_17,83,17,6.4442493166602315
677,face,FACE_315_403,315,403,2.54314261097077
678,face,FACE_449_254,449,254,2.7420878687822547
679,face,FACE_461_457,461,457,2.809806160135363
680,face,FACE_260_467,260,467,1.479313533194514
681,face,FACE_359_446,359,446,1.8335832310945828
682,face,FACE_184_185,184,185,0.9041250162781452
683,face,FACE_411_376,411,376,1.9418604470419691
684,face,FACE_263_249,263,249,0.7595801257418523
685,face,FACE_462_458,462,458,1.41382097956579
686,face,FACE_215_172,215,172,10.359378368695943
687,face,FACE_52_65,52,65,6.389678148799299
688,face,FACE_247_161,247,161,3.235963053477457
689,face,FACE_191_80,191,80,2.7523960161116143
690,face,FACE_424_431,424,431,3.5821655472183433
691,face,FACE_36_206,36,206,7.038514060609273
692,face,FACE_262_369,262,369,3.9082533744308523
693,face,FACE_296_282,296,282,4.697656289847312
694,face,FACE_396_369,396,369,4.5237911736649
695,face,FACE_134_220,134,220,2.954374111581723
696,face,FACE_335_273,335,273,2.744190169941954
697,face,FACE_214_212,214,212,5.457511786222129
698,face,FACE_193_189,193,189,3.389924968375252
699,face,FACE_364_416,364,416,9.05304008835445
700,face,FACE_270_409,270,409,1.4088008736904851
701,face,FACE_444_445,444,445,2.152076319937494
702,face,FACE_229_228,229,228,3.772535703923862
703,face,FACE_330_280,330,280,6.918473682383463
704,face,FACE_456_419,456,419,4.740336195667703
705,face,FACE_260_444,260,444,2.28767888923039
706,face,FACE_188_196,188,196,3.7191285897605355
707,face,FACE_406_418,406,418,4.2400618034598
708,face,FACE_30_247,30,247,2.4715884854477883
709,face,FACE_398_414,398,414,1.2613178382158547
710,face,FACE_17_314,17,314,3.1069105003465927
711,face,FACE_210_214,210,214,7.556444728896006
712,face,FACE_17_85,17,85,4.002914623803208
713,face,FACE_423_358,423,358,3.1463295899482175
714,face,FACE_63_52,63,52,7.773439277208104
715,face,FACE_19_274,19,274,3.247328258255251
716,face,FACE_272_311,272,311,2.494125188261596
717,face,FACE_50_118,50,118,6.682322705648118
718,face,FACE_14_15,14,15,0.8923087628883719
719,face,FACE_180_84,180,84,4.2391218380648334
720,face,FACE_5_195,5,195,3.2537702341995582
721,face,FACE_240_98,240,98,1.4353167329501846
722,face,FACE_439_344,439,344,2.1204872943249495
723,face,FACE_256_451,256,451,3.3420250545026735
724,face,FACE_123_187,123,187,9.496269077587929
725,face,FACE_15_16,15,16,1.2802630069230123
726,face,FACE_96_90,96,90,2.179468815390316
727,face,FACE_141_241,141,241,1.1831439945629088
728,face,FACE_6_196,6,196,4.141778400629704
729,face,FACE_360_279,360,279,1.8339655125105663
730,face,FACE_347_346,347,346,2.7709200530422593
731,face,FACE_198_217,198,217,2.5809217667268642
732,face,FACE_318_319,318,319,0.5241313958432439
733,face,FACE_358_355,358,355,6.035861800186733
734,face,FACE_418_406,418,406,4.2400618034598
735,face,FACE_115_219,115,219,2.8842283521105005
736,face,FACE_190_133,190,133,1.8413606004674121
737,face,FACE_77_76,77,76,2.142799234551737
738,face,FACE_110_24,110,24,2.9271753218275607
739,face,FACE_48_49,48,49,1.6544594839185518
740,face,FACE_80_81,80,81,3.155089688331842
741,face,FACE_333_298,333,298,4.5852958131524755
742,face,FACE_353_276,353,276,2.8982444517072947
743,face,FACE_141_97,141,97,3.995457355256694
744,face,FACE_373_254,373,254,1.6861825694011627
745,face,FACE_69_108,69,108,7.678707761044935
746,face,FACE_418_262,418,262,4.300417182911182
747,face,FACE_463_413,463,413,2.3574817717612273
748,face,FACE_294_455,294,455,0.8663933184496141
749,face,FACE_21_68,21,68,10.942836083209876
750,face,FACE_81_82,81,82,3.449891440386801
751,face,FACE_118_229,118,229,3.4862312823759734
752,face,FACE_284_298,284,298,3.0716103171894935
753,face,FACE_371_266,371,266,4.030340893532226
754,face,FACE_384_385,384,385,2.346487550413584
755,face,FACE_231_26,231,26,3.27153968352685
756,face,FACE_395_394,395,394,3.9480214834719076
757,face,FACE_322_410,322,410,2.712268785232111
758,face,FACE_248_195,248,195,2.1140266063138493
759,face,FACE_361_401,361,401,3.622056952159094
760,face,FACE_214_202,214,202,8.441029375424936
761,face,FACE_119_230,119,230,2.5366881026842782
762,face,FACE_111_226,111,226,5.533902120651951
763,face,FACE_43_91,43,91,5.544437959789823
764,face,FACE_383_276,383,276,2.9318012372492857
765,face,FACE_168_351,168,351,4.870624794043192
766,face,FACE_449_450,449,450,3.30751412447697
767,face,FACE_314_405,314,405,2.733300558434905
768,face,FACE_55_65,55,65,7.550210452982487
769,face,FACE_182_106,182,106,4.2755585036474075
770,face,FACE_394_434,394,434,10.281083984033756
771,face,FACE_393_326,393,326,2.291619862926695
772,face,FACE_210_204,210,204,7.462191367379052
773,face,FACE_211_169,211,169,7.439390176915074
774,face,FACE_450_451,450,451,3.4269157286546115
775,face,FACE_203_165,203,165,6.005820036052757
776,face,FACE_22_153,22,153,1.733019538820345
777,face,FACE_143_34,143,34,5.90059686620586
778,face,FACE_409_270,409,270,1.4088008736904851
779,face,FACE_7_110,7,110,2.0480458232136445
780,face,FACE_448_261,448,261,1.4166395160270127
781,face,FACE_213_215,213,215,5.308358312795272
782,face,FACE_371_423,371,423,6.22750465670079
783,face,FACE_64_235,64,235,1.5105569111813903
784,face,FACE_9_336,9,336,5.908087633128686
785,face,FACE_278_344,278,344,1.4210807026104637
786,face,FACE_89_179,89,179,3.281772956359338
787,face,FACE_236_198,236,198,3.614743535934689
788,face,FACE_336_285,336,285,3.987545969403511
789,face,FACE_181_182,181,182,4.442328038201674
790,face,FACE_194_201,194,201,5.7939396990004886
791,face,FACE_66_52,66,52,6.320135568229636
792,face,FACE_151_10,151,10,7.389217887039087
793,face,FACE_123_177,123,177,10.950848201935287
794,face,FACE_341_256,341,256,1.5871185408262516
795,face,FACE_455_278,455,278,2.04383720658885
796,face,FACE_326_393,326,393,2.291619862926695
797,face,FACE_257_442,257,442,2.938400468898215
798,face,FACE_269_267,269,267,3.134444508140734
799,face,FACE_203_142,203,142,6.41160046162853
800,face,FACE_238_20,238,20,0.617098543601143
801,face,FACE_268_271,268,271,2.213272746993045
802,face,FACE_254_373,254,373,1.6861825694011627
803,face,FACE_414_362,414,362,1.6432592296760478
804,face,FACE_305_455,305,455,1.7665681299426237
805,face,FACE_357_465,357,465,2.6697122004387133
806,face,FACE_189_243,189,243,2.8092856445256675
807,face,FACE_42_81,42,81,3.2225442093109327
808,face,FACE_286_441,286,441,1.7147623093316344
809,face,FACE_179_86,179,86,3.73061002072344
810,face,FACE_217_198,217,198,2.5809217667268642
811,face,FACE_84_83,84,83,4.575666031759999
812,face,FACE_456_363,456,363,2.96410299897002
813,face,FACE_214_192,214,192,6.221924079776298
814,face,FACE_326_370,326,370,1.7047714591296133
815,face,FACE_107_66,107,66,7.128974204581436
816,face,FACE_247_226,247,226,4.326413314529492
817,face,FACE_88_89,88,89,0.3420875938280857
818,face,FACE_27_222,27,222,4.219359555889668
819,face,FACE_120_121,120,121,3.5922841495413533
820,face,FACE_99_98,99,98,5.5615460023105765
821,face,FACE_279_294,279,294,2.8133148444359515
822,face,FACE_151_108,151,108,7.935150721957038
823,face,FACE_75_235,75,235,2.098163055115808
824,face,FACE_150_149,150,149,6.297828035519552
825,face,FACE_388_466,388,466,0.9503132162363115
826,face,FACE_129_126,129,126,6.1144423176819505
827,face,FACE_447_372,447,372,6.770470975861002
828,face,FACE_366_447,366,447,6.268113733642957
829,face,FACE_70_156,70,156,4.899927729692244
830,face,FACE_56_221,56,221,2.9893182731202916
831,face,FACE_171_208,171,208,4.1869337970869065
832,face,FACE_190_221,190,221,2.5194301248708335
833,face,FACE_28_159,28,159,3.5701609845516216
834,face,FACE_435_397,435,397,9.901445929359198
835,face,FACE_54_68,54,68,6.19779585349883
836,face,FACE_368_264,368,264,5.794487930551271
837,face,FACE_214_169,214,169,11.045619940670315
838,face,FACE_294_278,294,278,1.3127179672888847
839,face,FACE_221_65,221,65,5.305911792279661
840,face,FACE_206_165,206,165,7.164414398072678
841,face,FACE_29_160,29,160,1.9080585563702297
842,face,FACE_281_195,281,195,4.731928791460111
843,face,FACE_33_130,33,130,1.46630243376761
844,face,FACE_447_264,447,264,6.150509234604869
845,face,FACE_298_284,298,284,3.0716103171894935
846,face,FACE_278_455,278,455,2.04383720658885
847,face,FACE_201_208,201,208,4.894328805062979
848,face,FACE_427_434,427,434,8.632622023795774
849,face,FACE_360_344,360,344,2.001348778147143
850,face,FACE_321_273,321,273,3.170498921297765
851,face,FACE_379_394,379,394,4.631765161967534
852,face,FACE_265_372,265,372,1.6654372231483
853,face,FACE_274_457,274,457,1.3356461473653687
854,face,FACE_101_120,101,120,6.268190796145546
855,face,FACE_182_194,182,194,4.897521096306995
856,face,FACE_227_116,227,116,6.3811857226548945
857,face,FACE_253_254,253,254,2.4729847283880466
858,face,FACE_352_376,352,376,6.026466956488193
859,face,FACE_4_44,4,44,4.1275545367257935
860,face,FACE_351_417,351,417,3.043391982783785
861,face,FACE_350_452,350,452,1.5054604141886847
862,face,FACE_283_282,283,282,3.3703082729532796
863,face,FACE_194_204,194,204,5.126809513339029
864,face,FACE_55_9,55,9,6.608801686992089
865,face,FACE_106_91,106,91,4.061512673809179
866,face,FACE_410_322,410,322,2.712268785232111
867,face,FACE_48_235,48,235,1.9018797539542842
868,face,FACE_316_315,316,315,1.2570709723203595
869,face,FACE_367_397,367,397,4.834055510743901
870,face,FACE_427_411,427,411,2.940106642869039
871,face,FACE_319_320,319,320,0.9046352848432393
872,face,FACE_193_244,193,244,4.254060939387826
873,face,FACE_398_384,398,384,1.6949442352506934
874,face,FACE_331_294,331,294,1.5104817824364862
875,face,FACE_313_17,313,17,4.9415946024871795
876,face,FACE_297_338,297,338,6.536191204908504
877,face,FACE_164_37,164,37,5.606731105981173
878,face,FACE_403_319,403,319,1.6374346596196838
879,face,FACE_349_348,349,348,3.9247760536408824
880,face,FACE_47_126,47,126,2.9046205138159285
881,face,FACE_8_55,8,55,5.712274514468262
882,face,FACE_147_213,147,213,5.711501894084451
883,face,FACE_320_321,320,321,1.1538431338347896
884,face,FACE_227_93,227,93,9.352433562167219
885,face,FACE_134_131,134,131,3.874911202806735
886,face,FACE_44_237,44,237,2.6817939207600223
887,face,FACE_393_391,393,391,4.544881467933394
888,face,FACE_439_278,439,278,1.1705771228721205
889,face,FACE_451_252,451,252,1.6657158603989757
890,face,FACE_120_232,120,232,3.9005338736819177
891,face,FACE_287_409,287,409,3.071356674665406
892,face,FACE_221_55,221,55,4.211291309498056
893,face,FACE_385_386,385,386,2.2858214900529163
894,face,FACE_347_280,347,280,6.40981880107362
895,face,FACE_57_212,57,212,3.66582315894597
896,face,FACE_58_177,58,177,10.459327844333744
897,face,FACE_257_386,257,386,1.7555860104268735
898,face,FACE_216_205,216,205,7.3966540364943265
899,face,FACE_208_201,208,201,4.894328805062979
900,face,FACE_386_387,386,387,2.2949660721275777
901,face,FACE_459_457,459,457,0.867177649674831
902,face,FACE_137_177,137,177,7.230253349875689
903,face,FACE_391_322,391,322,2.721295213834673
904,face,FACE_49_64,49,64,2.8974120038644338
905,face,FACE_55_107,55,107,4.083222208687887
906,face,FACE_308_324,308,324,1.1436982127742084
907,face,FACE_372_345,372,345,5.123330817065853
908,face,FACE_11_37,11,37,4.396184999967856
909,face,FACE_431_394,431,394,3.1127956878199856
910,face,FACE_171_175,171,175,6.91783334991988
911,face,FACE_330_348,330,348,3.1965272060987897
912,face,FACE_156_46,156,46,6.565314397294549
913,face,FACE_11_302,11,302,3.2459012595430705
914,face,FACE_280_347,280,347,6.40981880107362
915,face,FACE_452_453,452,453,1.9564291396554307
916,face,FACE_352_366,352,366,2.167399545990127
917,face,FACE_12_38,12,38,3.8316866389630593
918,face,FACE_64_48,64,48,1.5427364741777878
919,face,FACE_22_231,22,231,1.8473163682063694
920,face,FACE_414_463,414,463,1.7764238932118976
921,face,FACE_448_339,448,339,2.8558615086337293
922,face,FACE_422_287,422,287,4.710852563042265
923,face,FACE_59_235,59,235,1.4152753417920954
924,face,FACE_13_268,13,268,3.4457858610996217
925,face,FACE_298_251,298,251,3.1919574050294917
926,face,FACE_237_241,237,241,2.661233012526017
927,face,FACE_68_54,68,54,6.19779585349883
928,face,FACE_120_101,120,101,6.268190796145546
929,face,FACE_92_39,92,39,6.48330556690295
930,face,FACE_43_146,43,146,3.4342151701286077
931,face,FACE_377_400,377,400,4.162279415742092
932,face,FACE_238_242,238,242,1.0806527622495392
933,face,FACE_91_43,91,43,5.544437959789823
934,face,FACE_369_396,369,396,4.5237911736649
935,face,FACE_301_298,301,298,4.8349914473901885
936,face,FACE_286_398,286,398,2.879415914151437
937,face,FACE_346_449,346,449,5.408962058720648
938,face,FACE_220_44,220,44,4.335233424920185
939,face,FACE_299_337,299,337,5.803324500068415
940,face,FACE_358_423,358,423,3.1463295899482175
941,face,FACE_131_115,131,115,1.9915723156033416
942,face,FACE_3_195,3,195,2.5902674759552395
943,face,FACE_23_24,23,24,3.1063729393664326
944,face,FACE_416_364,416,364,9.05304008835445
945,face,FACE_123_111,123,111,9.715552096197847
946,face,FACE_160_29,160,29,1.9080585563702297
947,face,FACE_326_327,326,327,3.374173032226197
948,face,FACE_266_425,266,425,5.528591602588912
949,face,FACE_345_340,345,340,3.161708510519962
950,face,FACE_53_52,53,52,5.405315496973693
951,face,FACE_98_203,98,203,5.2230206265305394
952,face,FACE_411_434,411,434,10.642741205264379
953,face,FACE_358_279,358,279,1.611603871633414
954,face,FACE_3_51,3,51,3.081058381591085
955,face,FACE_261_346,261,346,3.9809458464524328
956,face,FACE_367_364,367,364,4.101863251134151
957,face,FACE_66_107,66,107,7.128974204581436
958,face,FACE_86_85,86,85,1.2505734871376457
959,face,FACE_445_283,445,283,3.1137089192536433
960,face,FACE_24_110,24,110,2.9271753218275607
961,face,FACE_23_145,23,145,1.7232474596502534
962,face,FACE_89_90,89,90,0.7900752173793782
963,face,FACE_449_253,449,253,4.555193705582725
964,face,FACE_340_346,340,346,1.853677902212704
965,face,FACE_235_64,235,64,1.5105569111813903
966,face,FACE_67_108,67,108,12.80053173156796
967,face,FACE_228_25,228,25,3.049996615403017
968,face,FACE_119_118,119,118,6.363868376780535
969,face,FACE_250_309,250,309,3.084874287202131
970,face,FACE_90_91,90,91,1.2236133867003072
971,face,FACE_269_322,269,322,4.0054569226686665
972,face,FACE_264_356,264,356,1.739369017894986
973,face,FACE_84_17,84,17,3.762568379487219
974,face,FACE_316_403,316,403,2.2934763311598063
975,face,FACE_407_292,407,292,0.6914268959840092
976,face,FACE_426_391,426,391,4.300234679837285
977,face,FACE_399_437,399,437,2.4087602280150966
978,face,FACE_212_202,212,202,4.8359988374199085
979,face,FACE_175_171,175,171,6.91783334991988
980,face,FACE_117_50,117,50,7.626009252501527
981,face,FACE_374_380,374,380,2.320296265965817
982,face,FACE_165_206,165,206,7.164414398072678
983,face,FACE_205_50,205,50,6.448386090948813
984,face,FACE_185_184,185,184,0.9041250162781452
985,face,FACE_30_161,30,161,1.8760130555000745
986,face,FACE_445_260,445,260,2.133143452204726
987,face,FACE_184_76,184,76,1.6044351496608265
988,face,FACE_195_5,195,5,3.2537702341995582
989,face,FACE_186_185,186,185,3.238067689545805
990,face,FACE_446_261,446,261,2.24094818037074
991,face,FACE_357_412,357,412,0.8049204571638331
992,face,FACE_392_290,392,290,2.7552958238198846
993,face,FACE_225_113,225,113,3.1994853397656655
994,face,FACE_17_84,17,84,3.762568379487219
995,face,FACE_189_190,189,190,2.3537122573388385
996,face,FACE_384_286,384,286,1.6067451908660035
997,face,FACE_329_350,329,350,4.9449648698055615
998,face,FACE_429_437,429,437,4.656658879261554
999,face,FACE_241_237,241,237,2.661233012526017
1000,face,FACE_19_44,19,44,2.676203934249565
1001,face,FACE_165_98,165,98,4.534316287408571
1002,face,FACE_219_218,219,218,3.143202681349921
1003,face,FACE_4_1,4,1,3.153848901313437
1004,face,FACE_50_117,50,117,7.626009252501527
1005,face,FACE_222_223,222,223,4.2380351735682105
1006,face,FACE_422_434,422,434,5.428609071676285
1007,face,FACE_175_148,175,148,8.385816492219975
1008,face,FACE_198_131,198,131,2.3657544758044198
1009,face,FACE_204_211,204,211,4.430305050617361
1010,face,FACE_68_21,68,21,10.942836083209876
1011,face,FACE_381_252,381,252,2.6747891428555066
1012,face,FACE_462_326,462,326,1.3629659564329464
1013,face,FACE_60_166,60,166,2.840361666229618
1014,face,FACE_174_188,174,188,2.935892721669635
1015,face,FACE_414_286,414,286,2.850816480395744
1016,face,FACE_339_255,339,255,1.1809811511262056
1017,face,FACE_115_218,115,218,1.7593388888865567
1018,face,FACE_411_280,411,280,7.092384152649572
1019,face,FACE_181_83,181,83,5.825735960631345
1020,face,FACE_401_352,401,352,8.679133271390443
1021,face,FACE_333_297,333,297,9.004546967622563
1022,face,FACE_46_124,46,124,3.937722347014257
1023,face,FACE_373_253,373,253,2.863087692405686
1024,face,FACE_71_68,71,68,7.136621090114717
1025,face,FACE_424_335,424,335,3.757207236279238
1026,face,FACE_76_146,76,146,1.7216142964040975
1027,face,FACE_49_129,49,129,2.5938149687811243
1028,face,FACE_69_107,69,107,12.472523622839573
1029,face,FACE_335_406,335,406,2.9654222828032863
1030,face,FACE_148_171,148,171,3.256555548861051
1031,face,FACE_460_294,460,294,2.144308722762998
1032,face,FACE_192_214,192,214,6.221924079776298
1033,face,FACE_446_359,446,359,1.8335832310945828
1034,face,FACE_391_423,391,423,4.866770488561123
1035,face,FACE_105_66,105,66,7.223486037855764
1036,face,FACE_410_436,410,436,2.9128444380408456
1037,face,FACE_110_144,110,144,3.726165216119947
1038,face,FACE_249_339,249,339,1.90791184579159
1039,face,FACE_163_7,163,7,1.5177234338908046
1040,face,FACE_273_287,273,287,3.4414046542341827
1041,face,FACE_45_51,45,51,3.6084771866865673
1042,face,FACE_225_247,225,247,2.2606742019646475
1043,face,FACE_373_374,373,374,2.275040538917129
1044,face,FACE_38_12,38,12,3.8316866389630593
1045,face,FACE_263_359,263,359,0.7992670560317611
1046,face,FACE_173_56,173,56,2.9144890620980957
1047,face,FACE_159_158,159,158,2.359604691225895
1048,face,FACE_461_459,461,459,1.9514649664586419
1049,face,FACE_111_117,111,117,3.6350168794624427
1050,face,FACE_211_204,211,204,4.430305050617361
1051,face,FACE_225_224,225,224,3.673500335835985
1052,face,FACE_151_9,151,9,8.402194262957343
1053,face,FACE_370_462,370,462,0.7290485320819898
1054,face,FACE_55_221,55,221,4.211291309498056
1055,face,FACE_156_124,156,124,3.617124741715513
1056,face,FACE_196_197,196,197,2.8449953829326167
1057,face,FACE_47_217,47,217,3.4254527775830614
1058,face,FACE_285_9,285,9,5.990005845754442
1059,face,FACE_208_171,208,171,4.1869337970869065
1060,face,FACE_280_425,280,425,4.384794031905323
1061,face,FACE_164_393,164,393,3.66168318005734
1062,face,FACE_258_257,258,257,2.837849842698143
1063,face,FACE_229_230,229,230,4.4104945804473195
1064,face,FACE_389_368,389,368,0.9549787578959124
1065,face,FACE_139_156,139,156,5.338383844839809
1066,face,FACE_353_265,353,265,3.4937570809627263
1067,face,FACE_412_351,412,351,2.241709946695278
1068,face,FACE_218_220,218,220,3.025381150837647
1069,face,FACE_304_409,304,409,2.033043600359416
1070,face,FACE_311_268,311,268,1.2857931778262455
1071,face,FACE_370_354,370,354,1.276134611014011
1072,face,FACE_288_401,288,401,10.186238855244973
1073,face,FACE_179_85,179,85,3.928867814035072
1074,face,FACE_159_27,159,27,1.8904995898242876
1075,face,FACE_190_243,190,243,1.8239350195706128
1076,face,FACE_196_174,196,174,3.1143347451510293
1077,face,FACE_295_296,295,296,2.6058773747714588
1078,face,FACE_142_203,142,203,6.41160046162853
1079,face,FACE_173_190,173,190,1.7911083950971647
1080,face,FACE_193_168,193,168,4.054745466699786
1081,face,FACE_325_324,325,324,0.6689651357701356
1082,face,FACE_425_411,425,411,5.6020524081443
1083,face,FACE_391_269,391,269,3.7416036632072514
1084,face,FACE_99_97,99,97,0.8486712515656216
1085,face,FACE_347_348,347,348,4.769329308861905
1086,face,FACE_366_361,366,361,9.363954860283545
1087,face,FACE_2_164,2,164,2.1102643271207397
1088,face,FACE_131_49,131,49,3.1649995998508507
1089,face,FACE_26_112,26,112,1.7999251226738473
1090,face,FACE_380_381,380,381,2.200033807037524
1091,face,FACE_211_194,211,194,7.192462461597001
1092,face,FACE_104_68,104,68,7.498039583027112
1093,face,FACE_124_46,124,46,3.937722347014257
1094,face,FACE_234_34,234,34,9.13036422620136
1095,face,FACE_413_414,413,414,1.2924487288026087
1096,face,FACE_432_427,432,427,7.980838298830614
1097,face,FACE_452_256,452,256,1.416440148669482
1098,face,FACE_177_137,177,137,7.230253349875689
1099,face,FACE_43_57,43,57,3.954497767026219
1100,face,FACE_276_445,276,445,2.323968304287719
1101,face,FACE_248_197,248,197,4.559265533537243
1102,face,FACE_209_126,209,126,2.186030915364772
1103,face,FACE_142_36,142,36,4.465128193044124
1104,face,FACE_226_35,226,35,3.986610823910185
1105,face,FACE_2_141,2,141,1.1166310476055907
1106,face,FACE_237_44,237,44,2.6817939207600223
1107,face,FACE_435_288,435,288,4.627543805318247
1108,face,FACE_129_102,129,102,0.9943062750194444
1109,face,FACE_273_375,273,375,2.6001344487793387
1110,face,FACE_166_20,166,20,5.578453774836809
1111,face,FACE_425_280,425,280,4.384794031905323
1112,face,FACE_77_91,77,91,2.593006045331155
1113,face,FACE_461_462,461,462,1.1821285699772388
1114,face,FACE_306_408,306,408,0.5598018923808545
1115,face,FACE_247_130,247,130,1.6799118940120317
1116,face,FACE_206_92,206,92,4.8893457932634625
1117,face,FACE_193_122,193,122,3.670435281516855
1118,face,FACE_200_18,200,18,4.331022378425922
1119,face,FACE_157_56,157,56,1.9282563729521296
1120,face,FACE_352_411,352,411,7.062408906718876
1121,face,FACE_46_225,46,225,3.58498452338084
1122,face,FACE_345_372,345,372,5.123330817065853
1123,face,FACE_264_447,264,447,6.150509234604869
1124,face,FACE_436_410,436,410,2.9128444380408456
1125,face,FACE_17_18,17,18,4.34686938431485
1126,face,FACE_28_27,28,27,3.066412498876848
1127,face,FACE_235_240,235,240,1.0911128109375838
1128,face,FACE_128_114,128,114,1.763561099496161
1129,face,FACE_134_45,134,45,4.485958818779455
1130,face,FACE_198_209,198,209,3.106915476469859
1131,face,FACE_64_129,64,129,2.140429933079638
1132,face,FACE_459_250,459,250,2.534514398411042
1133,face,FACE_192_135,192,135,9.932980015602343
1134,face,FACE_112_26,112,26,1.7999251226738473
1135,face,FACE_404_314,404,314,3.2928259497060015
1136,face,FACE_297_337,297,337,7.989350434215517
1137,face,FACE_428_262,428,262,4.311975740949168
1138,face,FACE_81_38,81,38,3.69230779757583
1139,face,FACE_51_195,51,195,3.857179701278842
1140,face,FACE_311_271,311,271,0.9361786166690333
1141,face,FACE_442_282,442,282,5.784017954982212
1142,face,FACE_179_88,179,88,3.0639545108891206
1143,face,FACE_252_450,252,450,4.158499500316286
1144,face,FACE_191_62,191,62,1.990703960354222
1145,face,FACE_84_85,84,85,1.8189290992541343
1146,face,FACE_203_36,203,36,4.419081247015825
1147,face,FACE_443_283,443,283,4.933102357054798
1148,face,FACE_121_232,121,232,1.816730505541522
1149,face,FACE_321_406,321,406,5.051600542708674
1150,face,FACE_226_25,226,25,4.034560735201635
1151,face,FACE_323_366,323,366,3.3697592700478025
1152,face,FACE_117_118,117,118,5.045111891209595
1153,face,FACE_122_196,122,196,3.183245423817896
1154,face,FACE_191_183,191,183,0.4017027500215782
1155,face,FACE_397_288,397,288,5.58778318862321
1156,face,FACE_383_353,383,353,1.1758521333982392
1157,face,FACE_161_160,161,160,1.9390256760399027
1158,face,FACE_25_7,25,7,2.125972972154571
1159,face,FACE_11_72,11,72,4.076571692019092
1160,face,FACE_239_79,239,79,1.6439726192156674
1161,face,FACE_305_290,305,290,1.3842147452603355
1162,face,FACE_464_463,464,463,1.0454045073379399
1163,face,FACE_22_230,22,230,4.265906088159193
1164,face,FACE_183_184,183,184,0.644248244744188
1165,face,FACE_143_111,143,111,5.431468276396399
1166,face,FACE_442_295,442,295,2.555312868276481
1167,face,FACE_241_125,241,125,1.141070930979952
1168,face,FACE_12_302,12,302,3.792025821127685
1169,face,FACE_426_436,426,436,4.337217098407644
1170,face,FACE_13_38,13,38,3.3453702379598362
1171,face,FACE_428_396,428,396,3.9015452195924576
1172,face,FACE_127_139,127,139,9.780752840545313
1173,face,FACE_120_100,120,100,2.400035694361798
1174,face,FACE_259_444,259,444,2.076341550729764
1175,face,FACE_378_395,378,395,4.208796788262587
1176,face,FACE_183_76,183,76,2.1939252688282056
1177,face,FACE_260_259,260,259,1.7485777668388973
1178,face,FACE_427_436,427,436,3.730747299696836
1179,face,FACE_346_448,346,448,3.7829457815641394
1180,face,FACE_306_375,306,375,1.1329146577409726
1181,face,FACE_255_446,255,446,2.309156061050773
1182,face,FACE_36_142,36,142,4.465128193044124
1183,face,FACE_369_431,369,431,7.19073352094585
1184,face,FACE_51_5,51,5,2.7602440081307393
1185,face,FACE_435_376,435,376,8.654978562987367
1186,face,FACE_282_283,282,283,3.3703082729532796
1187,face,FACE_462_250,462,250,0.6097249422658733
1188,face,FACE_347_449,347,449,3.6534031557238626
1189,face,FACE_205_216,205,216,7.3966540364943265
1190,face,FACE_64_240,64,240,2.4284089120517254
1191,face,FACE_267_11,267,11,4.07996753960154
1192,face,FACE_351_419,351,419,3.0407568548008435
1193,face,FACE_431_262,431,262,3.9501257152804836
1194,face,FACE_411_433,411,433,4.633653121677988
1195,face,FACE_143_124,143,124,7.088406922385339
1196,face,FACE_190_56,190,56,3.138338028326448
1197,face,FACE_315_316,315,316,1.2570709723203595
1198,face,FACE_346_340,346,340,1.853677902212704
1199,face,FACE_116_143,116,143,5.369194890640517
1200,face,FACE_316_317,316,317,0.8002867607211402
1201,face,FACE_327_326,327,326,3.374173032226197
1202,face,FACE_206_36,206,36,7.038514060609273
1203,face,FACE_192_138,192,138,6.670951000843861
1204,face,FACE_464_417,464,417,3.180083635200226
1205,face,FACE_149_176,149,176,6.264795810867335
1206,face,FACE_356_389,356,389,7.305044069832859
1207,face,FACE_349_350,349,350,3.0553045554101375
1208,face,FACE_102_64,102,64,1.7248230160172542
1209,face,FACE_47_128,47,128,4.120878382804562
1210,face,FACE_81_41,81,41,0.08186451549423246
1211,face,FACE_147_215,147,215,10.022403862615194
1212,face,FACE_450_253,450,253,2.218185927959489
1213,face,FACE_25_226,25,226,4.034560735201635
1214,face,FACE_467_342,467,342,1.43512414585207
1215,face,FACE_332_297,332,297,6.191139206626189
1216,face,FACE_464_453,464,453,2.0854828088016384
1217,face,FACE_270_322,270,322,3.4173331653961716
1218,face,FACE_117_229,117,229,7.201343891442401
1219,face,FACE_282_296,282,296,4.697656289847312
1220,face,FACE_129_203,129,203,3.853256428969445
1221,face,FACE_155_112,155,112,1.2757066565115551
1222,face,FACE_434_430,434,430,6.345370025974187
1223,face,FACE_345_352,345,352,5.820092242813701
1224,face,FACE_465_417,465,417,3.3978298118256136
1225,face,FACE_248_419,248,419,2.7745565175252396
1226,face,FACE_61_184,61,184,2.2443431090187147
1227,face,FACE_216_207,216,207,5.348593057806361
1228,face,FACE_307_325,307,325,0.7622896925460566
1229,face,FACE_202_43,202,43,4.193186550725018
1230,face,FACE_313_405,313,405,5.770142992189479
1231,face,FACE_79_238,79,238,3.435030808904081
1232,face,FACE_39_165,39,165,4.379998955267858
1233,face,FACE_177_215,177,215,6.784440661574975
1234,face,FACE_392_289,392,289,0.5367213354569346
1235,face,FACE_329_349,329,349,2.2979085586160704
1236,face,FACE_201_200,201,200,5.245484477716935
1237,face,FACE_87_178,87,178,3.4389204677471072
1238,face,FACE_448_449,448,449,2.3270150577463853
1239,face,FACE_172_136,172,136,7.308119336481922
1240,face,FACE_266_329,266,329,6.423405572904841
1241,face,FACE_274_4,274,4,3.75757585312929
1242,face,FACE_165_97,165,97,8.390423828639715
1243,face,FACE_226_113,226,113,2.8233124389494435
1244,face,FACE_56_190,56,190,3.138338028326448
1245,face,FACE_323_454,323,454,6.667345893953742
1246,face,FACE_264_368,264,368,5.794487930551271
1247,face,FACE_229_118,229,118,3.4862312823759734
1248,face,FACE_75_60,75,60,2.1353952715471944
1249,face,FACE_88_179,88,179,3.0639545108891206
1250,face,FACE_415_308,415,308,1.1335156065651075
1251,face,FACE_293_282,293,282,4.296044229616733
1252,face,FACE_212_214,212,214,5.457511786222129
1253,face,FACE_204_210,204,210,7.462191367379052
1254,face,FACE_230_119,230,119,2.5366881026842782
1255,face,FACE_176_148,176,148,6.142277597678805
1256,face,FACE_188_122,188,122,3.060212266423142
1257,face,FACE_339_254,339,254,1.8761872816555174
1258,face,FACE_42_184,42,184,3.5643490140713543
1259,face,FACE_342_445,342,445,2.0602324376567487
1260,face,FACE_199_396,199,396,6.379293801157285
1261,face,FACE_166_219,166,219,1.3421191521008875
1262,face,FACE_419_399,419,399,2.1340572635121404
1263,face,FACE_30_29,30,29,2.520479146667369
1264,face,FACE_15_315,15,315,3.1715397648413797
1265,face,FACE_236_134,236,134,2.7038012406027736
1266,face,FACE_301_300,301,300,1.8394123917030494
1267,face,FACE_333_332,333,332,4.425851843715625
1268,face,FACE_352_345,352,345,5.820092242813701
1269,face,FACE_52_53,52,53,5.405315496973693
1270,face,FACE_166_75,166,75,1.1133661194025892
1271,face,FACE_192_213,192,213,5.208892058039142
1272,face,FACE_3_197,3,197,3.7732856812609925
1273,face,FACE_77_146,77,146,1.013963741188891
1274,face,FACE_363_360,363,360,2.3176517440711653
1275,face,FACE_334_333,334,333,5.271635716990994
1276,face,FACE_6_351,6,351,2.426620048884391
1277,face,FACE_6_122,6,122,3.064968634388759
1278,face,FACE_406_321,406,321,5.051600542708674
1279,face,FACE_284_332,284,332,5.520117220828401
1280,face,FACE_350_277,350,277,2.027359938751629
1281,face,FACE_8_168,8,168,2.737669633098479
1282,face,FACE_129_49,129,49,2.5938149687811243
1283,face,FACE_0_164,0,164,4.176218362439821
1284,face,FACE_300_276,300,276,1.5000830262701805
1285,face,FACE_86_87,86,87,0.71658560258609
1286,face,FACE_226_247,226,247,4.326413314529492
1287,face,FACE_119_120,119,120,4.581071225870815
1288,face,FACE_37_167,37,167,3.528393003270888
1289,face,FACE_111_116,111,116,5.338524083862339
1290,face,FACE_451_450,451,450,3.4269157286546115
1291,face,FACE_335_418,335,418,5.710491551434815
1292,face,FACE_40_92,40,92,3.824980520038591
1293,face,FACE_52_66,52,66,6.320135568229636
1294,face,FACE_285_417,285,417,4.1447103943607235
1295,face,FACE_224_29,224,29,1.7955711173135582
1296,face,FACE_330_425,330,425,7.755475113355848
1297,face,FACE_285_8,285,8,4.788255244150801
1298,face,FACE_236_3,236,3,3.19630991877229
1299,face,FACE_307_292,307,292,0.5341278695857777
1300,face,FACE_187_147,187,147,6.124948104886414
1301,face,FACE_139_70,139,70,8.74808721811429
1302,face,FACE_185_186,185,186,3.238067689545805
1303,face,FACE_270_410,270,410,3.6664519442020067
1304,face,FACE_456_420,456,420,2.410024392962649
1305,face,FACE_407_415,407,415,0.9492231020171199
1306,face,FACE_294_358,294,358,1.3009811152190796
1307,face,FACE_78_96,78,96,2.132829129753889
1308,face,FACE_259_257,259,257,2.482604588391378
1309,face,FACE_218_219,218,219,3.143202681349921
1310,face,FACE_417_465,417,465,3.3978298118256136
1311,face,FACE_304_408,304,408,1.3401548343849872
1312,face,FACE_56_157,56,157,1.9282563729521296
1313,face,FACE_63_53,63,53,3.134421311039354
1314,face,FACE_349_330,349,330,6.483940439292498
1315,face,FACE_241_239,241,239,2.7584321107487533
1316,face,FACE_261_446,261,446,2.24094818037074
1317,face,FACE_281_275,281,275,3.73337836162041
1318,face,FACE_396_262,396,262,6.96825184043059
1319,face,FACE_441_413,441,413,2.8262523157126385
1320,face,FACE_327_391,327,391,4.354262436672619
1321,face,FACE_100_120,100,120,2.400035694361798
1322,face,FACE_346_261,346,261,3.9809458464524328
1323,face,FACE_348_450,348,450,2.5294563995878714
1324,face,FACE_340_446,340,446,4.948219331842694
1325,face,FACE_180_85,180,85,3.870928676917765
1326,face,FACE_252_253,252,253,2.7388953051681524
1327,face,FACE_137_123,137,123,6.8093004206875225
1328,face,FACE_349_451,349,451,1.933128843804599
1329,face,FACE_462_328,462,328,1.2166542165538827
1330,face,FACE_455_289,455,289,0.9581520657490508
1331,face,FACE_6_197,6,197,3.189867758123743
1332,face,FACE_377_369,377,369,7.186329772066505
1333,face,FACE_115_220,115,220,3.3629139027719006
1334,face,FACE_35_111,35,111,3.7181728608627997
1335,face,FACE_383_300,383,300,3.6858155112477906
1336,face,FACE_110_25,110,25,1.9387528416121826
1337,face,FACE_437_420,437,420,2.6544124778124236
1338,face,FACE_333_299,333,299,5.412112167541578
1339,face,FACE_252_374,252,374,3.0243118896884167
1340,face,FACE_31_226,31,226,2.544928331980533
1341,face,FACE_71_70,71,70,5.37434614477441
1342,face,FACE_104_67,104,67,9.220374271177917
1343,face,FACE_49_131,49,131,3.1649995998508507
1344,face,FACE_463_414,463,414,1.7764238932118976
1345,face,FACE_118_230,118,230,6.956579030949699
1346,face,FACE_104_103,104,103,6.629965137880192
1347,face,FACE_155_154,155,154,1.4015262816999245
1348,face,FACE_220_134,220,134,2.954374111581723
1349,face,FACE_262_396,262,396,6.96825184043059
1350,face,FACE_70_46,70,46,3.3124403555549873
1351,face,FACE_436_432,436,432,5.474868079582189
1352,face,FACE_167_164,167,164,4.532378332724839
1353,face,FACE_170_169,170,169,6.216497672729108
1354,face,FACE_211_170,211,170,4.769890092795249
1355,face,FACE_77_90,77,90,2.657688456335081
1356,face,FACE_22_154,22,154,2.7106777576991705
1357,face,FACE_237_79,237,79,2.2511579020326224
1358,face,FACE_197_6,197,6,3.189867758123743
1359,face,FACE_143_35,143,35,3.9696687858130777
1360,face,FACE_146_77,146,77,1.013963741188891
1361,face,FACE_434_364,434,364,6.073177901236184
1362,face,FACE_72_11,72,11,4.076571692019092
1363,face,FACE_9_337,9,337,10.243439011121177
1364,face,FACE_465_351,465,351,0.37649996801679597
1365,face,FACE_89_180,89,180,3.279989830969804
1366,face,FACE_255_249,255,249,1.4042290957752062
1367,face,FACE_295_285,295,285,6.2346969295048975
1368,face,FACE_90_181,90,181,3.8040779601847556
1369,face,FACE_91_146,91,146,2.971654353812464
1370,face,FACE_143_156,143,156,5.3347518658286655
1371,face,FACE_18_421,18,421,6.063185297780154
1372,face,FACE_232_121,232,121,1.816730505541522
1373,face,FACE_425_436,425,436,7.0458859783982914
1374,face,FACE_257_443,257,443,1.8221522552018603
1375,face,FACE_29_27,29,27,3.1717123972075294
1376,face,FACE_327_358,327,358,3.1230137018408644
1377,face,FACE_433_376,433,376,5.320445970691828
1378,face,FACE_299_296,299,296,6.934338299380006
1379,face,FACE_259_260,259,260,1.7485777668388973
1380,face,FACE_405_314,405,314,2.733300558434905
1381,face,FACE_158_28,158,28,2.0407693586860054
1382,face,FACE_217_114,217,114,2.8062691134567097
1383,face,FACE_197_248,197,248,4.559265533537243
1384,face,FACE_124_35,124,35,4.046885784643616
1385,face,FACE_375_291,375,291,1.4200198346019546
1386,face,FACE_321_320,321,320,1.1538431338347896
1387,face,FACE_324_325,324,325,0.6689651357701356
1388,face,FACE_336_299,336,299,9.310696043375273
1389,face,FACE_62_96,62,96,2.2144945868124584
1390,face,FACE_22_23,22,23,3.0746496275260067
1391,face,FACE_281_363,281,363,2.0420119467322224
1392,face,FACE_443_282,443,282,2.830691680415208
1393,face,FACE_20_99,20,99,2.6758794351225528
1394,face,FACE_124_156,124,156,3.617124741715513
1395,face,FACE_464_341,464,341,1.9042370397715833
1396,face,FACE_27_223,27,223,1.5030264566487743
1397,face,FACE_125_237,125,237,3.644254865672469
1398,face,FACE_148_140,148,140,7.324702349186983
1399,face,FACE_279_331,279,331,1.305426695025588
1400,face,FACE_32_194,32,194,4.654965839079982
1401,face,FACE_44_19,44,19,2.676203934249565
1402,face,FACE_244_193,244,193,4.254060939387826
1403,face,FACE_439_289,439,289,1.5990426326514484
1404,face,FACE_453_452,453,452,1.9564291396554307
1405,face,FACE_12_72,12,72,3.8669036417627036
1406,face,FACE_343_437,343,437,2.6636471298203532
1407,face,FACE_94_370,94,370,1.0519870198306498
1408,face,FACE_94_141,94,141,1.2447821496272526
1409,face,FACE_429_360,429,360,0.8677637191421601
1410,face,FACE_444_259,444,259,2.076341550729764
1411,face,FACE_322_270,322,270,3.4173331653961716
1412,face,FACE_121_100,121,100,4.68109696749185
1413,face,FACE_199_428,199,428,5.3672217578655115
1414,face,FACE_379_395,379,395,1.5785592096852068
1415,face,FACE_32_171,32,171,7.800429374196492
1416,face,FACE_322_391,322,391,2.721295213834673
1417,face,FACE_389_301,389,301,3.9124376344295992
1418,face,FACE_279_429,279,429,2.6932092993864813
1419,face,FACE_394_379,394,379,4.631765161967534
1420,face,FACE_453_465,453,465,1.906542490361357
1421,face,FACE_380_252,380,252,1.5854336593876988
1422,face,FACE_416_434,416,434,3.5064167946180045
1423,face,FACE_362_463,362,463,0.7152186466623606
1424,face,FACE_309_457,309,457,0.5883860317634988
1425,face,FACE_6_419,6,419,4.982388305131989
1426,face,FACE_193_245,193,245,3.633326440840938
1427,face,FACE_413_285,413,285,4.089811079078507
1428,face,FACE_310_272,310,272,0.8673279958092085
1429,face,FACE_163_110,163,110,2.283511034026771
1430,face,FACE_29_30,29,30,2.520479146667369
1431,face,FACE_69_66,69,66,7.665586148615427
1432,face,FACE_114_217,114,217,2.8062691134567097
1433,face,FACE_328_326,328,326,0.7005856438186066
1434,face,FACE_431_418,431,418,4.321256853382811
1435,face,FACE_98_129,98,129,3.922939270776551
1436,face,FACE_171_199,171,199,8.446417259979766
1437,face,FACE_303_269,303,269,1.6162011977951403
1438,face,FACE_91_90,91,90,1.2236133867003072
1439,face,FACE_156_70,156,70,4.899927729692244
1440,face,FACE_282_295,282,295,4.558362768676813
1441,face,FACE_287_410,287,410,2.693882627774881
1442,face,FACE_73_72,73,72,4.17940918376685
1443,face,FACE_194_182,194,182,4.897521096306995
1444,face,FACE_408_291,408,291,1.1670859342524122
1445,face,FACE_221_56,221,56,2.9893182731202916
1446,face,FACE_126_47,126,47,2.9046205138159285
1447,face,FACE_137_93,137,93,4.559975893697935
1448,face,FACE_49_209,49,209,2.1061755259418273
1449,face,FACE_257_387,257,387,2.464820659467895
1450,face,FACE_416_411,416,411,7.691142250064845
1451,face,FACE_176_170,176,170,8.287141366140228
1452,face,FACE_95_96,95,96,0.3856183763109115
1453,face,FACE_235_219,235,219,0.8778934349090054
1454,face,FACE_401_288,401,288,10.186238855244973
1455,face,FACE_346_352,346,352,7.57156726354389
1456,face,FACE_79_237,79,237,2.2511579020326224
1457,face,FACE_218_166,218,166,2.015599623823259
1458,face,FACE_430_431,430,431,4.478419668278053
1459,face,FACE_289_455,289,455,0.9581520657490508
1460,face,FACE_82_13,82,13,3.5680335252432096
1461,face,FACE_108_151,108,151,7.935150721957038
1462,face,FACE_355_437,355,437,2.5436785443562715
1463,face,FACE_342_467,342,467,1.43512414585207
1464,face,FACE_276_293,276,293,3.866916903695812
1465,face,FACE_308_325,308,325,0.4758046794089359
1466,face,FACE_427_425,427,425,5.398804159301727
1467,face,FACE_97_141,97,141,3.995457355256694
1468,face,FACE_431_395,431,395,3.902361478865446
1469,face,FACE_423_391,423,391,4.866770488561123
1470,face,FACE_190_189,190,189,2.3537122573388385
1471,face,FACE_330_349,330,349,6.483940439292498
1472,face,FACE_162_127,162,127,8.121266333154377
1473,face,FACE_359_263,359,263,0.7992670560317611
1474,face,FACE_464_465,464,465,0.2205938895678235
1475,face,FACE_376_352,376,352,6.026466956488193
1476,face,FACE_223_222,223,222,4.2380351735682105
1477,face,FACE_435_401,435,401,5.968782115051748
1478,face,FACE_230_118,230,118,6.956579030949699
1479,face,FACE_222_28,222,28,1.6208203103556227
1480,face,FACE_408_304,408,304,1.3401548343849872
1481,face,FACE_50_187,50,187,8.455507695344659
1482,face,FACE_42_183,42,183,2.9557580247814057
1483,face,FACE_183_42,183,42,2.9557580247814057
1484,face,FACE_187_192,187,192,8.620354649915182
1485,face,FACE_25_130,25,130,1.7883285677152683
1486,face,FACE_265_340,265,340,3.414795988091185
1487,face,FACE_92_40,92,40,3.824980520038591
1488,face,FACE_371_358,371,358,3.494340200831943
1489,face,FACE_211_140,211,140,8.04125319370209
1490,face,FACE_35_143,35,143,3.9696687858130777
1491,face,FACE_15_85,15,85,3.7451516752518352
1492,face,FACE_142_126,142,126,3.789111877170982
1493,face,FACE_195_281,195,281,4.731928791460111
1494,face,FACE_440_457,440,457,2.1847502073821645
1495,face,FACE_221_190,221,190,2.5194301248708335
1496,face,FACE_386_257,386,257,1.7555860104268735
1497,face,FACE_277_350,277,350,2.027359938751629
1498,face,FACE_251_298,251,298,3.1919574050294917
1499,face,FACE_383_368,383,368,0.8512252518534087
1500,face,FACE_255_448,255,448,2.9775790052681734
1501,face,FACE_290_289,290,289,2.263363118271734
1502,face,FACE_317_14,317,14,2.634668727270023
1503,face,FACE_103_54,103,54,8.663393958002256
1504,face,FACE_414_441,414,441,2.643166918455572
1505,face,FACE_160_30,160,30,2.9988741028707033
1506,face,FACE_174_114,174,114,3.483470206184146
1507,face,FACE_326_328,326,328,0.7005856438186066
1508,face,FACE_460_328,460,328,2.5454280843204793
1509,face,FACE_152_175,152,175,3.2757657364385575
1510,face,FACE_124_113,124,113,3.486684805208046
1511,face,FACE_367_365,367,365,8.905882163557624
1512,face,FACE_98_240,98,240,1.4353167329501846
1513,face,FACE_64_98,64,98,1.9923643856395872
1514,face,FACE_262_428,262,428,4.311975740949168
1515,face,FACE_396_428,396,428,3.9015452195924576
1516,face,FACE_122_188,122,188,3.060212266423142
1517,face,FACE_327_328,327,328,2.8936993440041965
1518,face,FACE_80_42,80,42,0.2082980395228719
1519,face,FACE_265_353,265,353,3.4937570809627263
1520,face,FACE_38_82,38,82,0.35547507989356086
1521,face,FACE_282_442,282,442,5.784017954982212
1522,face,FACE_209_49,209,49,2.1061755259418273
1523,face,FACE_73_39,73,39,1.4733225535498717
1524,face,FACE_25_228,25,228,3.049996615403017
1525,face,FACE_302_11,302,11,3.2459012595430705
1526,face,FACE_100_142,100,142,3.4715480675944157
1527,face,FACE_447_366,447,366,6.268113733642957
1528,face,FACE_460_305,460,305,0.8546054325915986
1529,face,FACE_451_256,451,256,3.3420250545026735
1530,face,FACE_1_19,1,19,1.902846751580742
1531,face,FACE_421_313,421,313,4.394498561160755
1532,face,FACE_370_2,370,2,2.0919072516923842
1533,face,FACE_434_432,434,432,2.8170011029469593
1534,face,FACE_321_375,321,375,1.591530159158214
1535,face,FACE_308_292,308,292,0.5101450202954819
1536,face,FACE_179_178,179,178,0.5835311954825005
1537,face,FACE_39_167,39,167,6.377954528786457
1538,face,FACE_459_461,459,461,1.9514649664586419
1539,face,FACE_46_63,46,63,4.487931934221003
1540,face,FACE_391_326,391,326,5.649172750758315
1541,face,FACE_417_464,417,464,3.180083635200226
1542,face,FACE_197_195,197,195,3.050465351085955
1543,face,FACE_230_229,230,229,4.4104945804473195
1544,face,FACE_356_368,356,368,6.440628463029507
1545,face,FACE_349_329,349,329,2.2979085586160704
1546,face,FACE_241_238,241,238,0.9014027290398486
1547,face,FACE_326_462,326,462,1.3629659564329464
1548,face,FACE_52_222,52,222,6.038654873848676
1549,face,FACE_401_376,401,376,2.7068091211670593
1550,face,FACE_172_138,172,138,4.846946984394879
1551,face,FACE_245_128,245,128,2.980794177845538
1552,face,FACE_288_435,288,435,4.627543805318247
1553,face,FACE_382_362,382,362,0.7145631373100751
1554,face,FACE_407_306,407,306,1.4117980741442786
1555,face,FACE_187_123,187,123,9.496269077587929
1556,face,FACE_292_325,292,325,0.9845374275169838
1557,face,FACE_212_216,212,216,6.071915232435368
1558,face,FACE_411_425,411,425,5.6020524081443
1559,face,FACE_143_116,143,116,5.369194890640517
1560,face,FACE_349_450,349,450,3.1540851584520504
1561,face,FACE_216_186,216,186,4.025163544660134
1562,face,FACE_296_295,296,295,2.6058773747714588
1563,face,FACE_18_201,18,201,6.787946990315453
1564,face,FACE_247_30,247,30,2.4715884854477883
1565,face,FACE_262_418,262,418,4.300417182911182
1566,face,FACE_14_316,14,316,3.069098815586822
1567,face,FACE_14_87,14,87,3.3906843750815208
1568,face,FACE_114_174,114,174,3.483470206184146
1569,face,FACE_195_248,195,248,2.1140266063138493
1570,face,FACE_300_301,300,301,1.8394123917030494
1571,face,FACE_162_71,162,71,9.496281660994152
1572,face,FACE_181_84,181,84,3.919053943798129
1573,face,FACE_423_371,423,371,6.22750465670079
1574,face,FACE_369_400,369,400,3.5495742365383647
1575,face,FACE_330_329,330,329,4.767291782225616
1576,face,FACE_142_129,142,129,3.8386347870690294
1577,face,FACE_188_245,188,245,2.0684287900530687
1578,face,FACE_333_334,333,334,5.271635716990994
1579,face,FACE_334_299,334,299,8.349081989724363
1580,face,FACE_274_19,274,19,3.247328258255251
1581,face,FACE_251_301,251,301,1.9284273239111083
1582,face,FACE_264_383,264,383,5.270439720478587
1583,face,FACE_76_183,76,183,2.1939252688282056
1584,face,FACE_355_358,355,358,6.035861800186733
1585,face,FACE_434_422,434,422,5.428609071676285
1586,face,FACE_286_258,286,258,2.6378852496558447
1587,face,FACE_372_447,372,447,6.770470975861002
1588,face,FACE_31_117,31,117,3.9223773730215594
1589,face,FACE_438_392,438,392,1.0723142588808259
1590,face,FACE_38_13,38,13,3.3453702379598362
1591,face,FACE_1_274,1,274,2.0726853290384533
1592,face,FACE_168_122,168,122,4.092751930042234
1593,face,FACE_121_47,121,47,2.1191407070141905
1594,face,FACE_7_25,7,25,2.125972972154571
1595,face,FACE_138_136,138,136,9.593187696013437
1596,face,FACE_262_431,262,431,3.9501257152804836
1597,face,FACE_97_98,97,98,6.179244616848209
1598,face,FACE_369_377,369,377,7.186329772066505
1599,face,FACE_463_341,463,341,1.3059685281997595
1600,face,FACE_401_366,401,366,6.527709324351555
1601,face,FACE_146_76,146,76,1.7216142964040975
1602,face,FACE_9_107,9,107,6.59408862688901
1603,face,FACE_451_452,451,452,2.781684149469809
1604,face,FACE_238_79,238,79,3.435030808904081
1605,face,FACE_462_461,462,461,1.1821285699772388
1606,face,FACE_132_177,132,177,4.350087922490261
1607,face,FACE_441_258,441,258,4.055779361835424
1608,face,FACE_339_390,339,390,1.7852916624728323
1609,face,FACE_204_202,204,202,5.196411550108504
1610,face,FACE_90_180,90,180,3.511096151300999
1611,face,FACE_410_270,410,270,3.6664519442020067
1612,face,FACE_355_371,355,371,3.062657831372528
1613,face,FACE_176_140,176,140,3.4246625110897817
1614,face,FACE_27_160,27,160,3.470311626885875
1615,face,FACE_447_454,447,454,3.195911106878249
1616,face,FACE_114_128,114,128,1.763561099496161
1617,face,FACE_466_467,466,467,1.5781669390355157
1618,face,FACE_188_114,188,114,3.350092664569651
1619,face,FACE_141_2,141,2,1.1166310476055907
1620,face,FACE_91_181,91,181,3.8347877123041862
1621,face,FACE_78_62,78,62,0.08223737988220409
1622,face,FACE_232_120,232,120,3.9005338736819177
1623,face,FACE_48_219,48,219,1.446285712271376
1624,face,FACE_400_378,400,378,3.455972692200551
1625,face,FACE_207_212,207,212,8.531589251167194
1626,face,FACE_406_421,406,421,5.8637572636153
1627,face,FACE_199_208,199,208,6.448682167862013
1628,face,FACE_439_455,439,455,0.8735715718572631
1629,face,FACE_250_290,250,290,1.0999144531262148
1630,face,FACE_405_313,405,313,5.770142992189479
1631,face,FACE_269_303,269,303,1.6162011977951403
1632,face,FACE_295_441,295,441,6.15292488783762
1633,face,FACE_36_101,36,101,4.516728562992004
1634,face,FACE_261_448,261,448,1.4166395160270127
1635,face,FACE_388_260,388,260,1.6804612384967923
1636,face,FACE_20_242,20,242,0.9392163827787448
1637,face,FACE_414_398,414,398,1.2613178382158547
1638,face,FACE_273_422,273,422,2.962817285990429
1639,face,FACE_433_411,433,411,4.633653121677988
1640,face,FACE_4_5,4,5,3.9046744217852805
1641,face,FACE_159_28,159,28,3.5701609845516216
1642,face,FACE_255_261,255,261,2.7753260650370204
1643,face,FACE_175_152,175,152,3.2757657364385575
1644,face,FACE_117_31,117,31,3.9223773730215594
1645,face,FACE_99_242,99,242,3.3105267119082082
1646,face,FACE_133_155,133,155,0.7042077084094558
1647,face,FACE_53_46,53,46,4.857508447347204
1648,face,FACE_66_65,66,65,2.6787066162024256
1649,face,FACE_406_313,406,313,3.4790540127581013
1650,face,FACE_322_436,322,436,3.941021449917349
1651,face,FACE_337_299,337,299,5.803324500068415
1652,face,FACE_134_236,134,236,2.7038012406027736
1653,face,FACE_456_399,456,399,2.648632166061276
1654,face,FACE_328_250,328,250,1.2314172798107912
1655,face,FACE_247_33,247,33,1.5495787937507488
1656,face,FACE_365_397,365,397,4.141140580863637
1657,face,FACE_70_71,70,71,5.37434614477441
1658,face,FACE_338_151,338,151,9.713078315641615
1659,face,FACE_35_113,35,113,6.127283171613455
1660,face,FACE_94_19,94,19,1.122381834128096
1661,face,FACE_194_106,194,106,6.230624352558593
1662,face,FACE_447_323,447,323,8.472281984383677
1663,face,FACE_31_228,31,228,2.5830632569630776
1664,face,FACE_185_57,185,57,4.882353184191659
1665,face,FACE_63_68,63,68,6.079550775831191
1666,face,FACE_104_69,104,69,8.795077217453754
1667,face,FACE_43_202,43,202,4.193186550725018
1668,face,FACE_217_126,217,126,3.37316492992444
1669,face,FACE_21_71,21,71,5.780030461845354
1670,face,FACE_454_447,454,447,3.195911106878249
1671,face,FACE_140_171,140,171,6.791374174469812
1672,face,FACE_398_286,398,286,2.879415914151437
1673,face,FACE_245_193,245,193,3.633326440840938
1674,face,FACE_56_28,56,28,2.705326844351451
1675,face,FACE_196_188,196,188,3.7191285897605355
1676,face,FACE_435_433,435,433,3.3411419919130716
1677,face,FACE_54_104,54,104,11.882473758711395
1678,face,FACE_368_300,368,300,3.203004135816816
1679,face,FACE_273_291,273,291,3.0723285651621515
1680,face,FACE_92_216,92,216,6.848111998705405
1681,face,FACE_255_359,255,359,1.4096255472443544
1682,face,FACE_437_399,437,399,2.4087602280150966
1683,face,FACE_309_250,309,250,3.084874287202131
1684,face,FACE_322_269,322,269,4.0054569226686665
1685,face,FACE_113_46,113,46,3.5105102118956673
1686,face,FACE_59_75,59,75,0.8409726038489753
1687,face,FACE_146_43,146,43,3.4342151701286077
1688,face,FACE_358_371,358,371,3.494340200831943
1689,face,FACE_362_341,362,341,1.0285372119286986
1690,face,FACE_148_152,148,152,6.757539711492585
1691,face,FACE_200_428,200,428,7.0287710119159295
1692,face,FACE_140_148,140,148,7.324702349186983
1693,face,FACE_221_222,221,222,4.747996895026562
1694,face,FACE_200_199,200,199,4.937076755382569
1695,face,FACE_240_235,240,235,1.0911128109375838
1696,face,FACE_272_304,272,304,1.1755901085823213
1697,face,FACE_232_231,232,231,3.158012061154869
1698,face,FACE_421_18,421,18,6.063185297780154
1699,face,FACE_446_340,446,340,4.948219331842694
1700,face,FACE_55_189,55,189,4.3630594918502865
1701,face,FACE_169_211,169,211,7.439390176915074
1702,face,FACE_287_432,287,432,2.4685581974326074
1703,face,FACE_228_117,228,117,4.196446128980595
1704,face,FACE_233_232,233,232,2.3534490147569045
1705,face,FACE_125_141,125,141,0.9034250537126033
1706,face,FACE_453_464,453,464,2.0854828088016384
1707,face,FACE_310_415,310,415,1.2291312116986943
1708,face,FACE_289_392,289,392,0.5367213354569346
1709,face,FACE_416_433,416,433,3.496381683835414
1710,face,FACE_322_426,322,426,3.912379614121499
1711,face,FACE_294_327,294,327,2.1506122212150425
1712,face,FACE_118_101,118,101,6.725437409882353
1713,face,FACE_199_175,199,175,4.163943378138818
1714,face,FACE_438_457,438,457,0.9631611530683087
1715,face,FACE_366_352,366,352,2.167399545990127
1716,face,FACE_404_315,404,315,2.476747587111628
1717,face,FACE_269_270,269,270,2.0025875882218496
1718,face,FACE_367_433,367,433,8.549334337795091
1719,face,FACE_298_333,298,333,4.5852958131524755
1720,face,FACE_311_272,311,272,2.494125188261596
1721,face,FACE_0_267,0,267,3.491673041811179
1722,face,FACE_252_451,252,451,1.6657158603989757
1723,face,FACE_179_89,179,89,3.281772956359338
1724,face,FACE_25_31,25,31,3.6740309559481874
1725,face,FACE_278_360,278,360,3.356927320563884
1726,face,FACE_269_391,269,391,3.7416036632072514
1727,face,FACE_325_292,325,292,0.9845374275169838
1728,face,FACE_413_441,413,441,2.8262523157126385
1729,face,FACE_107_69,107,69,12.472523622839573
1730,face,FACE_92_206,92,206,4.8893457932634625
1731,face,FACE_365_364,365,364,4.8220293195041215
1732,face,FACE_363_440,363,440,3.053895273430566
1733,face,FACE_62_183,62,183,1.705938467067072
1734,face,FACE_187_214,187,214,11.712663694071656
1735,face,FACE_455_294,455,294,0.8663933184496141
1736,face,FACE_133_243,133,243,1.3744332892998705
1737,face,FACE_387_388,387,388,1.5358846460533842
1738,face,FACE_219_166,219,166,1.3421191521008875
1739,face,FACE_350_357,350,357,2.5066393132732396
1740,face,FACE_109_151,109,151,12.820303786633588
1741,face,FACE_448_254,448,254,4.213533719439593
1742,face,FACE_419_456,419,456,4.740336195667703
1743,face,FACE_431_430,431,430,4.478419668278053
1744,face,FACE_50_101,50,101,9.122433344040969
1745,face,FACE_423_426,423,426,3.952682774530014
1746,face,FACE_222_27,222,27,4.219359555889668
1747,face,FACE_287_422,287,422,4.710852563042265
1748,face,FACE_321_335,321,335,3.2895912675095267
1749,face,FACE_152_377,152,377,5.893333703665981
1750,face,FACE_165_167,165,167,7.296785920982507
1751,face,FACE_167_97,167,97,2.35252225126782
1752,face,FACE_43_61,43,61,3.3529944364397983
1753,face,FACE_306_291,306,291,0.6375183592419845
1754,face,FACE_79_20,79,20,3.3154429812502366
1755,face,FACE_465_464,465,464,0.2205938895678235
1756,face,FACE_432_287,432,287,2.4685581974326074
1757,face,FACE_195_51,195,51,3.857179701278842
1758,face,FACE_221_189,221,189,2.8333014326494546
1759,face,FACE_239_237,239,237,0.8412255238772749
1760,face,FACE_85_179,85,179,3.928867814035072
1761,face,FACE_272_271,272,271,1.5782487530994493
1762,face,FACE_445_342,445,342,2.0602324376567487
1763,face,FACE_344_439,344,439,2.1204872943249495
1764,face,FACE_42_74,42,74,0.785113144869568
1765,face,FACE_162_139,162,139,5.498134868722728
1766,face,FACE_347_450,347,450,6.28529048639033
1767,face,FACE_133_112,133,112,1.046205335180346
1768,face,FACE_387_257,387,257,2.464820659467895
1769,face,FACE_460_327,460,327,0.6031789090378241
1770,face,FACE_57_202,57,202,5.168735586741888
1771,face,FACE_271_311,271,311,0.9361786166690333
1772,face,FACE_123_147,123,147,6.597768077730742
1773,face,FACE_437_343,437,343,2.6636471298203532
1774,face,FACE_275_281,275,281,3.73337836162041
1775,face,FACE_340_261,340,261,3.349228606873429
1776,face,FACE_161_30,161,30,1.8760130555000745
1777,face,FACE_338_337,338,337,6.840958456824941
1778,face,FACE_357_350,357,350,2.5066393132732396
1779,face,FACE_217_47,217,47,3.4254527775830614
1780,face,FACE_309_459,309,459,0.6238696636997006
1781,face,FACE_255_339,255,339,1.1809811511262056
1782,face,FACE_287_291,287,291,2.5996943749019574
1783,face,FACE_139_127,139,127,9.780752840545313
1784,face,FACE_268_12,268,12,2.9275127325886476
1785,face,FACE_38_81,38,81,3.69230779757583
1786,face,FACE_230_22,230,22,4.265906088159193
1787,face,FACE_101_100,101,100,5.47097319223882
1788,face,FACE_81_42,81,42,3.2225442093109327
1789,face,FACE_220_237,220,237,2.371327377908754
1790,face,FACE_404_403,404,403,1.0632995740356972
1791,face,FACE_351_168,351,168,4.870624794043192
1792,face,FACE_405_404,405,404,1.6221012303764075
1793,face,FACE_61_185,61,185,1.6072685866653647
1794,face,FACE_396_175,396,175,5.926341904685851
1795,face,FACE_93_137,93,137,4.559975893697935
1796,face,FACE_79_239,79,239,1.6439726192156674
1797,face,FACE_313_406,313,406,3.4790540127581013
1798,face,FACE_424_273,424,273,5.2450702402959894
1799,face,FACE_266_330,266,330,3.6749744832761966
1800,face,FACE_196_122,196,122,3.183245423817896
1801,face,FACE_435_367,435,367,5.209204654482427
1802,face,FACE_108_9,108,9,12.364196324916282
1803,face,FACE_242_238,242,238,1.0806527622495392
1804,face,FACE_375_273,375,273,2.6001344487793387
1805,face,FACE_293_283,293,283,2.0768499374741363
1806,face,FACE_205_207,205,207,6.651466064827784
1807,face,FACE_123_137,123,137,6.8093004206875225
1808,face,FACE_130_33,130,33,1.46630243376761
1809,face,FACE_223_224,223,224,4.053250467708187
1810,face,FACE_230_120,230,120,4.684691645862593
1811,face,FACE_408_306,408,306,0.5598018923808545
1812,face,FACE_92_186,92,186,3.965165727844598
1813,face,FACE_345_366,345,366,7.9123436615865295
1814,face,FACE_18_200,18,200,4.331022378425922
1815,face,FACE_65_52,65,52,6.389678148799299
1816,face,FACE_76_61,76,61,0.6399204775064106
1817,face,FACE_9_8,9,8,3.812705891688925
1818,face,FACE_342_446,342,446,2.3863656829322895
1819,face,FACE_14_86,14,86,3.400088968264099
1820,face,FACE_202_57,202,57,5.168735586741888
1821,face,FACE_335_321,335,321,3.2895912675095267
1822,face,FACE_20_166,20,166,5.578453774836809
1823,face,FACE_379_364,379,364,9.186345410446442
1824,face,FACE_265_342,265,342,3.885344360318623
1825,face,FACE_32_140,32,140,4.411621777946152
1826,face,FACE_385_258,385,258,1.7121531653575321
1827,face,FACE_390_373,390,373,1.4312570768139037
1828,face,FACE_231_120,231,120,2.098206092813377
1829,face,FACE_77_62,77,62,1.6846253084203662
1830,face,FACE_257_258,257,258,2.837849842698143
1831,face,FACE_15_316,15,316,2.8092891714806196
1832,face,FACE_42_41,42,41,3.1641363972206986
1833,face,FACE_289_290,289,290,2.263363118271734
1834,face,FACE_340_372,340,372,2.79096316175638
1835,face,FACE_187_50,187,50,8.455507695344659
1836,face,FACE_352_346,352,346,7.57156726354389
1837,face,FACE_70_139,70,139,8.74808721811429
1838,face,FACE_416_367,416,367,5.169076830523682
1839,face,FACE_41_81,41,81,0.08186451549423246
1840,face,FACE_285_441,285,441,2.2469382486980343
1841,face,FACE_277_437,277,437,0.9511736876012238
1842,face,FACE_178_86,178,86,3.578631366363468
1843,face,FACE_224_53,224,53,3.089022687145806
1844,face,FACE_284_333,284,333,3.6168220146529215
1845,face,FACE_116_111,116,111,5.338524083862339
1846,face,FACE_108_107,108,107,8.320096887839872
1847,face,FACE_415_407,415,407,0.9492231020171199
1848,face,FACE_1_44,1,44,2.625534155771983
1849,face,FACE_327_294,327,294,2.1506122212150425
1850,face,FACE_439_392,439,392,1.1352875848844952
1851,face,FACE_57_61,57,61,3.3455012269435906
1852,face,FACE_138_135,138,135,6.784658042284434
1853,face,FACE_109_108,109,108,7.458094628158842
1854,face,FACE_229_24,229,24,2.9027623037727768
1855,face,FACE_106_182,106,182,4.2755585036474075
1856,face,FACE_277_329,277,329,3.156687891821243
1857,face,FACE_278_294,278,294,1.3127179672888847
1858,face,FACE_274_440,274,440,3.045568190078436
1859,face,FACE_436_322,436,322,3.941021449917349
1860,face,FACE_422_424,422,424,4.092934966518692
1861,face,FACE_286_414,286,414,2.850816480395744
1862,face,FACE_360_363,360,363,2.3176517440711653
1863,face,FACE_359_255,359,255,1.4096255472443544
1864,face,FACE_85_15,85,15,3.7451516752518352
1865,face,FACE_397_367,397,367,4.834055510743901
1866,face,FACE_224_30,224,30,2.698837759252321
1867,face,FACE_27_159,27,159,1.8904995898242876
1868,face,FACE_139_71,139,71,6.098349245526304
1869,face,FACE_406_335,406,335,2.9654222828032863
1870,face,FACE_344_360,344,360,2.001348778147143
1871,face,FACE_348_330,348,330,3.1965272060987897
1872,face,FACE_418_431,418,431,4.321256853382811
1873,face,FACE_269_302,269,302,3.5247551796403287
1874,face,FACE_189_193,189,193,3.389924968375252
1875,face,FACE_36_100,36,100,6.252790243875366
1876,face,FACE_230_231,230,231,3.9931798720847302
1877,face,FACE_169_135,169,135,7.010470282815438
1878,face,FACE_441_414,441,414,2.643166918455572
1879,face,FACE_447_345,447,345,1.6529763185788717
1880,face,FACE_407_272,407,272,1.2980629312560747
1881,face,FACE_44_220,44,220,4.335233424920185
1882,face,FACE_100_121,100,121,4.68109696749185
1883,face,FACE_200_208,200,208,8.030691556324319
1884,face,FACE_264_372,264,372,0.8091646287214229
1885,face,FACE_270_303,270,303,2.612553987340839
1886,face,FACE_271_268,271,268,2.213272746993045
1887,face,FACE_276_383,276,383,2.9318012372492857
1888,face,FACE_434_411,434,411,10.642741205264379
1889,face,FACE_198_134,198,134,3.4019468148682477
1890,face,FACE_144_163,144,163,1.9595505123636858
1891,face,FACE_411_427,411,427,2.940106642869039
1892,face,FACE_349_452,349,452,4.2031702513588876
1893,face,FACE_275_274,275,274,3.0212736930998205
1894,face,FACE_242_97,242,97,2.967022968126477
1895,face,FACE_307_306,307,306,1.0994874718216934
1896,face,FACE_133_190,133,190,1.8413606004674121
1897,face,FACE_234_93,234,93,7.384924548693163
1898,face,FACE_5_4,5,4,3.9046744217852805
1899,face,FACE_445_276,445,276,2.323968304287719
1900,face,FACE_329_330,329,330,4.767291782225616
1901,face,FACE_374_252,374,252,3.0243118896884167
1902,face,FACE_27_28,27,28,3.066412498876848
1903,face,FACE_0_11,0,11,1.434936947682157
1904,face,FACE_437_277,437,277,0.9511736876012238
1905,face,FACE_382_341,382,341,0.8591155470666806
1906,face,FACE_140_170,140,170,6.514132054675849
1907,face,FACE_280_330,280,330,6.918473682383463
1908,face,FACE_166_79,166,79,2.6227970801428033
1909,face,FACE_111_143,111,143,5.431468276396399
1910,face,FACE_226_130,226,130,3.078126173055919
1911,face,FACE_186_57,186,57,3.2937436771500765
1912,face,FACE_391_426,391,426,4.300234679837285
1913,face,FACE_105_69,105,69,8.519314560256806
1914,face,FACE_123_117,123,117,10.177477028736533
1915,face,FACE_256_381,256,381,1.3330837593022917
1916,face,FACE_301_389,301,389,3.9124376344295992
1917,face,FACE_428_200,428,200,7.0287710119159295
1918,face,FACE_167_165,167,165,7.296785920982507
1919,face,FACE_132_58,132,58,8.641879223153973
1920,face,FACE_19_1,19,1,1.902846751580742
1921,face,FACE_125_19,125,19,1.5755509253007978
1922,face,FACE_89_96,89,96,2.4394926715924887
1923,face,FACE_418_421,418,421,3.813137685749107
1924,face,FACE_340_352,340,352,8.61260524440736
1925,face,FACE_48_64,48,64,1.5427364741777878
1926,face,FACE_228_31,228,31,2.5830632569630776
1927,face,FACE_459_309,459,309,0.6238696636997006
1928,face,FACE_72_12,72,12,3.8669036417627036
1929,face,FACE_169_210,169,210,5.287993820650349
1930,face,FACE_215_177,215,177,6.784440661574975
1931,face,FACE_172_215,172,215,10.359378368695943
1932,face,FACE_215_213,215,213,5.308358312795272
1933,face,FACE_455_460,455,460,1.285957112942389
1934,face,FACE_417_168,417,168,2.747301670158233
1935,face,FACE_461_354,461,354,0.6367111107302361
1936,face,FACE_413_463,413,463,2.3574817717612273
1937,face,FACE_290_392,290,392,2.7552958238198846
1938,face,FACE_43_106,43,106,3.8104930854687438
1939,face,FACE_423_327,423,327,2.838730849027013
1940,face,FACE_300_293,300,293,3.2059829590446487
1941,face,FACE_34_143,34,143,5.90059686620586
1942,face,FACE_207_214,207,214,9.561381002142276
1943,face,FACE_119_101,119,101,3.0881040981252825
1944,face,FACE_299_297,299,297,5.850734642376157
1945,face,FACE_377_396,377,396,3.2323094767044878
1946,face,FACE_171_148,171,148,3.256555548861051
1947,face,FACE_40_73,40,73,4.350222519419864
1948,face,FACE_41_38,41,38,3.753333211197842
1949,face,FACE_273_424,273,424,5.2450702402959894
1950,face,FACE_146_91,146,91,2.971654353812464
1951,face,FACE_141_125,141,125,0.9034250537126033
1952,face,FACE_299_333,299,333,5.412112167541578
1953,face,FACE_12_11,12,11,1.0456362946743682
1954,face,FACE_218_79,218,79,1.0269679766184618
1955,face,FACE_50_123,50,123,10.07512753144805
1956,face,FACE_255_263,255,263,1.5371853482689828
1957,face,FACE_180_89,180,89,3.279989830969804
1958,face,FACE_233_244,233,244,2.339243599049954
1959,face,FACE_45_44,45,44,3.0308353377037824
1960,face,FACE_217_236,217,236,3.448603854709775
1961,face,FACE_351_465,351,465,0.37649996801679597
1962,face,FACE_96_95,96,95,0.3856183763109115
1963,face,FACE_187_213,187,213,7.669141762260046
1964,face,FACE_113_35,113,35,6.127283171613455
1965,face,FACE_352_280,352,280,3.825270506354368
1966,face,FACE_426_266,426,266,6.70025253576562
1967,face,FACE_292_415,292,415,1.628475221109436
1968,face,FACE_65_107,65,107,6.829951931003691
1969,face,FACE_164_0,164,0,4.176218362439821
1970,face,FACE_2_167,2,167,5.316131330206974
1971,face,FACE_22_145,22,145,3.286841349170241
1972,face,FACE_444_283,444,283,2.644834506860583
1973,face,FACE_429_420,429,420,2.0230859750629193
1974,face,FACE_34_156,34,156,9.441563552745334
1975,face,FACE_100_101,100,101,5.47097319223882
1976,face,FACE_291_306,291,306,0.6375183592419845
1977,face,FACE_138_213,138,213,9.266940595194333
1978,face,FACE_391_393,391,393,4.544881467933394
1979,face,FACE_43_204,43,204,5.744943302901838
1980,face,FACE_294_460,294,460,2.144308722762998
1981,face,FACE_414_413,414,413,1.2924487288026087
1982,face,FACE_319_404,319,404,1.7257542159023738
1983,face,FACE_420_456,420,456,2.410024392962649
1984,face,FACE_352_401,352,401,8.679133271390443
1985,face,FACE_413_417,413,417,1.0687526726378256
1986,face,FACE_292_307,292,307,0.5341278695857777
1987,face,FACE_175_396,175,396,5.926341904685851
1988,face,FACE_223_27,223,27,1.5030264566487743
1989,face,FACE_209_129,209,129,4.382400820828814
1990,face,FACE_422_273,422,273,2.962817285990429
1991,face,FACE_214_207,214,207,9.561381002142276
1992,face,FACE_206_203,206,203,4.574132362478431
1993,face,FACE_131_209,131,209,2.5863486112891767
1994,face,FACE_232_112,232,112,2.425882849363957
1995,face,FACE_425_427,425,427,5.398804159301727
1996,face,FACE_392_250,392,250,3.5689541937143194
1997,face,FACE_457_459,457,459,0.867177649674831
1998,face,FACE_444_260,444,260,2.28767888923039
1999,face,FACE_281_4,281,4,3.675540357197235
2000,face,FACE_433_367,433,367,8.549334337795091
2001,face,FACE_199_200,199,200,4.937076755382569
2002,face,FACE_197_419,197,419,2.347029021274991
2003,face,FACE_11_0,11,0,1.434936947682157
2004,face,FACE_344_438,344,438,1.470932362191924
2005,face,FACE_122_245,122,245,3.549237256738791
2006,face,FACE_300_368,300,368,3.203004135816816
2007,face,FACE_86_179,86,179,3.73061002072344
2008,face,FACE_32_208,32,208,6.54320946662279
2009,face,FACE_232_233,232,233,2.3534490147569045
2010,face,FACE_446_342,446,342,2.3863656829322895
2011,face,FACE_203_206,203,206,4.574132362478431
2012,face,FACE_449_347,449,347,3.6534031557238626
2013,face,FACE_202_210,202,210,4.989541958795015
2014,face,FACE_19_354,19,354,1.2888966882680912
2015,face,FACE_19_125,19,125,1.5755509253007978
2016,face,FACE_220_115,220,115,3.3629139027719006
2017,face,FACE_412_465,412,465,1.8652348092631466
2018,face,FACE_206_216,206,216,5.309114154278073
2019,face,FACE_154_26,154,26,1.5403350997403331
2020,face,FACE_452_357,452,357,1.5466910205069628
2021,face,FACE_70_63,70,63,5.703006685793473
2022,face,FACE_170_150,170,150,6.290513532434324
2023,face,FACE_135_192,135,192,9.932980015602343
2024,face,FACE_69_67,69,67,7.205243376812422
2025,face,FACE_421_406,421,406,5.8637572636153
2026,face,FACE_367_435,367,435,5.209204654482427
2027,face,FACE_328_327,328,327,2.8936993440041965
2028,face,FACE_333_293,333,293,7.456715863289911
2029,face,FACE_139_162,139,162,5.498134868722728
2030,face,FACE_305_460,305,460,0.8546054325915986
2031,face,FACE_97_165,97,165,8.390423828639715
2032,face,FACE_393_164,393,164,3.66168318005734
2033,face,FACE_303_270,303,270,2.612553987340839
2034,face,FACE_268_312,268,312,0.8430052389834438
2035,face,FACE_341_382,341,382,0.8591155470666806
2036,face,FACE_421_262,421,262,5.689246882587921
2037,face,FACE_440_275,440,275,1.6455943557211379
2038,face,FACE_25_33,25,33,1.7453787577918862
2039,face,FACE_258_384,258,384,3.3766894812567356
2040,face,FACE_332_333,332,333,4.425851843715625
2041,face,FACE_364_365,364,365,4.8220293195041215
2042,face,FACE_269_393,269,393,5.1835713920580915
2043,face,FACE_222_52,222,52,6.038654873848676
2044,face,FACE_437_355,437,355,2.5436785443562715
2045,face,FACE_96_62,96,62,2.2144945868124584
2046,face,FACE_6_168,6,168,2.9143509954825024
2047,face,FACE_440_360,440,360,1.1552257076633692
2048,face,FACE_58_215,58,215,4.630491469689256
2049,face,FACE_397_435,397,435,9.901445929359198
2050,face,FACE_465_453,465,453,1.906542490361357
2051,face,FACE_358_327,358,327,3.1230137018408644
2052,face,FACE_417_413,417,413,1.0687526726378256
2053,face,FACE_135_169,135,169,7.010470282815438
2054,face,FACE_125_241,125,241,1.141070930979952
2055,face,FACE_326_2,326,2,3.2346828791975106
2056,face,FACE_291_273,291,273,3.0723285651621515
2057,face,FACE_49_102,49,102,1.716363693569143
2058,face,FACE_75_240,75,240,1.5575724079138786
2059,face,FACE_61_76,61,76,0.6399204775064106
2060,face,FACE_372_383,372,383,4.6339272375458345
2061,face,FACE_205_206,205,206,5.5720082852406465
2062,face,FACE_184_183,184,183,0.644248244744188
2063,face,FACE_144_110,144,110,3.726165216119947
2064,face,FACE_23_229,23,229,5.327104386095706
2065,face,FACE_412_419,412,419,0.9583569612321194
2066,face,FACE_9_151,9,151,8.402194262957343
2067,face,FACE_62_77,62,77,1.6846253084203662
2068,face,FACE_327_460,327,460,0.6031789090378241
2069,face,FACE_325_307,325,307,0.7622896925460566
2070,face,FACE_310_407,310,407,2.165336939305485
2071,face,FACE_329_277,329,277,3.156687891821243
2072,face,FACE_195_197,195,197,3.050465351085955
2073,face,FACE_267_302,267,302,1.7368458688818917
2074,face,FACE_10_151,10,151,7.389217887039087
2075,face,FACE_170_140,170,140,6.514132054675849
2076,face,FACE_28_56,28,56,2.705326844351451
2077,face,FACE_288_361,288,361,7.2983281868932
2078,face,FACE_363_275,363,275,2.3918456713517284
2079,face,FACE_15_86,15,86,3.5195452499511513
2080,face,FACE_463_362,463,362,0.7152186466623606
2081,face,FACE_209_217,209,217,4.750087191255418
2082,face,FACE_106_204,106,204,4.6874146564744485
2083,face,FACE_213_187,213,187,7.669141762260046
2084,face,FACE_386_258,386,258,2.5599447493662995
2085,face,FACE_215_147,215,147,10.022403862615194
2086,face,FACE_127_34,127,34,4.638056932424951
2087,face,FACE_387_259,387,259,1.8014182824889855
2088,face,FACE_71_139,71,139,6.098349245526304
2089,face,FACE_240_60,240,60,3.5858721295562592
2090,face,FACE_432_410,432,410,4.487468248019858
2091,face,FACE_241_141,241,141,1.1831439945629088
2092,face,FACE_214_187,214,187,11.712663694071656
2093,face,FACE_225_53,225,53,3.420078332357839
2094,face,FACE_111_31,111,31,4.540554995488307
2095,face,FACE_430_422,430,422,3.550351759765607
2096,face,FACE_117_111,117,111,3.6350168794624427
2097,face,FACE_182_91,182,91,5.403293830782289
2098,face,FACE_229_23,229,23,5.327104386095706
2099,face,FACE_134_51,134,51,3.427670477430353
2100,face,FACE_174_236,174,236,2.686410893678424
2101,face,FACE_319_325,319,325,1.1554873191659083
2102,face,FACE_419_412,419,412,0.9583569612321194
2103,face,FACE_9_285,9,285,5.990005845754442
2104,face,FACE_98_97,98,97,6.179244616848209
2105,face,FACE_282_443,282,443,2.830691680415208
2106,face,FACE_73_40,73,40,4.350222519419864
2107,face,FACE_302_12,302,12,3.792025821127685
2108,face,FACE_318_402,318,402,1.6263972695369453
2109,face,FACE_404_405,404,405,1.6221012303764075
2110,face,FACE_275_440,275,440,1.6455943557211379
2111,face,FACE_34_234,34,234,9.13036422620136
2112,face,FACE_65_221,65,221,5.305911792279661
2113,face,FACE_86_15,86,15,3.5195452499511513
2114,face,FACE_405_406,405,406,3.7817517442350415
2115,face,FACE_358_294,358,294,1.3009811152190796
2116,face,FACE_225_30,225,30,2.4218669930605614
2117,face,FACE_116_123,116,123,6.361749215165446
2118,face,FACE_309_438,309,438,1.0564117953095766
2119,face,FACE_135_136,135,136,5.169715817234225
2120,face,FACE_196_3,196,3,2.936930844990433
2121,face,FACE_440_363,440,363,3.053895273430566
2122,face,FACE_272_407,272,407,1.2980629312560747
2123,face,FACE_467_466,467,466,1.5781669390355157
2124,face,FACE_273_335,273,335,2.744190169941954
2125,face,FACE_438_439,438,439,1.210955714114231
2126,face,FACE_226_31,226,31,2.544928331980533
2127,face,FACE_110_228,110,228,3.2912533392624495
2128,face,FACE_391_327,391,327,4.354262436672619
2129,face,FACE_449_448,449,448,2.3270150577463853
2130,face,FACE_197_196,197,196,2.8449953829326167
2131,face,FACE_129_98,129,98,3.922939270776551
2132,face,FACE_61_43,61,43,3.3529944364397983
2133,face,FACE_106_194,106,194,6.230624352558593
2134,face,FACE_52_223,52,223,2.7669313429538005
2135,face,FACE_237_125,237,125,3.644254865672469
2136,face,FACE_33_246,33,246,1.2659902636296425
2137,face,FACE_341_362,341,362,1.0285372119286986
2138,face,FACE_53_224,53,224,3.089022687145806
2139,face,FACE_408_272,408,272,2.232730513691052
2140,face,FACE_45_220,45,220,3.3621155427702796
2141,face,FACE_280_352,280,352,3.825270506354368
2142,face,FACE_351_412,351,412,2.241709946695278
2143,face,FACE_271_303,271,303,1.1893922692087129
2144,face,FACE_231_230,231,230,3.9931798720847302
2145,face,FACE_267_269,267,269,3.134444508140734
2146,face,FACE_79_218,79,218,1.0269679766184618
2147,face,FACE_37_72,37,72,1.7175612491940553
2148,face,FACE_390_339,390,339,1.7852916624728323
2149,face,FACE_313_421,313,421,4.394498561160755
2150,face,FACE_157_173,157,173,2.0309768578483753
2151,face,FACE_437_456,437,456,0.3729825994242227
2152,face,FACE_458_250,458,250,0.8071015571343086
2153,face,FACE_47_121,47,121,2.1191407070141905
2154,face,FACE_60_240,60,240,3.5858721295562592
2155,face,FACE_412_399,412,399,2.881337006000789
2156,face,FACE_39_37,39,37,5.000424862919388
2157,face,FACE_76_184,76,184,1.6044351496608265
2158,face,FACE_123_116,123,116,6.361749215165446
2159,face,FACE_362_398,362,398,1.0131066145991088
2160,face,FACE_309_392,309,392,0.9335804032101914
2161,face,FACE_302_267,302,267,1.7368458688818917
2162,face,FACE_293_298,293,298,3.688597923296725
2163,face,FACE_92_165,92,165,4.036560162211243
2164,face,FACE_4_281,4,281,3.675540357197235
2165,face,FACE_186_92,186,92,3.965165727844598
2166,face,FACE_58_172,58,172,7.892218473792852
2167,face,FACE_3_236,3,236,3.19630991877229
2168,face,FACE_105_104,105,104,6.942547507545599
2169,face,FACE_178_88,178,88,3.2697856209148544
2170,face,FACE_418_335,418,335,5.710491551434815
2171,face,FACE_395_431,395,431,3.902361478865446
2172,face,FACE_108_109,108,109,7.458094628158842
2173,face,FACE_428_199,428,199,5.3672217578655115
2174,face,FACE_194_32,194,32,4.654965839079982
2175,face,FACE_99_60,99,60,0.9256978020883845
2176,face,FACE_250_458,250,458,0.8071015571343086
2177,face,FACE_97_99,97,99,0.8486712515656216
2178,face,FACE_83_201,83,201,4.59189164595556
2179,face,FACE_98_64,98,64,1.9923643856395872
2180,face,FACE_343_277,343,277,2.5765615240676856
2181,face,FACE_35_124,35,124,4.046885784643616
2182,face,FACE_114_188,114,188,3.350092664569651
2183,face,FACE_5_281,5,281,2.2270244110421644
2184,face,FACE_440_438,440,438,2.222537262137596
2185,face,FACE_372_340,372,340,2.79096316175638
2186,face,FACE_243_189,243,189,2.8092856445256675
2187,face,FACE_90_96,90,96,2.179468815390316
2188,face,FACE_419_6,419,6,4.982388305131989
2189,face,FACE_323_447,323,447,8.472281984383677
2190,face,FACE_9_108,9,108,12.364196324916282
2191,face,FACE_289_305,289,305,0.8992371107553965
2192,face,FACE_216_92,216,92,6.848111998705405
2193,face,FACE_433_435,433,435,3.3411419919130716
2194,face,FACE_212_207,212,207,8.531589251167194
2195,face,FACE_411_416,411,416,7.691142250064845
2196,face,FACE_130_25,130,25,1.7883285677152683
2197,face,FACE_129_209,129,209,4.382400820828814
2198,face,FACE_441_295,441,295,6.15292488783762
2199,face,FACE_392_439,392,439,1.1352875848844952
2200,face,FACE_91_182,91,182,5.403293830782289
2201,face,FACE_331_279,331,279,1.305426695025588
2202,face,FACE_270_269,270,269,2.0025875882218496
2203,face,FACE_329_355,329,355,2.2372645418749695
2204,face,FACE_295_442,295,442,2.555312868276481
2205,face,FACE_241_242,241,242,0.9049205013706445
2206,face,FACE_301_293,301,293,2.4001031482186295
2207,face,FACE_18_313,18,313,3.4418045584297485
2208,face,FACE_93_227,93,227,9.352433562167219
2209,face,FACE_399_419,399,419,2.1340572635121404
2210,face,FACE_419_248,419,248,2.7745565175252396
2211,face,FACE_303_302,303,302,2.475352037087262
2212,face,FACE_274_275,274,275,3.0212736930998205
2213,face,FACE_41_73,41,73,0.7757357973331415
2214,face,FACE_252_256,252,256,2.3492847304824793
2215,face,FACE_37_39,37,39,5.000424862919388
2216,face,FACE_304_303,304,303,1.7516604465510877
2217,face,FACE_156_139,156,139,5.338383844839809
2218,face,FACE_296_299,296,299,6.934338299380006
2219,face,FACE_351_6,351,6,2.426620048884391
2220,face,FACE_242_99,242,99,3.3105267119082082
2221,face,FACE_188_128,188,128,3.0961650512052334
2222,face,FACE_467_446,467,446,2.7605747341069713
2223,face,FACE_371_329,371,329,3.1311334909392428
2224,face,FACE_337_336,337,336,7.9566693657429495
2225,face,FACE_402_316,402,316,1.970008047077482
2226,face,FACE_235_59,235,59,1.4152753417920954
2227,face,FACE_67_103,67,103,9.956890243284297
2228,face,FACE_125_44,125,44,1.7620536869351717
2229,face,FACE_56_173,56,173,2.9144890620980957
2230,face,FACE_145_22,145,22,3.286841349170241
2231,face,FACE_464_413,464,413,2.744545282908552
2232,face,FACE_190_173,190,173,1.7911083950971647
2233,face,FACE_267_393,267,393,3.545594294986438
2234,face,FACE_319_403,319,403,1.6374346596196838
2235,face,FACE_72_37,72,37,1.7175612491940553
2236,face,FACE_232_26,232,26,1.8050178613501684
2237,face,FACE_292_306,292,306,0.7205278780256769
2238,face,FACE_403_402,403,402,0.6878271284532407
2239,face,FACE_320_404,320,404,1.8967560139666748
2240,face,FACE_360_440,360,440,1.1552257076633692
2241,face,FACE_441_285,441,285,2.2469382486980343
2242,face,FACE_368_301,368,301,4.846192431064742
2243,face,FACE_425_426,425,426,4.455151285043008
2244,face,FACE_2_94,2,94,1.1947963358231348
2245,face,FACE_341_463,341,463,1.3059685281997595
2246,face,FACE_208_199,208,199,6.448682167862013
2247,face,FACE_215_58,215,58,4.630491469689256
2248,face,FACE_407_408,407,408,0.9805120450338022
2249,face,FACE_101_36,101,36,4.516728562992004
2250,face,FACE_455_305,455,305,1.7665681299426237
2251,face,FACE_400_369,400,369,3.5495742365383647
2252,face,FACE_126_129,126,129,6.1144423176819505
2253,face,FACE_233_112,233,112,1.9314847315709907
2254,face,FACE_412_343,412,343,2.6470819128820997
2255,face,FACE_458_459,458,459,1.731270799677717
2256,face,FACE_63_46,63,46,4.487931934221003
2257,face,FACE_135_214,135,214,7.6790601924498665
2258,face,FACE_421_428,421,428,4.7806845786674055
2259,face,FACE_86_178,86,178,3.578631366363468
2260,face,FACE_449_346,449,346,5.408962058720648
2261,face,FACE_301_368,301,368,4.846192431064742
2262,face,FACE_137_116,137,116,10.310335718653748
2263,face,FACE_450_347,450,347,6.28529048639033
2264,face,FACE_237_239,237,239,0.8412255238772749
2265,face,FACE_83_181,83,181,5.825735960631345
2266,face,FACE_170_149,170,149,4.163346626774545
2267,face,FACE_243_133,243,133,1.3744332892998705
2268,face,FACE_384_258,384,258,3.3766894812567356
2269,face,FACE_370_94,370,94,1.0519870198306498
2270,face,FACE_208_32,208,32,6.54320946662279
2271,face,FACE_40_39,40,39,3.8519883058556506
2272,face,FACE_155_26,155,26,1.6850058630045301
2273,face,FACE_207_216,207,216,5.348593057806361
2274,face,FACE_213_147,213,147,5.711501894084451
2275,face,FACE_453_357,453,357,0.8620693532425526
2276,face,FACE_11_12,11,12,1.0456362946743682
2277,face,FACE_71_63,71,63,9.93087236899304
2278,face,FACE_290_250,290,250,1.0999144531262148
2279,face,FACE_128_188,128,188,3.0961650512052334
2280,face,FACE_409_287,409,287,3.071356674665406
2281,face,FACE_268_311,268,311,1.2857931778262455
2282,face,FACE_334_293,334,293,3.842547964717755
2283,face,FACE_440_274,440,274,3.045568190078436
2284,face,FACE_44_45,44,45,3.0308353377037824
2285,face,FACE_98_165,98,165,4.534316287408571
2286,face,FACE_304_270,304,270,1.1364006220808067
2287,face,FACE_22_26,22,26,2.6111123310944793
2288,face,FACE_455_439,455,439,0.8735715718572631
2289,face,FACE_74_73,74,73,3.4891498580071794
2290,face,FACE_66_69,66,69,7.665586148615427
2291,face,FACE_31_111,31,111,4.540554995488307
2292,face,FACE_131_198,131,198,2.3657544758044198
2293,face,FACE_184_61,184,61,2.2443431090187147
2294,face,FACE_28_222,28,222,1.6208203103556227
2295,face,FACE_410_287,410,287,2.693882627774881
2296,face,FACE_436_425,436,425,7.0458859783982914
2297,face,FACE_409_408,409,408,0.9014763175089029
2298,face,FACE_223_52,223,52,2.7669313429538005
2299,face,FACE_428_421,428,421,4.7806845786674055
2300,face,FACE_376_411,376,411,1.9418604470419691
2301,face,FACE_141_19,141,19,2.111347852742927
2302,face,FACE_144_24,144,24,1.8777544772654802
2303,face,FACE_123_50,123,50,10.07512753144805
2304,face,FACE_142_100,142,100,3.4715480675944157
2305,face,FACE_442_441,442,441,4.44569327853021
2306,face,FACE_421_418,421,418,3.813137685749107
2307,face,FACE_448_255,448,255,2.9775790052681734
2308,face,FACE_138_215,138,215,7.19630300178101
2309,face,FACE_443_442,443,442,3.6881850473240365
2310,face,FACE_62_76,62,76,0.4917404033083984
2311,face,FACE_355_329,355,329,2.2372645418749695
2312,face,FACE_375_307,375,307,0.9003322558513676
2313,face,FACE_227_143,227,143,9.422071361196693
2314,face,FACE_20_79,20,79,3.3154429812502366
2315,face,FACE_39_92,39,92,6.48330556690295
2316,face,FACE_24_229,24,229,2.9027623037727768
2317,face,FACE_250_392,250,392,3.5689541937143194
2318,face,FACE_219_59,219,59,1.256100421666158
2319,face,FACE_36_203,36,203,4.419081247015825
2320,face,FACE_223_29,223,29,3.5311284035401203
2321,face,FACE_209_131,209,131,2.5863486112891767
2322,face,FACE_328_460,328,460,2.5454280843204793
2323,face,FACE_206_205,206,205,5.5720082852406465
2324,face,FACE_347_330,347,330,4.228700888921741
2325,face,FACE_306_292,306,292,0.7205278780256769
2326,face,FACE_2_326,2,326,3.2346828791975106
2327,face,FACE_184_74,184,74,3.051454195176876
2328,face,FACE_457_461,457,461,2.809806160135363
2329,face,FACE_228_229,228,229,3.772535703923862
2330,face,FACE_368_389,368,389,0.9549787578959124
2331,face,FACE_239_238,239,238,1.8943153001342916
2332,face,FACE_85_180,85,180,3.870928676917765
2333,face,FACE_137_227,137,227,6.8758484229723065
2334,face,FACE_171_140,171,140,6.791374174469812
2335,face,FACE_210_211,210,211,6.200080914675654
2336,face,FACE_138_192,138,192,6.670951000843861
2337,face,FACE_77_96,77,96,0.6917904249456257
2338,face,FACE_458_462,458,462,1.41382097956579
2339,face,FACE_344_440,344,440,1.3462112005383815
2340,face,FACE_11_267,11,267,4.07996753960154
2341,face,FACE_242_20,242,20,0.9392163827787448
2342,face,FACE_126_217,126,217,3.37316492992444
2343,face,FACE_243_244,243,244,2.1588325162670268
2344,face,FACE_324_318,324,318,0.9603417526025103
2345,face,FACE_211_32,211,32,5.924182001964407
2346,face,FACE_55_193,55,193,4.123450269031369
2347,face,FACE_395_378,395,378,4.208796788262587
2348,face,FACE_202_212,202,212,4.8359988374199085
2349,face,FACE_360_420,360,420,2.8667132926409304
2350,face,FACE_325_319,325,319,1.1554873191659083
2351,face,FACE_457_438,457,438,0.9631611530683087
2352,face,FACE_40_186,40,186,5.869712025143683
2353,face,FACE_276_283,276,283,2.7517225517031596
2354,face,FACE_294_331,294,331,1.5104817824364862
2355,face,FACE_242_141,242,141,1.156759004310793
2356,face,FACE_187_205,187,205,9.994440429458884
2357,face,FACE_396_199,396,199,6.379293801157285
2358,face,FACE_268_13,268,13,3.4457858610996217
2359,face,FACE_292_407,292,407,0.6914268959840092
2360,face,FACE_298_301,298,301,4.8349914473901885
2361,face,FACE_404_319,404,319,1.7257542159023738
2362,face,FACE_9_55,9,55,6.608801686992089
2363,face,FACE_370_326,370,326,1.7047714591296133
2364,face,FACE_68_104,68,104,7.498039583027112
2365,face,FACE_281_248,281,248,3.132868708034508
2366,face,FACE_230_23,230,23,2.252522402629214
2367,face,FACE_74_184,74,184,3.051454195176876
2368,face,FACE_320_325,320,325,0.9837132619671284
2369,face,FACE_141_94,141,94,1.2447821496272526
2370,face,FACE_60_20,60,20,3.0875396438182334
2371,face,FACE_97_167,97,167,2.35252225126782
2372,face,FACE_104_63,104,63,7.652335533072582
2373,face,FACE_283_443,283,443,4.933102357054798
2374,face,FACE_69_105,69,105,8.519314560256806
2375,face,FACE_300_383,300,383,3.6858155112477906
2376,face,FACE_48_131,48,131,3.785831436570755
2377,face,FACE_401_435,401,435,5.968782115051748
2378,face,FACE_74_40,74,40,1.1181263821578105
2379,face,FACE_258_386,258,386,2.5599447493662995
2380,face,FACE_86_14,86,14,3.400088968264099
2381,face,FACE_364_367,364,367,4.101863251134151
2382,face,FACE_432_422,432,422,4.339960700816323
2383,face,FACE_424_418,424,418,3.5291579175410974
2384,face,FACE_177_132,177,132,4.350087922490261
2385,face,FACE_282_334,282,334,2.537935873619434
2386,face,FACE_329_266,329,266,6.423405572904841
2387,face,FACE_394_395,394,395,3.9480214834719076
2388,face,FACE_372_264,372,264,0.8091646287214229
2389,face,FACE_430_434,430,434,6.345370025974187
2390,face,FACE_117_123,117,123,10.177477028736533
2391,face,FACE_88_96,88,96,2.681120894158563
2392,face,FACE_180_179,180,179,0.9973811271308473
2393,face,FACE_406_405,406,405,3.7817517442350415
2394,face,FACE_45_134,45,134,4.485958818779455
2395,face,FACE_53_223,53,223,6.578331415322084
2396,face,FACE_91_106,91,106,4.061512673809179
2397,face,FACE_271_302,271,302,1.9242954383046917
2398,face,FACE_283_276,283,276,2.7517225517031596
2399,face,FACE_76_62,76,62,0.4917404033083984
2400,face,FACE_236_51,236,51,3.9148888418003494
2401,face,FACE_96_77,96,77,0.6917904249456257
2402,face,FACE_8_193,8,193,5.154886626273134
2403,face,FACE_247_246,247,246,2.1953001463812707
2404,face,FACE_368_356,368,356,6.440628463029507
2405,face,FACE_100_47,100,47,3.8564941661284062
2406,face,FACE_279_278,279,278,1.5937956938623725
2407,face,FACE_452_349,452,349,4.2031702513588876
2408,face,FACE_379_365,379,365,4.39349002875766
2409,face,FACE_38_72,38,72,1.1234982545809749
2410,face,FACE_399_343,399,343,0.4486574865036563
2411,face,FACE_257_259,257,259,2.482604588391378
2412,face,FACE_377_175,377,175,5.319574553346064
2413,face,FACE_249_255,249,255,1.4042290957752062
2414,face,FACE_354_457,354,457,3.3878475885148647
2415,face,FACE_239_241,239,241,2.7584321107487533
2416,face,FACE_312_311,312,311,2.079924716266666
2417,face,FACE_150_169,150,169,4.808702637359767
2418,face,FACE_157_28,157,28,3.0924959917176422
2419,face,FACE_182_201,182,201,6.553686533371433
2420,face,FACE_19_94,19,94,1.122381834128096
2421,face,FACE_39_72,39,72,4.879174907508914
2422,face,FACE_4_51,4,51,4.979681966310083
2423,face,FACE_97_242,97,242,2.967022968126477
2424,face,FACE_290_328,290,328,0.765381327154757
2425,face,FACE_336_295,336,295,5.455421528130134
2426,face,FACE_194_211,194,211,7.192462461597001
2427,face,FACE_293_333,293,333,7.456715863289911
2428,face,FACE_340_265,340,265,3.414795988091185
2429,face,FACE_25_110,25,110,1.9387528416121826
2430,face,FACE_291_409,291,409,0.8662297032745441
2431,face,FACE_445_467,445,467,2.218714844498819
2432,face,FACE_366_323,366,323,3.3697592700478025
2433,face,FACE_46_53,46,53,4.857508447347204
2434,face,FACE_278_439,278,439,1.1705771228721205
2435,face,FACE_65_66,65,66,2.6787066162024256
2436,face,FACE_430_424,430,424,4.3467668081389
2437,face,FACE_68_71,68,71,7.136621090114717
2438,face,FACE_5_51,5,51,2.7602440081307393
2439,face,FACE_30_224,30,224,2.698837759252321
2440,face,FACE_186_212,186,212,6.577222193514329
2441,face,FACE_138_172,138,172,4.846946984394879
2442,face,FACE_98_99,98,99,5.5615460023105765
2443,face,FACE_85_16,85,16,3.634839159321343
2444,face,FACE_431_424,431,424,3.5821655472183433
2445,face,FACE_244_189,244,189,2.781749952289847
2446,face,FACE_290_305,290,305,1.3842147452603355
2447,face,FACE_454_264,454,264,7.739041858730227
2448,face,FACE_373_339,373,339,2.498548929150284
2449,face,FACE_240_75,240,75,1.5575724079138786
2450,face,FACE_445_444,445,444,2.152076319937494
2451,face,FACE_112_155,112,155,1.2757066565115551
2452,face,FACE_392_438,392,438,1.0723142588808259
2453,face,FACE_135_138,135,138,6.784658042284434
2454,face,FACE_216_212,216,212,6.071915232435368
2455,face,FACE_122_168,122,168,4.092751930042234
2456,face,FACE_26_231,26,231,3.27153968352685
2457,face,FACE_129_64,129,64,2.140429933079638
2458,face,FACE_446_265,446,265,2.1696415124846204
2459,face,FACE_203_129,203,129,3.853256428969445
2460,face,FACE_143_227,143,227,9.422071361196693
2461,face,FACE_457_274,457,274,1.3356461473653687
2462,face,FACE_220_218,220,218,3.025381150837647
2463,face,FACE_18_83,18,83,4.074183782890822
2464,face,FACE_357_452,357,452,1.5466910205069628
2465,face,FACE_277_343,277,343,2.5765615240676856
2466,face,FACE_270_304,270,304,1.1364006220808067
2467,face,FACE_261_255,261,255,2.7753260650370204
2468,face,FACE_41_72,41,72,4.084747739609566
2469,face,FACE_393_2,393,2,4.104280306482631
2470,face,FACE_231_232,231,232,3.158012061154869
2471,face,FACE_16_15,16,15,1.2802630069230123
2472,face,FACE_261_340,261,340,3.349228606873429
2473,face,FACE_448_346,448,346,3.7829457815641394
2474,face,FACE_381_256,381,256,1.3330837593022917
2475,face,FACE_467_445,467,445,2.218714844498819
2476,face,FACE_393_267,393,267,3.545594294986438
2477,face,FACE_17_16,17,16,1.7442328417817978
2478,face,FACE_262_421,262,421,5.689246882587921
2479,face,FACE_296_334,296,334,4.716151441123578
2480,face,FACE_49_48,49,48,1.6544594839185518
2481,face,FACE_297_299,297,299,5.850734642376157
2482,face,FACE_182_83,182,83,4.698122129950706
2483,face,FACE_227_234,227,234,4.491876745452994
2484,face,FACE_201_182,201,182,6.553686533371433
2485,face,FACE_374_253,374,253,1.6032896137058776
2486,face,FACE_27_29,27,29,3.1717123972075294
2487,face,FACE_403_316,403,316,2.2934763311598063
2488,face,FACE_148_175,148,175,8.385816492219975
2489,face,FACE_213_192,213,192,5.208892058039142
2490,face,FACE_219_235,219,235,0.8778934349090054
2491,face,FACE_63_104,63,104,7.652335533072582
2492,face,FACE_104_105,104,105,6.942547507545599
2493,face,FACE_256_382,256,382,1.795207875509509
2494,face,FACE_128_233,128,233,1.6051058385512842
2495,face,FACE_302_269,302,269,3.5247551796403287
2496,face,FACE_293_300,293,300,3.2059829590446487
2497,face,FACE_59_219,59,219,1.256100421666158
2498,face,FACE_465_412,465,412,1.8652348092631466
2499,face,FACE_423_266,423,266,3.896773642628066
2500,face,FACE_260_388,260,388,1.6804612384967923
2501,face,FACE_307_320,307,320,1.3048672371175405
2502,face,FACE_113_226,113,226,2.8233124389494435
2503,face,FACE_51_134,51,134,3.427670477430353
2504,face,FACE_446_255,446,255,2.309156061050773
2505,face,FACE_47_100,47,100,3.8564941661284062
2506,face,FACE_147_187,147,187,6.124948104886414
2507,face,FACE_460_455,460,455,1.285957112942389
2508,face,FACE_151_337,151,337,7.095547712019881
2509,face,FACE_165_92,165,92,4.036560162211243
2510,face,FACE_263_255,263,255,1.5371853482689828
2511,face,FACE_182_181,182,181,4.442328038201674
2512,face,FACE_442_257,442,257,2.938400468898215
2513,face,FACE_389_251,389,251,5.824949004215332
2514,face,FACE_60_75,60,75,2.1353952715471944
2515,face,FACE_57_186,57,186,3.2937436771500765
2516,face,FACE_258_441,258,441,4.055779361835424
2517,face,FACE_413_464,413,464,2.744545282908552
2518,face,FACE_339_249,339,249,1.90791184579159
2519,face,FACE_131_220,131,220,4.0866309734017205
2520,face,FACE_376_433,376,433,5.320445970691828
2521,face,FACE_235_48,235,48,1.9018797539542842
2522,face,FACE_112_243,112,243,1.3739280052348584
2523,face,FACE_312_268,312,268,0.8430052389834438
2524,face,FACE_84_181,84,181,3.919053943798129
2525,face,FACE_238_239,238,239,1.8943153001342916
2526,face,FACE_102_49,102,49,1.716363693569143
2527,face,FACE_456_281,456,281,1.394794033619313
2528,face,FACE_40_74,40,74,1.1181263821578105
2529,face,FACE_352_340,352,340,8.61260524440736
2530,face,FACE_299_334,299,334,8.349081989724363
2531,face,FACE_31_25,31,25,3.6740309559481874
2532,face,FACE_212_186,212,186,6.577222193514329
2533,face,FACE_271_272,271,272,1.5782487530994493
2534,face,FACE_425_330,425,330,7.755475113355848
2535,face,FACE_51_3,51,3,3.081058381591085
2536,face,FACE_303_304,303,304,1.7516604465510877
2537,face,FACE_314_313,314,313,4.2877398423790645
2538,face,FACE_254_448,254,448,4.213533719439593
2539,face,FACE_360_429,360,429,0.8677637191421601
2540,face,FACE_316_14,316,14,3.069098815586822
2541,face,FACE_180_90,180,90,3.511096151300999
2542,face,FACE_233_245,233,245,3.4232235821923207
2543,face,FACE_295_336,295,336,5.455421528130134
2544,face,FACE_336_337,336,337,7.9566693657429495
2545,face,FACE_101_205,101,205,8.066492794248212
2546,face,FACE_28_221,28,221,5.519694407175093
2547,face,FACE_315_314,315,314,1.8111146251873624
2548,face,FACE_341_452,341,452,2.471877646465117
2549,face,FACE_67_69,67,69,7.205243376812422
2550,face,FACE_318_325,318,325,1.6237169057092244
2551,face,FACE_144_23,144,23,3.189491055775837
2552,face,FACE_337_338,337,338,6.840958456824941
2553,face,FACE_348_347,348,347,4.769329308861905
2554,face,FACE_275_363,275,363,2.3918456713517284
2555,face,FACE_147_177,147,177,6.207075047055303
2556,face,FACE_181_90,181,90,3.8040779601847556
2557,face,FACE_366_401,366,401,6.527709324351555
2558,face,FACE_218_237,218,237,3.052390366406077
2559,face,FACE_63_71,63,71,9.93087236899304
2560,face,FACE_338_10,338,10,8.197894419672984
2561,face,FACE_402_403,402,403,0.6878271284532407
2562,face,FACE_375_306,375,306,1.1329146577409726
2563,face,FACE_72_39,72,39,4.879174907508914
2564,face,FACE_24_228,24,228,5.71396705901523
2565,face,FACE_292_308,292,308,0.5101450202954819
2566,face,FACE_403_404,403,404,1.0632995740356972
2567,face,FACE_61_146,61,146,2.1973852238743024
2568,face,FACE_369_262,369,262,3.9082533744308523
2569,face,FACE_395_400,395,400,7.414144439901218
2570,face,FACE_165_203,165,203,6.005820036052757
2571,face,FACE_430_394,430,394,4.27487346288918
2572,face,FACE_75_166,75,166,1.1133661194025892
2573,face,FACE_110_7,110,7,2.0480458232136445
2574,face,FACE_281_5,281,5,2.2270244110421644
2575,face,FACE_207_205,207,205,6.651466064827784
2576,face,FACE_112_233,112,233,1.9314847315709907
2577,face,FACE_198_236,198,236,3.614743535934689
2578,face,FACE_227_34,227,34,6.685906604394833
2579,face,FACE_458_461,458,461,0.25138419472471357
2580,face,FACE_129_142,129,142,3.8386347870690294
2581,face,FACE_334_282,334,282,2.537935873619434
2582,face,FACE_201_18,201,18,6.787946990315453
2583,face,FACE_33_25,33,25,1.7453787577918862
2584,face,FACE_166_60,166,60,2.840361666229618
2585,face,FACE_251_284,251,284,5.809674180362552
2586,face,FACE_226_111,226,111,5.533902120651951
2587,face,FACE_169_214,169,214,11.045619940670315
2588,face,FACE_325_318,325,318,1.6237169057092244
2589,face,FACE_450_349,450,349,3.1540851584520504
2590,face,FACE_40_185,40,185,3.042164129001851
