id,category,mediapipe_length_desc,from_landmark_index,to_landmark_index,pixel_length,length_m,ratio,alt_m,notes
0,pose,POSE_15_21,15,21,39.68588899749376
1,pose,POSE_16_20,16,20,94.04691918507245
2,pose,POSE_18_20,18,20,49.64057535573827
3,pose,POSE_3_7,3,7,19.69905901318989
4,pose,POSE_14_16,14,16,289.0068749586632
5,pose,POSE_23_25,23,25,397.48011733130625
6,pose,POSE_28_30,28,30,21.61034575224022
7,pose,POSE_11_23,11,23,586.678069654325
8,pose,POSE_27_31,27,31,191.23246417216518
9,pose,POSE_6_8,6,8,31.891953926619507
10,pose,POSE_15_17,15,17,76.32971020617609
11,pose,POSE_24_26,24,26,441.1023191260484
12,pose,POSE_16_22,16,22,76.66812380159391
13,pose,POSE_4_5,4,5,14.77054417270891
14,pose,POSE_5_6,5,6,17.297494431577473
15,pose,POSE_29_31,29,31,188.86448935630287
16,pose,POSE_12_24,12,24,620.1588456039897
17,pose,POSE_23_24,23,24,205.21115775508576
18,pose,POSE_0_1,0,1,42.21242502044635
19,pose,POSE_9_10,9,10,50.02622792894319
20,pose,POSE_1_2,1,2,15.117122517292744
21,pose,POSE_0_4,0,4,53.2328656173125
22,pose,POSE_11_13,11,13,272.0797541096889
23,pose,POSE_30_32,30,32,168.15994589394265
24,pose,POSE_28_32,28,32,186.31274433482307
25,pose,POSE_15_19,15,19,63.05518735504649
26,pose,POSE_16_18,16,18,92.6269546006137
27,pose,POSE_25_27,25,27,272.1530341259145
28,pose,POSE_26_28,26,28,330.32060989658004
29,pose,POSE_12_14,12,14,342.81120901084347
30,pose,POSE_17_19,17,19,17.30492393065292
31,pose,POSE_2_3,2,3,12.597398930589508
32,pose,POSE_11_12,11,12,362.548439513486
33,pose,POSE_27_29,27,29,62.90460748430654
34,pose,POSE_13_15,13,15,262.06970298472714
35,face,FACE_18_17,18,17,9.95715939432051
36,face,FACE_82_38,82,38,0.7247333871577473
37,face,FACE_8_9,8,9,9.554251983738853
38,face,FACE_456_248,456,248,6.656834290720983
39,face,FACE_167_2,167,2,13.866664330524545
40,face,FACE_303_271,303,271,3.0579256698337582
41,face,FACE_69_104,69,104,20.522473373038736
42,face,FACE_253_450,253,450,5.4483959993683415
43,face,FACE_41_42,41,42,7.572943678592318
44,face,FACE_315_16,315,16,10.99663815692132
45,face,FACE_73_74,73,74,8.373144855140373
46,face,FACE_339_373,339,373,8.35625332667883
47,face,FACE_258_385,258,385,5.821125960976451
48,face,FACE_105_63,105,63,15.592425004451384
49,face,FACE_219_48,219,48,3.775182896944754
50,face,FACE_304_272,304,272,3.2559182796818646
51,face,FACE_236_217,236,217,6.9270641734324006
52,face,FACE_231_22,231,22,4.733368230313056
53,face,FACE_85_84,85,84,4.775799507925763
54,face,FACE_365_367,365,367,24.91445453903029
55,face,FACE_237_218,237,218,7.122520504500265
56,face,FACE_243_112,243,112,3.1529120964864266
57,face,FACE_436_427,436,427,9.765740602068401
58,face,FACE_409_410,409,410,6.504242260004197
59,face,FACE_248_456,248,456,6.656834290720983
60,face,FACE_330_266,330,266,9.898539911732323
61,face,FACE_136_135,136,135,13.411888812297907
62,face,FACE_88_95,88,95,5.6650742969960435
63,face,FACE_394_430,394,430,12.965872734273145
64,face,FACE_107_108,107,108,23.87161497610686
65,face,FACE_118_117,118,117,11.22468931659531
66,face,FACE_439_438,439,438,5.411990955577569
67,face,FACE_442_443,442,443,9.739771977169488
68,face,FACE_260_466,260,466,4.995063485387675
69,face,FACE_115_48,115,48,7.274656610125126
70,face,FACE_342_276,342,276,8.14899110988571
71,face,FACE_121_128,121,128,7.189307452947554
72,face,FACE_200_421,200,421,13.88953918188352
73,face,FACE_113_124,113,124,7.590441212083471
74,face,FACE_132_137,132,137,25.446953025594986
75,face,FACE_23_230,23,230,5.734854760590738
76,face,FACE_343_357,343,357,4.0556561654917145
77,face,FACE_443_444,443,444,8.667841904504678
78,face,FACE_62_78,62,78,1.151585252970318
79,face,FACE_26_155,26,155,3.9102768319028764
80,face,FACE_228_110,228,110,8.203654957814393
81,face,FACE_432_434,432,434,9.828328354302045
82,face,FACE_364_379,364,379,26.04450652753084
83,face,FACE_325_308,325,308,4.661510126802983
84,face,FACE_424_430,424,430,12.611439256709305
85,face,FACE_36_205,36,205,16.72818838700599
86,face,FACE_363_420,363,420,3.280053379113318
87,face,FACE_21_162,21,162,16.969989666521105
88,face,FACE_328_462,328,462,5.8371744440584585
89,face,FACE_419_351,419,351,7.027052834089017
90,face,FACE_366_345,366,345,23.0705296669204
91,face,FACE_193_8,193,8,12.084340161992355
92,face,FACE_363_456,363,456,6.856352716952167
93,face,FACE_183_80,183,80,8.115833644216291
94,face,FACE_307_375,307,375,2.2563242560718613
95,face,FACE_94_2,94,2,1.7543987053501457
96,face,FACE_333_284,333,284,16.997183146712562
97,face,FACE_17_313,17,313,14.780020310896624
98,face,FACE_185_40,185,40,6.9601256002754415
99,face,FACE_44_1,44,1,6.782772194529239
100,face,FACE_291_287,291,287,5.5638840011496
101,face,FACE_411_352,411,352,18.574684435508946
102,face,FACE_20_238,20,238,1.1174606834694225
103,face,FACE_59_166,59,166,1.0273612079121466
104,face,FACE_272_310,272,310,1.915305878236217
105,face,FACE_420_437,420,437,6.239940857194513
106,face,FACE_387_260,387,260,7.837417278418982
107,face,FACE_130_226,130,226,6.975520175478911
108,face,FACE_51_45,51,45,9.010451025258241
109,face,FACE_175_377,175,377,16.686983151342393
110,face,FACE_202_214,202,214,19.41780418129948
111,face,FACE_353_383,353,383,5.230759765466279
112,face,FACE_339_448,339,448,7.588640177458041
113,face,FACE_291_408,291,408,5.334405965014377
114,face,FACE_466_260,466,260,4.995063485387675
115,face,FACE_264_454,264,454,20.34695329670978
116,face,FACE_457_440,457,440,5.991909401470948
117,face,FACE_355_429,355,429,5.113882457806267
118,face,FACE_96_89,96,89,6.777559842744528
119,face,FACE_128_121,128,121,7.189307452947554
120,face,FACE_187_207,187,207,12.663612776142042
121,face,FACE_360_278,360,278,9.062888464079666
122,face,FACE_306_307,306,307,6.505654341745463
123,face,FACE_446_467,446,467,8.159227009364189
124,face,FACE_165_39,165,39,9.00168155556149
125,face,FACE_337_151,337,151,19.346096824495774
126,face,FACE_168_193,168,193,10.13750292914273
127,face,FACE_73_41,73,41,2.680718356117776
128,face,FACE_318_403,318,403,5.931465630336281
129,face,FACE_263_467,263,467,3.6142041687327535
130,face,FACE_283_445,283,445,7.418857106292908
131,face,FACE_74_42,74,42,2.987142915366578
132,face,FACE_201_83,201,83,9.901400784889795
133,face,FACE_65_222,65,222,6.124046375133444
134,face,FACE_37_11,37,11,13.619565786514766
135,face,FACE_429_355,429,355,5.113882457806267
136,face,FACE_272_408,272,408,8.2979429227008
137,face,FACE_179_180,179,180,3.0085430245171874
138,face,FACE_100_36,100,36,16.174497457365575
139,face,FACE_158_157,158,157,6.0024866905198975
140,face,FACE_438_440,438,440,6.444415287825425
141,face,FACE_358_331,358,331,0.6413943135566318
142,face,FACE_281_456,281,456,5.141966708631549
143,face,FACE_136_138,136,138,25.97868823211274
144,face,FACE_314_404,314,404,11.572249066710057
145,face,FACE_417_8,417,8,11.632706637355229
146,face,FACE_34_127,34,127,5.805115454089779
147,face,FACE_367_416,367,416,15.801287923035709
148,face,FACE_180_181,180,181,4.299391917210044
149,face,FACE_426_322,426,322,8.829934779664505
150,face,FACE_419_197,419,197,6.781419388358951
151,face,FACE_457_309,457,309,2.8851190515299647
152,face,FACE_215_138,215,138,16.685909579884996
153,face,FACE_242_241,242,241,1.7510606282682475
154,face,FACE_33_247,33,247,3.822276375682595
155,face,FACE_53_225,53,225,7.803712817936661
156,face,FACE_126_209,126,209,5.1352341212367785
157,face,FACE_467_359,467,359,3.4755652476219505
158,face,FACE_224_223,224,223,10.03006192424751
159,face,FACE_271_304,271,304,9.101517497045323
160,face,FACE_97_2,97,2,11.917193243585103
161,face,FACE_183_191,183,191,1.8190349761298263
162,face,FACE_202_204,202,204,14.165308965620998
163,face,FACE_95_78,95,78,7.77904271638627
164,face,FACE_246_247,246,247,5.903337172794192
165,face,FACE_177_147,177,147,11.775260038266541
166,face,FACE_357_343,357,343,4.0556561654917145
167,face,FACE_65_55,65,55,18.945477217860077
168,face,FACE_116_137,116,137,24.61933921722744
169,face,FACE_135_150,135,150,27.422198178061223
170,face,FACE_382_256,382,256,3.9356935954721197
171,face,FACE_199_171,199,171,20.12505288709987
172,face,FACE_298_293,298,293,12.111236840206919
173,face,FACE_16_315,16,315,10.99663815692132
174,face,FACE_204_106,204,106,9.530512071759025
175,face,FACE_149_170,149,170,11.247998872392971
176,face,FACE_150_135,150,135,27.422198178061223
177,face,FACE_403_315,403,315,9.731761108767191
178,face,FACE_61_57,61,57,6.338016110157852
179,face,FACE_205_187,205,187,22.184587958347254
180,face,FACE_44_4,44,4,10.521563374618001
181,face,FACE_358_429,358,429,10.156994822498188
182,face,FACE_277_355,277,355,6.573768774229338
183,face,FACE_438_309,438,309,2.9276072834345266
184,face,FACE_42_80,42,80,1.1771960962969739
185,face,FACE_236_174,236,174,6.20585940608888
186,face,FACE_128_232,128,232,7.451675544551723
187,face,FACE_302_268,302,268,2.983526934131559
188,face,FACE_313_314,313,314,10.06838842517355
189,face,FACE_240_64,240,64,6.329846909142707
190,face,FACE_291_375,291,375,7.522087018308879
191,face,FACE_260_387,260,387,7.837417278418982
192,face,FACE_113_225,113,225,7.088563995999837
193,face,FACE_107_65,107,65,16.75165475081344
194,face,FACE_247_225,247,225,5.367114595052122
195,face,FACE_346_347,346,347,8.819935629284998
196,face,FACE_44_125,44,125,4.946917111223446
197,face,FACE_378_379,378,379,11.144618270173025
198,face,FACE_466_263,466,263,2.2830843967464554
199,face,FACE_250_459,250,459,6.124231065917252
200,face,FACE_50_205,50,205,15.280453589316263
201,face,FACE_111_35,111,35,7.711801431029129
202,face,FACE_76_77,76,77,7.382033225947256
203,face,FACE_122_193,122,193,7.657828494948099
204,face,FACE_209_198,209,198,7.282771233706204
205,face,FACE_201_194,201,194,15.050352405951626
206,face,FACE_408_407,408,407,2.7714235098476245
207,face,FACE_285_336,285,336,10.489584193524598
208,face,FACE_2_393,2,393,12.941432640662969
209,face,FACE_243_190,243,190,3.965640240399311
210,face,FACE_336_9,336,9,15.508941091623846
211,face,FACE_234_227,234,227,5.780122451860545
212,face,FACE_293_276,293,276,10.260864962491967
213,face,FACE_221_28,221,28,13.735045322376093
214,face,FACE_57_185,57,185,10.30130749945286
215,face,FACE_217_174,217,174,7.842581891611699
216,face,FACE_131_134,131,134,9.16278851588923
217,face,FACE_344_278,344,278,5.632262323888036
218,face,FACE_343_399,343,399,3.6527373357830255
219,face,FACE_28_158,28,158,5.907001231980534
220,face,FACE_128_245,128,245,6.956531483922688
221,face,FACE_463_464,463,464,3.7519194484434895
222,face,FACE_443_257,443,257,4.444137242119523
223,face,FACE_394_364,394,364,14.188049992609306
224,face,FACE_164_167,164,167,13.041532462385899
225,face,FACE_10_109,10,109,24.303021981872913
226,face,FACE_196_236,196,236,11.625477086501409
227,face,FACE_429_358,429,358,10.156994822498188
228,face,FACE_174_217,174,217,7.842581891611699
229,face,FACE_452_341,452,341,5.743244762189732
230,face,FACE_2_370,2,370,4.297727194184845
231,face,FACE_84_180,84,180,12.521874631065097
232,face,FACE_320_307,320,307,6.5461146402767705
233,face,FACE_0_37,0,37,12.90680718785048
234,face,FACE_250_328,250,328,4.6290954537779925
235,face,FACE_101_119,101,119,7.566985098048166
236,face,FACE_41_74,41,74,9.987418772302817
237,face,FACE_399_456,399,456,6.1264666798628875
238,face,FACE_13_12,13,12,0.7759791756190222
239,face,FACE_218_115,218,115,4.646072624539592
240,face,FACE_343_412,343,412,7.358913015945377
241,face,FACE_16_17,16,17,4.727977470591406
242,face,FACE_55_8,55,8,14.086177017765973
243,face,FACE_107_55,107,55,10.760813098500275
244,face,FACE_153_22,153,22,4.513453277001677
245,face,FACE_440_344,440,344,5.854481249288007
246,face,FACE_393_269,393,269,15.249387517375602
247,face,FACE_364_434,364,434,18.62296058513328
248,face,FACE_38_41,38,41,10.020289231482767
249,face,FACE_296_336,296,336,15.699000544744084
250,face,FACE_68_63,68,63,13.36572351902788
251,face,FACE_402_317,402,317,8.207925527821883
252,face,FACE_456_437,456,437,3.803235427563825
253,face,FACE_253_374,253,374,4.22308411238908
254,face,FACE_254_339,254,339,6.2226239781435595
255,face,FACE_67_104,67,104,24.535568073755044
256,face,FACE_392_309,392,309,4.453603089082873
257,face,FACE_145_23,145,23,4.574163850206339
258,face,FACE_63_70,63,70,12.457837101228344
259,face,FACE_403_318,403,318,5.931465630336281
260,face,FACE_127_234,127,234,18.873218298161497
261,face,FACE_415_292,415,292,6.151802700422341
262,face,FACE_54_21,54,21,18.428308700045786
263,face,FACE_168_6,168,6,5.964026785511543
264,face,FACE_72_38,72,38,2.838799907606332
265,face,FACE_204_194,204,194,13.32261489748186
266,face,FACE_83_84,83,84,10.311574078252557
267,face,FACE_282_293,282,293,14.685244080468971
268,face,FACE_302_271,302,271,8.37424034678573
269,face,FACE_120_231,120,231,4.8281890981002356
270,face,FACE_434_427,434,427,24.322960079975385
271,face,FACE_320_405,320,405,10.031858095831886
272,face,FACE_426_423,426,423,11.119972004932077
273,face,FACE_441_286,441,286,6.171081917052249
274,face,FACE_145_144,145,144,6.763274216947952
275,face,FACE_341_464,341,464,5.9813846584744805
276,face,FACE_208_200,208,200,20.01522151586528
277,face,FACE_250_462,250,462,1.9716525501514097
278,face,FACE_112_232,112,232,5.9405027241948885
279,face,FACE_258_286,258,286,6.339130795988556
280,face,FACE_418_424,418,424,11.657623296174927
281,face,FACE_160_159,160,159,6.276092350870062
282,face,FACE_286_384,286,384,5.053682270983479
283,face,FACE_421_200,421,200,13.88953918188352
284,face,FACE_274_1,274,1,6.382610249953662
285,face,FACE_200_201,200,201,14.963142939001877
286,face,FACE_166_59,166,59,1.0273612079121466
287,face,FACE_111_123,111,123,23.556767569321625
288,face,FACE_211_210,211,210,15.609141703101109
289,face,FACE_330_347,330,347,12.240717431718958
290,face,FACE_422_430,422,430,10.796079937701663
291,face,FACE_214_135,214,135,19.179119292228886
292,face,FACE_280_346,280,346,16.140666950709196
293,face,FACE_107_9,107,9,16.60541396381435
294,face,FACE_265_446,265,446,7.465539792028464
295,face,FACE_244_243,244,243,5.123446838619219
296,face,FACE_417_351,417,351,6.575503724015255
297,face,FACE_110_163,110,163,5.710407573517872
298,face,FACE_450_348,450,348,5.690034019160386
299,face,FACE_396_377,396,377,7.784736753050483
300,face,FACE_245_244,245,244,3.2275266264340083
301,face,FACE_83_182,83,182,13.51497860086917
302,face,FACE_8_417,8,417,11.632706637355229
303,face,FACE_451_349,451,349,4.351372581173645
304,face,FACE_203_98,203,98,11.53184934080385
305,face,FACE_376_435,376,435,25.37559413850026
306,face,FACE_101_50,101,50,22.322474620289505
307,face,FACE_345_447,345,447,8.181863510214141
308,face,FACE_412_357,412,357,4.054759105405547
309,face,FACE_238_241,238,241,1.871457836589701
310,face,FACE_90_77,90,77,7.619682426064369
311,face,FACE_369_395,369,395,12.567858800279776
312,face,FACE_276_353,276,353,7.736606900375037
313,face,FACE_253_449,253,449,12.973204649185309
314,face,FACE_359_467,359,467,3.4755652476219505
315,face,FACE_279_358,279,358,4.133948980687741
316,face,FACE_315_15,315,15,11.382779921845858
317,face,FACE_433_416,433,416,9.932919428744283
318,face,FACE_299_336,299,336,28.436796849930722
319,face,FACE_46_156,46,156,13.257423942849167
320,face,FACE_167_37,167,37,6.9458383527451995
321,face,FACE_460_290,460,290,8.182861537919395
322,face,FACE_311_310,311,310,6.4447719159647665
323,face,FACE_410_432,410,432,13.595183849104048
324,face,FACE_357_277,357,277,10.779973550397084
325,face,FACE_35_226,35,226,8.951004172307552
326,face,FACE_304_271,304,271,9.101517497045323
327,face,FACE_189_55,189,55,8.867841481554002
328,face,FACE_314_315,314,315,4.791338285698577
329,face,FACE_108_67,108,67,30.190069410817856
330,face,FACE_1_4,1,4,8.128948207043582
331,face,FACE_4_275,4,275,6.922158656051935
332,face,FACE_205_36,205,36,16.72818838700599
333,face,FACE_156_143,156,143,12.767459037316295
334,face,FACE_436_426,436,426,11.696045253994985
335,face,FACE_223_53,223,53,16.270366887906256
336,face,FACE_461_370,461,370,4.214858040440727
337,face,FACE_23_144,23,144,8.066062400011516
338,face,FACE_29_224,29,224,5.39898083964397
339,face,FACE_244_112,244,112,7.314926561060949
340,face,FACE_348_349,348,349,11.02060558352032
341,face,FACE_340_345,340,345,10.189181965574766
342,face,FACE_122_6,122,6,7.832409981966444
343,face,FACE_401_361,401,361,7.900626497872545
344,face,FACE_228_24,228,24,14.434140546341785
345,face,FACE_252_381,252,381,6.483973341544859
346,face,FACE_37_164,37,164,14.359490796262438
347,face,FACE_192_187,192,187,22.333356963882895
348,face,FACE_177_58,177,58,27.824832783889743
349,face,FACE_410_409,410,409,6.504242260004197
350,face,FACE_316_402,316,402,8.013827425559018
351,face,FACE_381_382,381,382,3.0881962699744125
352,face,FACE_429_279,429,279,6.0680766031685955
353,face,FACE_140_176,140,176,8.881838511991274
354,face,FACE_26_154,26,154,3.936260654830935
355,face,FACE_434_394,434,394,30.068195302998216
356,face,FACE_52_63,52,63,18.462862470613132
357,face,FACE_79_166,79,166,6.067552538295048
358,face,FACE_72_41,72,41,10.044026547789333
359,face,FACE_71_162,71,162,17.819114484796216
360,face,FACE_244_233,244,233,5.440186065880051
361,face,FACE_222_65,222,65,6.124046375133444
362,face,FACE_214_210,214,210,20.38770865378718
363,face,FACE_354_370,354,370,2.259713692895667
364,face,FACE_140_32,140,32,10.60799507860846
365,face,FACE_30_160,30,160,8.869445012333031
366,face,FACE_212_57,212,57,7.11472063032474
367,face,FACE_444_443,444,443,8.667841904504678
368,face,FACE_7_33,7,33,3.3365554060910934
369,face,FACE_301_251,301,251,7.307593942827795
370,face,FACE_213_138,213,138,24.86688397204514
371,face,FACE_170_176,170,176,22.112683884409496
372,face,FACE_17_83,17,83,16.08538756635232
373,face,FACE_268_302,268,302,2.983526934131559
374,face,FACE_32_211,32,211,14.697947419927752
375,face,FACE_331_358,331,358,0.6413943135566318
376,face,FACE_186_40,186,40,12.722029077329
377,face,FACE_105_52,105,52,7.338487157282508
378,face,FACE_457_354,457,354,9.382000157727061
379,face,FACE_395_379,395,379,7.230666300461735
380,face,FACE_375_321,375,321,7.712660609506311
381,face,FACE_325_320,325,320,5.607399904511516
382,face,FACE_317_316,317,316,2.406428473485382
383,face,FACE_274_354,274,354,5.254982965216418
384,face,FACE_96_88,96,88,7.774802261301657
385,face,FACE_15_14,15,14,2.629541854897812
386,face,FACE_467_260,467,260,4.955456314348561
387,face,FACE_232_128,232,128,7.451675544551723
388,face,FACE_404_320,404,320,7.965963930389567
389,face,FACE_350_349,350,349,8.49854623091718
390,face,FACE_342_265,342,265,11.66470961469481
391,face,FACE_74_185,74,185,9.173839056225864
392,face,FACE_314_17,314,17,11.378920777169192
393,face,FACE_146_61,146,61,8.264663594862029
394,face,FACE_247_113,247,113,5.674654120958865
395,face,FACE_405_321,405,321,9.201697914788113
396,face,FACE_256_341,256,341,3.8416619451230143
397,face,FACE_283_444,283,444,6.663064385961277
398,face,FACE_409_291,409,291,4.450715612638847
399,face,FACE_74_41,74,41,9.987418772302817
400,face,FACE_78_191,78,191,5.296668945843718
401,face,FACE_245_188,245,188,4.5392201473116955
402,face,FACE_103_104,103,104,15.287344923611817
403,face,FACE_19_370,19,370,3.021448036088049
404,face,FACE_19_141,19,141,4.234752107364468
405,face,FACE_280_411,280,411,20.661199272661417
406,face,FACE_220_131,220,131,9.07354274330041
407,face,FACE_85_86,85,86,3.570032049223899
408,face,FACE_372_265,372,265,6.348233927796849
409,face,FACE_237_220,237,220,6.25515477512121
410,face,FACE_204_43,204,43,16.788488494679896
411,face,FACE_118_119,118,119,15.556166243157659
412,face,FACE_210_202,210,202,11.607049502760557
413,face,FACE_290_460,290,460,8.182861537919395
414,face,FACE_450_449,450,449,9.698824021342228
415,face,FACE_83_18,83,18,12.785896768449076
416,face,FACE_197_3,197,3,10.07478622221235
417,face,FACE_315_404,315,404,9.609567622059433
418,face,FACE_461_458,461,458,1.1801253980851931
419,face,FACE_169_170,169,170,14.811249396407153
420,face,FACE_246_161,246,161,3.3349718935372206
421,face,FACE_32_201,32,201,17.96633390565326
422,face,FACE_236_196,236,196,11.625477086501409
423,face,FACE_409_304,409,304,7.853211474033941
424,face,FACE_295_282,295,282,13.652058789266462
425,face,FACE_395_369,395,369,12.567858800279776
426,face,FACE_181_180,181,180,4.299391917210044
427,face,FACE_353_372,353,372,13.21833816732064
428,face,FACE_139_34,139,34,16.541652728913892
429,face,FACE_432_436,432,436,15.808279630194226
430,face,FACE_370_461,370,461,4.214858040440727
431,face,FACE_184_42,184,42,9.24490725533995
432,face,FACE_96_78,96,78,5.87090603966117
433,face,FACE_113_247,113,247,5.674654120958865
434,face,FACE_326_391,326,391,18.759117292918845
435,face,FACE_147_123,147,123,16.98690409635015
436,face,FACE_126_100,126,100,9.509079508467792
437,face,FACE_205_101,205,101,20.90050302172667
438,face,FACE_452_350,452,350,3.408127466623681
439,face,FACE_71_21,71,21,10.423095588399873
440,face,FACE_16_85,16,85,11.593202551431462
441,face,FACE_297_333,297,333,25.031639560507593
442,face,FACE_136_150,136,150,17.34983274456032
443,face,FACE_260_445,260,445,6.241712372300299
444,face,FACE_34_139,34,139,16.541652728913892
445,face,FACE_46_113,46,113,8.392323426545914
446,face,FACE_17_315,17,315,12.309274263313434
447,face,FACE_104_54,104,54,24.129538693083266
448,face,FACE_383_372,383,372,11.902420378720798
449,face,FACE_417_285,417,285,8.298237310493839
450,face,FACE_150_170,150,170,11.15021719772023
451,face,FACE_20_60,20,60,7.322066701550509
452,face,FACE_39_73,39,73,4.011646717721723
453,face,FACE_45_4,45,4,7.574724511607069
454,face,FACE_438_344,438,344,4.237661942310053
455,face,FACE_37_0,37,0,12.90680718785048
456,face,FACE_177_123,177,123,27.139139575069287
457,face,FACE_336_296,336,296,15.699000544744084
458,face,FACE_102_129,102,129,1.6451306428527754
459,face,FACE_134_198,134,198,6.6676743571524115
460,face,FACE_175_199,175,199,10.164267254117295
461,face,FACE_302_303,302,303,10.064972936961052
462,face,FACE_293_334,293,334,12.73551332702288
463,face,FACE_87_86,87,86,2.194348014760208
464,face,FACE_99_240,99,240,11.354772175685667
465,face,FACE_240_99,240,99,11.354772175685667
466,face,FACE_364_394,364,394,14.188049992609306
467,face,FACE_64_102,64,102,4.051921929398344
468,face,FACE_256_452,256,452,3.7176120425640002
469,face,FACE_337_297,337,297,25.194143265142255
470,face,FACE_383_264,383,264,15.903075217697104
471,face,FACE_141_242,141,242,2.9033889712648855
472,face,FACE_188_174,188,174,6.803941624951206
473,face,FACE_120_119,120,119,11.595413632156681
474,face,FACE_207_187,207,187,12.663612776142042
475,face,FACE_467_263,467,263,3.6142041687327535
476,face,FACE_30_225,30,225,6.660069475640906
477,face,FACE_131_48,131,48,9.3252443392878
478,face,FACE_425_266,425,266,16.067434384322056
479,face,FACE_121_120,121,120,8.933501740125633
480,face,FACE_85_17,85,17,12.914966165863877
481,face,FACE_28_157,28,157,8.275384351460218
482,face,FACE_337_9,337,9,30.24397072285249
483,face,FACE_342_353,342,353,6.3718041993184125
484,face,FACE_154_153,154,153,5.342641279212017
485,face,FACE_361_366,361,366,25.314316654352925
486,face,FACE_227_137,227,137,16.970481903820218
487,face,FACE_52_105,52,105,7.338487157282508
488,face,FACE_118_50,118,50,17.020706986486253
489,face,FACE_217_209,217,209,11.738871076513986
490,face,FACE_424_422,424,422,12.92588177668591
491,face,FACE_249_390,249,390,3.145794764055434
492,face,FACE_196_6,196,6,11.002736879111085
493,face,FACE_26_232,26,232,4.519526781301968
494,face,FACE_287_273,287,273,11.630277031913645
495,face,FACE_210_169,210,169,13.286171022604224
496,face,FACE_350_329,350,329,12.517521673097475
497,face,FACE_62_191,62,191,6.02419995570323
498,face,FACE_276_300,276,300,5.366492764578919
499,face,FACE_248_281,248,281,7.427457281926571
500,face,FACE_368_383,368,383,5.765991967690669
501,face,FACE_427_432,427,432,20.78413334410566
502,face,FACE_453_341,453,341,3.6941968876573883
503,face,FACE_372_353,372,353,13.21833816732064
504,face,FACE_357_453,357,453,2.2431732205099144
505,face,FACE_101_118,101,118,15.052430729620475
506,face,FACE_321_307,321,307,7.685695752452461
507,face,FACE_407_310,407,310,7.705611177746889
508,face,FACE_266_371,266,371,10.96536987504726
509,face,FACE_420_429,420,429,6.335770859867932
510,face,FACE_306_407,306,407,5.686138858606022
511,face,FACE_253_252,253,252,7.048222627497916
512,face,FACE_224_225,224,225,8.487501074220585
513,face,FACE_112_133,112,133,2.292201614706178
514,face,FACE_356_264,356,264,2.066957618981836
515,face,FACE_370_19,370,19,3.021448036088049
516,face,FACE_254_253,254,253,7.113410547128502
517,face,FACE_219_115,219,115,6.534814220717506
518,face,FACE_225_46,225,46,8.309119612935996
519,face,FACE_124_143,124,143,15.639672190833476
520,face,FACE_289_439,289,439,3.9650424016262065
521,face,FACE_13_312,13,312,10.248556003179031
522,face,FACE_253_373,253,373,7.297650016603262
523,face,FACE_154_22,154,22,6.464467634631032
524,face,FACE_319_318,319,318,1.608400566328738
525,face,FACE_363_281,363,281,6.850715191396619
526,face,FACE_169_150,169,150,12.79114111885098
527,face,FACE_355_277,355,277,6.573768774229338
528,face,FACE_354_461,354,461,2.271014170901487
529,face,FACE_267_164,267,164,14.254222285156239
530,face,FACE_320_319,320,319,2.6998803016698036
531,face,FACE_39_40,39,40,9.200368807681386
532,face,FACE_277_357,277,357,10.779973550397084
533,face,FACE_63_105,63,105,15.592425004451384
534,face,FACE_189_244,189,244,6.380298532056324
535,face,FACE_34_227,34,227,16.489476800420917
536,face,FACE_120_230,120,230,10.843107248813466
537,face,FACE_293_301,293,301,12.612551112743603
538,face,FACE_60_99,60,99,2.350609867156482
539,face,FACE_72_73,72,73,11.335025864901931
540,face,FACE_283_293,283,293,6.336715942946724
541,face,FACE_307_321,307,321,7.685695752452461
542,face,FACE_321_405,321,405,9.201697914788113
543,face,FACE_93_132,93,132,19.730465180320344
544,face,FACE_183_62,183,62,4.20532308047393
545,face,FACE_408_409,408,409,2.533262365941392
546,face,FACE_151_338,151,338,28.445990020716827
547,face,FACE_186_216,186,216,8.324828069211781
548,face,FACE_151_109,151,109,31.96805834689731
549,face,FACE_245_122,245,122,7.21038677081918
550,face,FACE_189_221,189,221,6.577411808717103
551,face,FACE_335_424,335,424,9.081660701733368
552,face,FACE_442_258,442,258,3.6908927300744034
553,face,FACE_441_442,441,442,11.231789679247305
554,face,FACE_114_47,114,47,7.626868246288104
555,face,FACE_173_133,173,133,2.1406144437077144
556,face,FACE_452_451,452,451,7.391040113074813
557,face,FACE_106_43,106,43,11.109098625933576
558,face,FACE_305_289,305,289,2.1628979998703075
559,face,FACE_362_414,362,414,3.9987721346497884
560,face,FACE_443_259,443,259,7.069461040554
561,face,FACE_294_279,294,279,6.842780590923436
562,face,FACE_258_442,258,442,3.6908927300744034
563,face,FACE_57_43,57,43,12.319296837332173
564,face,FACE_256_252,256,252,5.935543712018011
565,face,FACE_259_443,259,443,7.069461040554
566,face,FACE_46_70,46,70,6.893374279682572
567,face,FACE_420_360,420,360,6.617327175385367
568,face,FACE_126_142,126,142,9.28710585249461
569,face,FACE_371_355,371,355,8.67621733390809
570,face,FACE_112_244,112,244,7.314926561060949
571,face,FACE_431_369,431,369,20.996729366362043
572,face,FACE_47_114,47,114,7.626868246288104
573,face,FACE_100_126,100,126,9.509079508467792
574,face,FACE_12_13,12,13,0.7759791756190222
575,face,FACE_91_77,91,77,8.375753583411724
576,face,FACE_23_22,23,22,7.473084468409901
577,face,FACE_51_4,51,4,11.948290364765143
578,face,FACE_48_115,48,115,7.274656610125126
579,face,FACE_254_449,254,449,6.996106023606386
580,face,FACE_160_27,160,27,8.026549048407393
581,face,FACE_353_342,353,342,6.3718041993184125
582,face,FACE_434_416,434,416,11.086698722913471
583,face,FACE_266_423,266,423,9.530727244972999
584,face,FACE_4_274,4,274,10.42175503224889
585,face,FACE_316_15,316,15,10.4904550927177
586,face,FACE_4_45,4,45,7.574724511607069
587,face,FACE_24_23,24,23,7.7474692073630615
588,face,FACE_80_183,80,183,8.115833644216291
589,face,FACE_341_453,341,453,3.6941968876573883
590,face,FACE_109_67,109,67,21.800091701983042
591,face,FACE_174_196,174,196,7.383397376652378
592,face,FACE_66_105,66,105,17.497090668052802
593,face,FACE_89_88,89,88,1.4411500948358524
594,face,FACE_29_223,29,223,8.122489035288647
595,face,FACE_164_2,164,2,4.330741073450017
596,face,FACE_462_370,462,370,2.4370462736905116
597,face,FACE_328_290,328,290,2.135978207435971
598,face,FACE_400_395,400,395,20.793532937109255
599,face,FACE_181_91,181,91,10.648195188533707
600,face,FACE_252_380,252,380,4.119479011904385
601,face,FACE_24_144,24,144,4.900093545570973
602,face,FACE_313_18,313,18,11.978764521372105
603,face,FACE_354_19,354,19,3.8837032350782823
604,face,FACE_185_61,185,61,4.776767493804984
605,face,FACE_90_89,90,89,2.501349967476872
606,face,FACE_116_227,116,227,11.901854986939208
607,face,FACE_168_417,168,417,8.908494540558944
608,face,FACE_329_371,329,371,7.670827620218727
609,face,FACE_156_34,156,34,19.76072436038277
610,face,FACE_450_252,450,252,10.865673184625773
611,face,FACE_8_285,8,285,12.930980859283517
612,face,FACE_164_267,164,267,14.254222285156239
613,face,FACE_168_8,168,8,5.7126793752788
614,face,FACE_153_145,153,145,5.906093348216767
615,face,FACE_361_323,361,323,19.051145833849553
616,face,FACE_285_413,285,413,8.03760182764913
617,face,FACE_346_280,346,280,16.140666950709196
618,face,FACE_117_228,117,228,10.155296195370095
619,face,FACE_130_247,130,247,3.7476517213631713
620,face,FACE_140_211,140,211,22.307568521003837
621,face,FACE_426_425,426,425,11.91087024546094
622,face,FACE_53_63,53,63,7.45993064155172
623,face,FACE_245_233,245,233,7.492637716705915
624,face,FACE_2_97,2,97,11.917193243585103
625,face,FACE_216_206,216,206,12.161393474577855
626,face,FACE_195_3,195,3,6.624619476156792
627,face,FACE_459_458,459,458,4.968489659401281
628,face,FACE_178_179,178,179,1.8942084169804205
629,face,FACE_276_342,276,342,8.14899110988571
630,face,FACE_235_75,235,75,5.740556752226519
631,face,FACE_399_412,399,412,6.710396306798073
632,face,FACE_185_74,185,74,9.173839056225864
633,face,FACE_170_211,170,211,11.578925550472425
634,face,FACE_465_357,465,357,6.708303725942526
635,face,FACE_222_221,222,221,12.012654300894432
636,face,FACE_75_59,75,59,2.186300838427477
637,face,FACE_229_117,229,117,17.67018541459139
638,face,FACE_422_432,422,432,13.20839300016531
639,face,FACE_327_423,327,423,9.060004817640237
640,face,FACE_275_4,275,4,6.922158656051935
641,face,FACE_12_268,12,268,11.132740560829054
642,face,FACE_267_0,267,0,12.26970222728995
643,face,FACE_64_49,64,49,6.924141068004185
644,face,FACE_244_245,244,245,3.2275266264340083
645,face,FACE_115_131,115,131,4.9892675066152075
646,face,FACE_376_401,376,401,9.66242001616033
647,face,FACE_171_32,171,32,21.29316442088065
648,face,FACE_161_247,161,247,8.757853132268886
649,face,FACE_26_22,26,22,6.132158101013213
650,face,FACE_454_356,454,356,18.37893997081303
651,face,FACE_166_218,166,218,4.075519894838506
652,face,FACE_420_363,420,363,3.280053379113318
653,face,FACE_233_128,233,128,3.437430924640081
654,face,FACE_193_55,193,55,8.964464465843838
655,face,FACE_278_279,278,279,4.0152275517742
656,face,FACE_405_320,405,320,10.031858095831886
657,face,FACE_334_296,334,296,14.602886568213373
658,face,FACE_279_360,279,360,6.1042889130371005
659,face,FACE_201_32,201,32,17.96633390565326
660,face,FACE_220_45,220,45,7.799787536851921
661,face,FACE_315_17,315,17,12.309274263313434
662,face,FACE_354_274,354,274,5.254982965216418
663,face,FACE_167_39,167,39,15.960956414612571
664,face,FACE_51_236,51,236,8.087786404050432
665,face,FACE_3_196,3,196,6.835556010101033
666,face,FACE_108_69,108,69,18.68976478430747
667,face,FACE_128_47,128,47,10.43857670516292
668,face,FACE_266_426,266,426,17.23126187714986
669,face,FACE_99_20,99,20,6.026177617880089
670,face,FACE_259_387,259,387,5.847701297264497
671,face,FACE_137_132,137,132,25.446953025594986
672,face,FACE_273_321,273,321,8.828190684239178
673,face,FACE_394_431,394,431,10.674155011632063
674,face,FACE_285_295,285,295,16.89734569124512
675,face,FACE_437_429,437,429,11.92978741956813
676,face,FACE_83_17,83,17,16.08538756635232
677,face,FACE_315_403,315,403,9.731761108767191
678,face,FACE_449_254,449,254,6.996106023606386
679,face,FACE_461_457,461,457,7.322418372854198
680,face,FACE_260_467,260,467,4.955456314348561
681,face,FACE_359_446,359,446,5.786570050900996
682,face,FACE_184_185,184,185,2.6200809973166814
683,face,FACE_411_376,411,376,7.728512946746865
684,face,FACE_263_249,263,249,2.577565984493096
685,face,FACE_462_458,462,458,3.1992994797731837
686,face,FACE_215_172,215,172,28.018097276361225
687,face,FACE_52_65,52,65,15.964150048009317
688,face,FACE_247_161,247,161,8.757853132268886
689,face,FACE_191_80,191,80,6.36217038852889
690,face,FACE_424_431,424,431,9.983510557167282
691,face,FACE_36_206,36,206,17.43161341895638
692,face,FACE_262_369,262,369,10.354521951003017
693,face,FACE_296_282,296,282,13.976213520473376
694,face,FACE_396_369,396,369,14.17099221370155
695,face,FACE_134_220,134,220,7.474104557266193
696,face,FACE_335_273,335,273,10.025864196305026
697,face,FACE_214_212,214,212,11.750407503563581
698,face,FACE_193_189,193,189,7.64809758138446
699,face,FACE_364_416,364,416,25.95585648193555
700,face,FACE_270_409,270,409,5.8729055740532035
701,face,FACE_444_445,444,445,7.023043304485482
702,face,FACE_229_228,229,228,9.054288942178076
703,face,FACE_330_280,330,280,20.551357720078357
704,face,FACE_456_419,456,419,11.995274495829808
705,face,FACE_260_444,260,444,5.963776224479132
706,face,FACE_188_196,188,196,7.278917688177274
707,face,FACE_406_418,406,418,9.881895637957046
708,face,FACE_30_247,30,247,5.776488817232478
709,face,FACE_398_414,398,414,4.016577888861651
710,face,FACE_17_314,17,314,11.378920777169192
711,face,FACE_210_214,210,214,20.38770865378718
712,face,FACE_17_85,17,85,12.914966165863877
713,face,FACE_423_358,423,358,8.607787874057447
714,face,FACE_63_52,63,52,18.462862470613132
715,face,FACE_19_274,19,274,8.199325581212483
716,face,FACE_272_311,272,311,8.3222670296197
717,face,FACE_50_118,50,118,17.020706986486253
718,face,FACE_14_15,14,15,2.629541854897812
719,face,FACE_180_84,180,84,12.521874631065097
720,face,FACE_5_195,5,195,7.741852089370414
721,face,FACE_240_98,240,98,3.2609315008908593
722,face,FACE_439_344,439,344,5.722676906168653
723,face,FACE_256_451,256,451,8.218802605645825
724,face,FACE_123_187,123,187,21.437551092804696
725,face,FACE_15_16,15,16,3.520384276886702
726,face,FACE_96_90,96,90,6.395848951008177
727,face,FACE_141_241,141,241,3.7403455561048866
728,face,FACE_6_196,6,196,11.002736879111085
729,face,FACE_360_279,360,279,6.1042889130371005
730,face,FACE_347_346,347,346,8.819935629284998
731,face,FACE_198_217,198,217,6.053914588981783
732,face,FACE_318_319,318,319,1.608400566328738
733,face,FACE_358_355,358,355,14.998564488564151
734,face,FACE_418_406,418,406,9.881895637957046
735,face,FACE_115_219,115,219,6.534814220717506
736,face,FACE_190_133,190,133,4.0227563087664695
737,face,FACE_77_76,77,76,7.382033225947256
738,face,FACE_110_24,110,24,7.304208637680128
739,face,FACE_48_49,48,49,4.017495184435099
740,face,FACE_80_81,80,81,7.629881818987075
741,face,FACE_333_298,333,298,14.69032071954986
742,face,FACE_353_276,353,276,7.736606900375037
743,face,FACE_141_97,141,97,9.379533014196598
744,face,FACE_373_254,373,254,4.387368152807865
745,face,FACE_69_108,69,108,18.68976478430747
746,face,FACE_418_262,418,262,10.925629228002563
747,face,FACE_463_413,463,413,6.019906004473211
748,face,FACE_294_455,294,455,3.181472052855768
749,face,FACE_21_68,21,68,20.555571080409496
750,face,FACE_81_82,81,82,9.29569606519153
751,face,FACE_118_229,118,229,8.650337949973721
752,face,FACE_284_298,284,298,10.40062400955867
753,face,FACE_371_266,371,266,10.96536987504726
754,face,FACE_384_385,384,385,5.7244487353848745
755,face,FACE_231_26,231,26,8.151987442036644
756,face,FACE_395_394,395,394,12.342323417043756
757,face,FACE_322_410,322,410,8.355992685618494
758,face,FACE_248_195,248,195,6.198398523388654
759,face,FACE_361_401,361,401,7.900626497872545
760,face,FACE_214_202,214,202,19.41780418129948
761,face,FACE_119_230,119,230,5.89509453452219
762,face,FACE_111_226,111,226,12.74070291694925
763,face,FACE_43_91,43,91,11.120605336165347
764,face,FACE_383_276,383,276,10.091236978943103
765,face,FACE_168_351,168,351,11.430019628655968
766,face,FACE_449_450,449,450,9.698824021342228
767,face,FACE_314_405,314,405,10.322873437384894
768,face,FACE_55_65,55,65,18.945477217860077
769,face,FACE_182_106,182,106,11.972202271593746
770,face,FACE_394_434,394,434,30.068195302998216
771,face,FACE_393_326,393,326,4.871039678592923
772,face,FACE_210_204,210,204,15.535067075472323
773,face,FACE_211_169,211,169,14.46213110357194
774,face,FACE_450_451,450,451,9.38781446411169
775,face,FACE_203_165,203,165,13.397438092388418
776,face,FACE_22_153,22,153,4.513453277001677
777,face,FACE_143_34,143,34,10.419253001819861
778,face,FACE_409_270,409,270,5.8729055740532035
779,face,FACE_7_110,7,110,4.646106414957466
780,face,FACE_448_261,448,261,4.513275232406141
781,face,FACE_213_215,213,215,11.51023882113129
782,face,FACE_371_423,371,423,15.729286324903995
783,face,FACE_64_235,64,235,3.809724764773643
784,face,FACE_9_336,9,336,15.508941091623846
785,face,FACE_278_344,278,344,5.632262323888036
786,face,FACE_89_179,89,179,8.318227237468637
787,face,FACE_236_198,236,198,8.46381808116829
788,face,FACE_336_285,336,285,10.489584193524598
789,face,FACE_181_182,181,182,9.123920650827463
790,face,FACE_194_201,194,201,15.050352405951626
791,face,FACE_66_52,66,52,15.539832078817785
792,face,FACE_151_10,151,10,19.89853147095814
793,face,FACE_123_177,123,177,27.139139575069287
794,face,FACE_341_256,341,256,3.8416619451230143
795,face,FACE_455_278,455,278,4.78343188436392
796,face,FACE_326_393,326,393,4.871039678592923
797,face,FACE_257_442,257,442,8.85667881371831
798,face,FACE_269_267,269,267,12.278059987339828
799,face,FACE_203_142,203,142,15.722253328687936
800,face,FACE_238_20,238,20,1.1174606834694225
801,face,FACE_268_271,268,271,8.783682452296498
802,face,FACE_254_373,254,373,4.387368152807865
803,face,FACE_414_362,414,362,3.9987721346497884
804,face,FACE_305_455,305,455,5.4049110027975376
805,face,FACE_357_465,357,465,6.708303725942526
806,face,FACE_189_243,189,243,6.396576241078336
807,face,FACE_42_81,42,81,8.71088085180084
808,face,FACE_286_441,286,441,6.171081917052249
809,face,FACE_179_86,179,86,10.015809078114478
810,face,FACE_217_198,217,198,6.053914588981783
811,face,FACE_84_83,84,83,10.311574078252557
812,face,FACE_456_363,456,363,6.856352716952167
813,face,FACE_214_192,214,192,14.010594911978131
814,face,FACE_326_370,326,370,7.18905234861785
815,face,FACE_107_66,107,66,17.613704725697225
816,face,FACE_247_226,247,226,9.789347758756396
817,face,FACE_88_89,88,89,1.4411500948358524
818,face,FACE_27_222,27,222,10.151093947143856
819,face,FACE_120_121,120,121,8.933501740125633
820,face,FACE_99_98,99,98,14.319075426393766
821,face,FACE_279_294,279,294,6.842780590923436
822,face,FACE_151_108,151,108,20.398731075469858
823,face,FACE_75_235,75,235,5.740556752226519
824,face,FACE_150_149,150,149,13.934588338772553
825,face,FACE_388_466,388,466,2.9585765417423313
826,face,FACE_129_126,129,126,14.885284978875317
827,face,FACE_447_372,447,372,19.10712314604221
828,face,FACE_366_447,366,447,16.425311896007617
829,face,FACE_70_156,70,156,11.068064800160268
830,face,FACE_56_221,56,221,7.422673639813726
831,face,FACE_171_208,171,208,9.90835318506087
832,face,FACE_190_221,190,221,5.466185156697058
833,face,FACE_28_159,28,159,8.382136820394452
834,face,FACE_435_397,435,397,27.28156962858803
835,face,FACE_54_68,54,68,12.767393659993592
836,face,FACE_368_264,368,264,15.844116952106104
837,face,FACE_214_169,214,169,30.984312310577657
838,face,FACE_294_278,294,278,2.8373278102365274
839,face,FACE_221_65,221,65,13.042948864147416
840,face,FACE_206_165,206,165,15.662348951674923
841,face,FACE_29_160,29,160,6.051042940453534
842,face,FACE_281_195,281,195,11.532529074379546
843,face,FACE_33_130,33,130,3.7197151459552313
844,face,FACE_447_264,447,264,16.12009957870001
845,face,FACE_298_284,298,284,10.40062400955867
846,face,FACE_278_455,278,455,4.78343188436392
847,face,FACE_201_208,201,208,11.456045184165585
848,face,FACE_427_434,427,434,24.322960079975385
849,face,FACE_360_344,360,344,5.027025369945922
850,face,FACE_321_273,321,273,8.828190684239178
851,face,FACE_379_394,379,394,12.827338193459443
852,face,FACE_265_372,265,372,6.348233927796849
853,face,FACE_274_457,274,457,5.010551895148922
854,face,FACE_101_120,101,120,16.484496919959934
855,face,FACE_182_194,182,194,10.084418230800491
856,face,FACE_227_116,227,116,11.901854986939208
857,face,FACE_253_254,253,254,7.113410547128502
858,face,FACE_352_376,352,376,16.52696314187597
859,face,FACE_4_44,4,44,10.521563374618001
860,face,FACE_351_417,351,417,6.575503724015255
861,face,FACE_350_452,350,452,3.408127466623681
862,face,FACE_283_282,283,282,10.806227070491497
863,face,FACE_194_204,194,204,13.32261489748186
864,face,FACE_55_9,55,9,16.27118728306005
865,face,FACE_106_91,106,91,7.702323706270015
866,face,FACE_410_322,410,322,8.355992685618494
867,face,FACE_48_235,48,235,4.861178326996691
868,face,FACE_316_315,316,315,3.570186791870069
869,face,FACE_367_397,367,397,12.859837902761706
870,face,FACE_427_411,427,411,9.885866533555461
871,face,FACE_319_320,319,320,2.6998803016698036
872,face,FACE_193_244,193,244,9.426376924712303
873,face,FACE_398_384,398,384,3.8811111993435303
874,face,FACE_331_294,331,294,3.731240936534753
875,face,FACE_313_17,313,17,14.780020310896624
876,face,FACE_297_338,297,338,19.363249883640872
877,face,FACE_164_37,164,37,14.359490796262438
878,face,FACE_403_319,403,319,6.934641052590573
879,face,FACE_349_348,349,348,11.02060558352032
880,face,FACE_47_126,47,126,6.661484311742568
881,face,FACE_8_55,8,55,14.086177017765973
882,face,FACE_147_213,147,213,15.007481142414488
883,face,FACE_320_321,320,321,3.060622520679274
884,face,FACE_227_93,227,93,23.0650294131943
885,face,FACE_134_131,134,131,9.16278851588923
886,face,FACE_44_237,44,237,6.277276816211856
887,face,FACE_393_391,393,391,16.309230751146806
888,face,FACE_439_278,439,278,3.441665825450248
889,face,FACE_451_252,451,252,4.110604738667495
890,face,FACE_120_232,120,232,9.888310074685505
891,face,FACE_287_409,287,409,9.072042927104103
892,face,FACE_221_55,221,55,9.400698080873607
893,face,FACE_385_386,385,386,5.265057925443468
894,face,FACE_347_280,347,280,17.024835311545658
895,face,FACE_57_212,57,212,7.11472063032474
896,face,FACE_58_177,58,177,27.824832783889743
897,face,FACE_257_386,257,386,5.878413125847261
898,face,FACE_216_205,216,205,17.610879271017744
899,face,FACE_208_201,208,201,11.456045184165585
900,face,FACE_386_387,386,387,5.821894694180059
901,face,FACE_459_457,459,457,1.588146483076636
902,face,FACE_137_177,137,177,18.29940629887369
903,face,FACE_391_322,391,322,8.92504135560411
904,face,FACE_49_64,49,64,6.924141068004185
905,face,FACE_55_107,55,107,10.760813098500275
906,face,FACE_308_324,308,324,6.5554150253881645
907,face,FACE_372_345,372,345,11.795435600369757
908,face,FACE_11_37,11,37,13.619565786514766
909,face,FACE_431_394,431,394,10.674155011632063
910,face,FACE_171_175,171,175,17.98217527441403
911,face,FACE_330_348,330,348,7.69821721889745
912,face,FACE_156_46,156,46,13.257423942849167
913,face,FACE_11_302,11,302,11.897594495093083
914,face,FACE_280_347,280,347,17.024835311545658
915,face,FACE_452_453,452,453,5.226763675284367
916,face,FACE_352_366,352,366,9.234177651046007
917,face,FACE_12_38,12,38,11.875409280224584
918,face,FACE_64_48,64,48,3.263418991646587
919,face,FACE_22_231,22,231,4.733368230313056
920,face,FACE_414_463,414,463,3.9854784889173858
921,face,FACE_448_339,448,339,7.588640177458041
922,face,FACE_422_287,422,287,15.46095040652125
923,face,FACE_59_235,59,235,3.7768944236859463
924,face,FACE_13_268,13,268,11.593911402217872
925,face,FACE_298_251,298,251,13.729952301506751
926,face,FACE_237_241,237,241,7.47924270301397
927,face,FACE_68_54,68,54,12.767393659993592
928,face,FACE_120_101,120,101,16.484496919959934
929,face,FACE_92_39,92,39,14.486559572656393
930,face,FACE_43_146,43,146,6.080753375041799
931,face,FACE_377_400,377,400,12.596743021150147
932,face,FACE_238_242,238,242,2.997025280000975
933,face,FACE_91_43,91,43,11.120605336165347
934,face,FACE_369_396,369,396,14.17099221370155
935,face,FACE_301_298,301,298,14.068618591340158
936,face,FACE_286_398,286,398,6.861990675491892
937,face,FACE_346_449,346,449,15.930721980321238
938,face,FACE_220_44,220,44,10.817160664140179
939,face,FACE_299_337,299,337,16.678844781233156
940,face,FACE_358_423,358,423,8.607787874057447
941,face,FACE_131_115,131,115,4.9892675066152075
942,face,FACE_3_195,3,195,6.624619476156792
943,face,FACE_23_24,23,24,7.7474692073630615
944,face,FACE_416_364,416,364,25.95585648193555
945,face,FACE_123_111,123,111,23.556767569321625
946,face,FACE_160_29,160,29,6.051042940453534
947,face,FACE_326_327,326,327,13.330231103667336
948,face,FACE_266_425,266,425,16.067434384322056
949,face,FACE_345_340,345,340,10.189181965574766
950,face,FACE_53_52,53,52,13.045784028767468
951,face,FACE_98_203,98,203,11.53184934080385
952,face,FACE_411_434,411,434,29.345218391689894
953,face,FACE_358_279,358,279,4.133948980687741
954,face,FACE_3_51,3,51,7.340093295352327
955,face,FACE_261_346,261,346,8.616266510427494
956,face,FACE_367_364,367,364,12.51934167935898
957,face,FACE_66_107,66,107,17.613704725697225
958,face,FACE_86_85,86,85,3.570032049223899
959,face,FACE_445_283,445,283,7.418857106292908
960,face,FACE_24_110,24,110,7.304208637680128
961,face,FACE_23_145,23,145,4.574163850206339
962,face,FACE_89_90,89,90,2.501349967476872
963,face,FACE_449_253,449,253,12.973204649185309
964,face,FACE_340_346,340,346,5.432204425578382
965,face,FACE_235_64,235,64,3.809724764773643
966,face,FACE_67_108,67,108,30.190069410817856
967,face,FACE_228_25,228,25,6.962855456400022
968,face,FACE_119_118,119,118,15.556166243157659
969,face,FACE_250_309,250,309,8.855720948514602
970,face,FACE_90_91,90,91,3.0424301033748367
971,face,FACE_269_322,269,322,11.898573287369262
972,face,FACE_264_356,264,356,2.066957618981836
973,face,FACE_84_17,84,17,12.110617658109394
974,face,FACE_316_403,316,403,8.834820044746724
975,face,FACE_407_292,407,292,3.762222782957775
976,face,FACE_426_391,426,391,12.511517457897643
977,face,FACE_399_437,399,437,6.946157812628469
978,face,FACE_212_202,212,202,13.875010730366546
979,face,FACE_175_171,175,171,17.98217527441403
980,face,FACE_117_50,117,50,17.43007926837627
981,face,FACE_374_380,374,380,5.676818156146711
982,face,FACE_165_206,165,206,15.662348951674923
983,face,FACE_205_50,205,50,15.280453589316263
984,face,FACE_185_184,185,184,2.6200809973166814
985,face,FACE_30_161,30,161,5.542849022990496
986,face,FACE_445_260,445,260,6.241712372300299
987,face,FACE_184_76,184,76,4.308486271460328
988,face,FACE_195_5,195,5,7.741852089370414
989,face,FACE_186_185,186,185,7.05969693210645
990,face,FACE_446_261,446,261,4.496856298463375
991,face,FACE_357_412,357,412,4.054759105405547
992,face,FACE_392_290,392,290,7.610725540780457
993,face,FACE_225_113,225,113,7.088563995999837
994,face,FACE_17_84,17,84,12.110617658109394
995,face,FACE_189_190,189,190,5.648857724176185
996,face,FACE_384_286,384,286,5.053682270983479
997,face,FACE_329_350,329,350,12.517521673097475
998,face,FACE_429_437,429,437,11.92978741956813
999,face,FACE_241_237,241,237,7.47924270301397
1000,face,FACE_19_44,19,44,7.941130113728377
1001,face,FACE_165_98,165,98,11.15092046254086
1002,face,FACE_219_218,219,218,7.245633270622332
1003,face,FACE_4_1,4,1,8.128948207043582
1004,face,FACE_50_117,50,117,17.43007926837627
1005,face,FACE_222_223,222,223,10.813581303679475
1006,face,FACE_422_434,422,434,16.27507550607936
1007,face,FACE_175_148,175,148,19.077016610007377
1008,face,FACE_198_131,198,131,5.883828417351082
1009,face,FACE_204_211,204,211,10.24297552979874
1010,face,FACE_68_21,68,21,20.555571080409496
1011,face,FACE_381_252,381,252,6.483973341544859
1012,face,FACE_462_326,462,326,5.072153215330548
1013,face,FACE_60_166,60,166,7.965698100382295
1014,face,FACE_174_188,174,188,6.803941624951206
1015,face,FACE_414_286,414,286,7.170902685665815
1016,face,FACE_339_255,339,255,3.803172049416306
1017,face,FACE_115_218,115,218,4.646072624539592
1018,face,FACE_411_280,411,280,20.661199272661417
1019,face,FACE_181_83,181,83,16.75140137421518
1020,face,FACE_401_352,401,352,25.99118587211188
1021,face,FACE_333_297,333,297,25.031639560507593
1022,face,FACE_46_124,46,124,8.83325173323794
1023,face,FACE_373_253,373,253,7.297650016603262
1024,face,FACE_71_68,71,68,16.06623862844813
1025,face,FACE_424_335,424,335,9.081660701733368
1026,face,FACE_76_146,76,146,7.1915364632038745
1027,face,FACE_49_129,49,129,5.359973535671539
1028,face,FACE_69_107,69,107,32.02209148279753
1029,face,FACE_335_406,335,406,10.719710662959244
1030,face,FACE_148_171,148,171,7.737896640719783
1031,face,FACE_460_294,460,294,5.916532582741854
1032,face,FACE_192_214,192,214,14.010594911978131
1033,face,FACE_446_359,446,359,5.786570050900996
1034,face,FACE_391_423,391,423,11.850254105247041
1035,face,FACE_105_66,105,66,17.497090668052802
1036,face,FACE_410_436,410,436,6.732401384610397
1037,face,FACE_110_144,110,144,9.484285678958884
1038,face,FACE_249_339,249,339,3.9922131876876232
1039,face,FACE_163_7,163,7,3.7560128331848635
1040,face,FACE_273_287,273,287,11.630277031913645
1041,face,FACE_45_51,45,51,9.010451025258241
1042,face,FACE_225_247,225,247,5.367114595052122
1043,face,FACE_373_374,373,374,6.313508222461258
1044,face,FACE_38_12,38,12,11.875409280224584
1045,face,FACE_263_359,263,359,2.9766119933105806
1046,face,FACE_173_56,173,56,6.798698222945577
1047,face,FACE_159_158,159,158,5.4910311310521225
1048,face,FACE_461_459,461,459,6.148189506283547
1049,face,FACE_111_117,111,117,7.444849813830887
1050,face,FACE_211_204,211,204,10.24297552979874
1051,face,FACE_225_224,225,224,8.487501074220585
1052,face,FACE_151_9,151,9,24.68352510780993
1053,face,FACE_370_462,370,462,2.4370462736905116
1054,face,FACE_55_221,55,221,9.400698080873607
1055,face,FACE_156_124,156,124,7.169470177588788
1056,face,FACE_196_197,196,197,7.223485111112985
1057,face,FACE_47_217,47,217,6.963259934111388
1058,face,FACE_285_9,285,9,16.383293108853014
1059,face,FACE_208_171,208,171,9.90835318506087
1060,face,FACE_280_425,280,425,12.910818008391496
1061,face,FACE_164_393,164,393,12.353180755859125
1062,face,FACE_258_257,258,257,6.8432144287028205
1063,face,FACE_229_230,229,230,10.827572069760926
1064,face,FACE_389_368,389,368,4.408111524797166
1065,face,FACE_139_156,139,156,9.397529956587478
1066,face,FACE_353_265,353,265,8.46335090614395
1067,face,FACE_412_351,412,351,6.351538935703164
1068,face,FACE_218_220,218,220,7.173193413909827
1069,face,FACE_304_409,304,409,7.853211474033941
1070,face,FACE_311_268,311,268,6.823501999103565
1071,face,FACE_370_354,370,354,2.259713692895667
1072,face,FACE_288_401,288,401,27.607028192190004
1073,face,FACE_179_85,179,85,11.032946338749193
1074,face,FACE_159_27,159,27,5.874844625088334
1075,face,FACE_190_243,190,243,3.965640240399311
1076,face,FACE_196_174,196,174,7.383397376652378
1077,face,FACE_295_296,295,296,7.100300380769879
1078,face,FACE_142_203,142,203,15.722253328687936
1079,face,FACE_173_190,173,190,4.3691990973252715
1080,face,FACE_193_168,193,168,10.13750292914273
1081,face,FACE_325_324,325,324,2.4075126933617033
1082,face,FACE_425_411,425,411,18.811865617366415
1083,face,FACE_391_269,391,269,8.14043729798107
1084,face,FACE_99_97,99,97,2.106049447207838
1085,face,FACE_347_348,347,348,13.910765625067992
1086,face,FACE_366_361,366,361,25.314316654352925
1087,face,FACE_2_164,2,164,4.330741073450017
1088,face,FACE_131_49,131,49,7.501897734870327
1089,face,FACE_26_112,26,112,3.983187464403974
1090,face,FACE_380_381,380,381,5.200865393810812
1091,face,FACE_211_194,211,194,14.542836484740935
1092,face,FACE_104_68,104,68,17.341070221767826
1093,face,FACE_124_46,124,46,8.83325173323794
1094,face,FACE_234_34,234,34,21.4350157616783
1095,face,FACE_413_414,413,414,4.612998856666336
1096,face,FACE_432_427,432,427,20.78413334410566
1097,face,FACE_452_256,452,256,3.7176120425640002
1098,face,FACE_177_137,177,137,18.29940629887369
1099,face,FACE_43_57,43,57,12.319296837332173
1100,face,FACE_276_445,276,445,7.0663590709243564
1101,face,FACE_248_197,248,197,11.081095102418905
1102,face,FACE_209_126,209,126,5.1352341212367785
1103,face,FACE_142_36,142,36,11.243262251918651
1104,face,FACE_226_35,226,35,8.951004172307552
1105,face,FACE_2_141,2,141,3.3014146399714575
1106,face,FACE_237_44,237,44,6.277276816211856
1107,face,FACE_435_288,435,288,11.298135831752193
1108,face,FACE_129_102,129,102,1.6451306428527754
1109,face,FACE_273_375,273,375,5.536576897267057
1110,face,FACE_166_20,166,20,14.849339342231266
1111,face,FACE_425_280,425,280,12.910818008391496
1112,face,FACE_77_91,77,91,8.375753583411724
1113,face,FACE_461_462,461,462,2.1035055530937496
1114,face,FACE_306_408,306,408,3.814000391781004
1115,face,FACE_247_130,247,130,3.7476517213631713
1116,face,FACE_206_92,206,92,10.264984780225983
1117,face,FACE_193_122,193,122,7.657828494948099
1118,face,FACE_200_18,200,18,9.660424850918
1119,face,FACE_157_56,157,56,5.066059817725893
1120,face,FACE_352_411,352,411,18.574684435508946
1121,face,FACE_46_225,46,225,8.309119612935996
1122,face,FACE_345_372,345,372,11.795435600369757
1123,face,FACE_264_447,264,447,16.12009957870001
1124,face,FACE_436_410,436,410,6.732401384610397
1125,face,FACE_17_18,17,18,9.95715939432051
1126,face,FACE_28_27,28,27,7.413451555619928
1127,face,FACE_235_240,235,240,2.719932798593596
1128,face,FACE_128_114,128,114,4.191786533118339
1129,face,FACE_134_45,134,45,10.063898931421344
1130,face,FACE_198_209,198,209,7.282771233706204
1131,face,FACE_64_129,64,129,4.443886508329582
1132,face,FACE_459_250,459,250,6.124231065917252
1133,face,FACE_192_135,192,135,26.86113095743783
1134,face,FACE_112_26,112,26,3.983187464403974
1135,face,FACE_404_314,404,314,11.572249066710057
1136,face,FACE_297_337,297,337,25.194143265142255
1137,face,FACE_428_262,428,262,14.040156181803342
1138,face,FACE_81_38,81,38,8.879767291546433
1139,face,FACE_51_195,51,195,10.395797550189481
1140,face,FACE_311_271,311,271,1.9610990921665783
1141,face,FACE_442_282,442,282,14.085270952317808
1142,face,FACE_179_88,179,88,7.358034812677201
1143,face,FACE_252_450,252,450,10.865673184625773
1144,face,FACE_191_62,191,62,6.02419995570323
1145,face,FACE_84_85,84,85,4.775799507925763
1146,face,FACE_203_36,203,36,10.449104248185584
1147,face,FACE_443_283,443,283,14.005964097482824
1148,face,FACE_121_232,121,232,4.172017766701265
1149,face,FACE_321_406,321,406,14.871595184125997
1150,face,FACE_226_25,226,25,9.002446441900567
1151,face,FACE_323_366,323,366,6.450826871320687
1152,face,FACE_117_118,117,118,11.22468931659531
1153,face,FACE_122_196,122,196,7.303964754399081
1154,face,FACE_191_183,191,183,1.8190349761298263
1155,face,FACE_397_288,397,288,15.984277500163223
1156,face,FACE_383_353,383,353,5.230759765466279
1157,face,FACE_161_160,161,160,4.8771415874760855
1158,face,FACE_25_7,25,7,5.415578653046084
1159,face,FACE_11_72,11,72,12.69502509956998
1160,face,FACE_239_79,239,79,3.976284544732293
1161,face,FACE_305_290,305,290,5.072570073725831
1162,face,FACE_464_463,464,463,3.7519194484434895
1163,face,FACE_22_230,22,230,10.966993106940318
1164,face,FACE_183_184,183,184,2.5187510678060248
1165,face,FACE_143_111,143,111,10.419558383879004
1166,face,FACE_442_295,442,295,5.61493671054197
1167,face,FACE_241_125,241,125,2.771305111701664
1168,face,FACE_12_302,12,302,12.545689843579105
1169,face,FACE_426_436,426,436,11.696045253994985
1170,face,FACE_13_38,13,38,11.469297044838472
1171,face,FACE_428_396,428,396,9.808933245710085
1172,face,FACE_127_139,127,139,20.72199879268474
1173,face,FACE_120_100,120,100,5.412412105251565
1174,face,FACE_259_444,259,444,5.4508517700386845
1175,face,FACE_378_395,378,395,11.289970827098196
1176,face,FACE_183_76,183,76,6.032050024884882
1177,face,FACE_260_259,260,259,4.988627130116274
1178,face,FACE_427_436,427,436,9.765740602068401
1179,face,FACE_346_448,346,448,9.67643773039262
1180,face,FACE_306_375,306,375,6.754605437234819
1181,face,FACE_255_446,255,446,7.411200921393542
1182,face,FACE_36_142,36,142,11.243262251918651
1183,face,FACE_369_431,369,431,20.996729366362043
1184,face,FACE_51_5,51,5,7.05591349302709
1185,face,FACE_435_376,435,376,25.37559413850026
1186,face,FACE_282_283,282,283,10.806227070491497
1187,face,FACE_462_250,462,250,1.9716525501514097
1188,face,FACE_347_449,347,449,8.788143337266495
1189,face,FACE_205_216,205,216,17.610879271017744
1190,face,FACE_64_240,64,240,6.329846909142707
1191,face,FACE_267_11,267,11,13.119787245833097
1192,face,FACE_351_419,351,419,7.027052834089017
1193,face,FACE_431_262,431,262,12.780046119385693
1194,face,FACE_411_433,411,433,15.332954615161084
1195,face,FACE_143_124,143,124,15.639672190833476
1196,face,FACE_190_56,190,56,7.538536364928355
1197,face,FACE_315_316,315,316,3.570186791870069
1198,face,FACE_346_340,346,340,5.432204425578382
1199,face,FACE_116_143,116,143,12.148818445800321
1200,face,FACE_316_317,316,317,2.406428473485382
1201,face,FACE_327_326,327,326,13.330231103667336
1202,face,FACE_206_36,206,36,17.43161341895638
1203,face,FACE_192_138,192,138,16.213160635298557
1204,face,FACE_464_417,464,417,8.298803415460046
1205,face,FACE_149_176,149,176,13.782291330185153
1206,face,FACE_356_389,356,389,19.884617079584604
1207,face,FACE_349_350,349,350,8.49854623091718
1208,face,FACE_102_64,102,64,4.051921929398344
1209,face,FACE_47_128,47,128,10.43857670516292
1210,face,FACE_81_41,81,41,1.1412953262613788
1211,face,FACE_147_215,147,215,25.716282326348704
1212,face,FACE_450_253,450,253,5.4483959993683415
1213,face,FACE_25_226,25,226,9.002446441900567
1214,face,FACE_467_342,467,342,4.7151195613266
1215,face,FACE_332_297,332,297,19.536016493973644
1216,face,FACE_464_453,464,453,5.248514402256058
1217,face,FACE_270_322,270,322,7.332445815854749
1218,face,FACE_117_229,117,229,17.67018541459139
1219,face,FACE_282_296,282,296,13.976213520473376
1220,face,FACE_129_203,129,203,9.075540358612086
1221,face,FACE_155_112,155,112,3.0556935435567847
1222,face,FACE_434_430,434,430,18.766213872733463
1223,face,FACE_345_352,345,352,14.372956962686384
1224,face,FACE_465_417,465,417,8.07380062827942
1225,face,FACE_248_419,248,419,6.576367170459848
1226,face,FACE_61_184,61,184,5.9004512125179165
1227,face,FACE_216_207,216,207,11.814551126419149
1228,face,FACE_307_325,307,325,2.2413564326292743
1229,face,FACE_202_43,202,43,8.18430487881153
1230,face,FACE_313_405,313,405,16.388392935366742
1231,face,FACE_79_238,79,238,9.08387486189002
1232,face,FACE_39_165,39,165,9.00168155556149
1233,face,FACE_177_215,177,215,17.18161692140684
1234,face,FACE_392_289,392,289,0.8157366317739042
1235,face,FACE_329_349,329,349,5.289012205816633
1236,face,FACE_201_200,201,200,14.963142939001877
1237,face,FACE_87_178,87,178,9.194537998449796
1238,face,FACE_448_449,448,449,7.395278290872363
1239,face,FACE_172_136,172,136,15.670514980279682
1240,face,FACE_266_329,266,329,16.551834673698778
1241,face,FACE_274_4,274,4,10.42175503224889
1242,face,FACE_165_97,165,97,21.02013992118968
1243,face,FACE_226_113,226,113,6.343661634892708
1244,face,FACE_56_190,56,190,7.538536364928355
1245,face,FACE_323_454,323,454,18.134413045908794
1246,face,FACE_264_368,264,368,15.844116952106104
1247,face,FACE_229_118,229,118,8.650337949973721
1248,face,FACE_75_60,75,60,5.85043896184811
1249,face,FACE_88_179,88,179,7.358034812677201
1250,face,FACE_415_308,415,308,5.09700476563603
1251,face,FACE_293_282,293,282,14.685244080468971
1252,face,FACE_212_214,212,214,11.750407503563581
1253,face,FACE_204_210,204,210,15.535067075472323
1254,face,FACE_230_119,230,119,5.89509453452219
1255,face,FACE_176_148,176,148,14.697525773618905
1256,face,FACE_188_122,188,122,7.049915553378848
1257,face,FACE_339_254,339,254,6.2226239781435595
1258,face,FACE_42_184,42,184,9.24490725533995
1259,face,FACE_342_445,342,445,5.927866917868695
1260,face,FACE_199_396,199,396,18.686204435977114
1261,face,FACE_166_219,166,219,3.768107877338003
1262,face,FACE_419_399,419,399,6.57207937396312
1263,face,FACE_30_29,30,29,5.862260362040887
1264,face,FACE_15_315,15,315,11.382779921845858
1265,face,FACE_236_134,236,134,6.456758878332374
1266,face,FACE_301_300,301,300,7.537162279475258
1267,face,FACE_333_332,333,332,13.944629185351989
1268,face,FACE_352_345,352,345,14.372956962686384
1269,face,FACE_52_53,52,53,13.045784028767468
1270,face,FACE_166_75,166,75,2.6428932676974988
1271,face,FACE_192_213,192,213,11.982439825487837
1272,face,FACE_3_197,3,197,10.07478622221235
1273,face,FACE_77_146,77,146,2.3413512091751785
1274,face,FACE_363_360,363,360,7.7283443200194855
1275,face,FACE_334_333,334,333,16.485855240800714
1276,face,FACE_6_351,6,351,7.3050675151071225
1277,face,FACE_6_122,6,122,7.832409981966444
1278,face,FACE_406_321,406,321,14.871595184125997
1279,face,FACE_284_332,284,332,17.11202413833808
1280,face,FACE_350_277,350,277,4.692453487238329
1281,face,FACE_8_168,8,168,5.7126793752788
1282,face,FACE_129_49,129,49,5.359973535671539
1283,face,FACE_0_164,0,164,8.04891064606676
1284,face,FACE_300_276,300,276,5.366492764578919
1285,face,FACE_86_87,86,87,2.194348014760208
1286,face,FACE_226_247,226,247,9.789347758756396
1287,face,FACE_119_120,119,120,11.595413632156681
1288,face,FACE_37_167,37,167,6.9458383527451995
1289,face,FACE_111_116,111,116,11.884998243612324
1290,face,FACE_451_450,451,450,9.38781446411169
1291,face,FACE_335_418,335,418,17.11332096811007
1292,face,FACE_40_92,40,92,8.031147397869164
1293,face,FACE_52_66,52,66,15.539832078817785
1294,face,FACE_285_417,285,417,8.298237310493839
1295,face,FACE_224_29,224,29,5.39898083964397
1296,face,FACE_330_425,330,425,21.027815441732706
1297,face,FACE_285_8,285,8,12.930980859283517
1298,face,FACE_236_3,236,3,7.628977192951228
1299,face,FACE_307_292,307,292,5.269118284212454
1300,face,FACE_187_147,187,147,11.6850227948238
1301,face,FACE_139_70,139,70,16.40413490635692
1302,face,FACE_185_186,185,186,7.05969693210645
1303,face,FACE_270_410,270,410,10.759130489442384
1304,face,FACE_456_420,456,420,7.307268044572118
1305,face,FACE_407_415,407,415,2.4232008656002995
1306,face,FACE_294_358,294,358,3.2522376233995027
1307,face,FACE_78_96,78,96,5.87090603966117
1308,face,FACE_259_257,259,257,6.655267040620851
1309,face,FACE_218_219,218,219,7.245633270622332
1310,face,FACE_417_465,417,465,8.07380062827942
1311,face,FACE_304_408,304,408,5.921672805805631
1312,face,FACE_56_157,56,157,5.066059817725893
1313,face,FACE_63_53,63,53,7.45993064155172
1314,face,FACE_349_330,349,330,16.905291608495695
1315,face,FACE_241_239,241,239,7.134945491414282
1316,face,FACE_261_446,261,446,4.496856298463375
1317,face,FACE_281_275,281,275,9.121925210430861
1318,face,FACE_396_262,396,262,19.8436076339388
1319,face,FACE_441_413,441,413,6.279925853429088
1320,face,FACE_327_391,327,391,11.052424798138443
1321,face,FACE_100_120,100,120,5.412412105251565
1322,face,FACE_346_261,346,261,8.616266510427494
1323,face,FACE_348_450,348,450,5.690034019160386
1324,face,FACE_340_446,340,446,11.853460458033064
1325,face,FACE_180_85,180,85,10.837995934085324
1326,face,FACE_252_253,252,253,7.048222627497916
1327,face,FACE_137_123,137,123,12.590695591674368
1328,face,FACE_349_451,349,451,4.351372581173645
1329,face,FACE_462_328,462,328,5.8371744440584585
1330,face,FACE_455_289,455,289,3.410299317247542
1331,face,FACE_6_197,6,197,7.5336123086855915
1332,face,FACE_377_369,377,369,19.372360231854927
1333,face,FACE_115_220,115,220,7.771171022492654
1334,face,FACE_35_111,35,111,7.711801431029129
1335,face,FACE_383_300,383,300,9.899610981004017
1336,face,FACE_110_25,110,25,4.887018458114562
1337,face,FACE_437_420,437,420,6.239940857194513
1338,face,FACE_333_299,333,299,17.17236542868726
1339,face,FACE_252_374,252,374,7.502567999825586
1340,face,FACE_31_226,31,226,5.343865619500582
1341,face,FACE_71_70,71,70,10.045453806971546
1342,face,FACE_104_67,104,67,24.535568073755044
1343,face,FACE_49_131,49,131,7.501897734870327
1344,face,FACE_463_414,463,414,3.9854784889173858
1345,face,FACE_118_230,118,230,17.836190482803463
1346,face,FACE_104_103,104,103,15.287344923611817
1347,face,FACE_155_154,155,154,3.1228902843390554
1348,face,FACE_220_134,220,134,7.474104557266193
1349,face,FACE_262_396,262,396,19.8436076339388
1350,face,FACE_70_46,70,46,6.893374279682572
1351,face,FACE_436_432,436,432,15.808279630194226
1352,face,FACE_167_164,167,164,13.041532462385899
1353,face,FACE_170_169,170,169,14.811249396407153
1354,face,FACE_211_170,211,170,11.578925550472425
1355,face,FACE_77_90,77,90,7.619682426064369
1356,face,FACE_22_154,22,154,6.464467634631032
1357,face,FACE_237_79,237,79,4.681875706924357
1358,face,FACE_197_6,197,6,7.5336123086855915
1359,face,FACE_143_35,143,35,8.323894395507757
1360,face,FACE_146_77,146,77,2.3413512091751785
1361,face,FACE_434_364,434,364,18.62296058513328
1362,face,FACE_72_11,72,11,12.69502509956998
1363,face,FACE_9_337,9,337,30.24397072285249
1364,face,FACE_465_351,465,351,4.105157368079608
1365,face,FACE_89_180,89,180,8.832149362803726
1366,face,FACE_255_249,255,249,4.541944131712192
1367,face,FACE_295_285,295,285,16.89734569124512
1368,face,FACE_90_181,90,181,11.145263182101603
1369,face,FACE_91_146,91,146,8.829354314937012
1370,face,FACE_143_156,143,156,12.767459037316295
1371,face,FACE_18_421,18,421,16.779378441193145
1372,face,FACE_232_121,232,121,4.172017766701265
1373,face,FACE_425_436,425,436,16.976867904654643
1374,face,FACE_257_443,257,443,4.444137242119523
1375,face,FACE_29_27,29,27,7.5880425698496765
1376,face,FACE_327_358,327,358,8.111447608581141
1377,face,FACE_433_376,433,376,14.69768257179079
1378,face,FACE_299_296,299,296,21.12768247620923
1379,face,FACE_259_260,259,260,4.988627130116274
1380,face,FACE_405_314,405,314,10.322873437384894
1381,face,FACE_158_28,158,28,5.907001231980534
1382,face,FACE_217_114,217,114,6.412205782524348
1383,face,FACE_197_248,197,248,11.081095102418905
1384,face,FACE_124_35,124,35,9.235707751799765
1385,face,FACE_375_291,375,291,7.522087018308879
1386,face,FACE_321_320,321,320,3.060622520679274
1387,face,FACE_324_325,324,325,2.4075126933617033
1388,face,FACE_336_299,336,299,28.436796849930722
1389,face,FACE_62_96,62,96,6.931985536521305
1390,face,FACE_22_23,22,23,7.473084468409901
1391,face,FACE_281_363,281,363,6.850715191396619
1392,face,FACE_443_282,443,282,6.307114319426325
1393,face,FACE_20_99,20,99,6.026177617880089
1394,face,FACE_124_156,124,156,7.169470177588788
1395,face,FACE_464_341,464,341,5.9813846584744805
1396,face,FACE_27_223,27,223,4.462807417251235
1397,face,FACE_125_237,125,237,9.961942683443795
1398,face,FACE_148_140,148,140,20.115894616386214
1399,face,FACE_279_331,279,331,3.4926196290127414
1400,face,FACE_32_194,32,194,11.046105937145693
1401,face,FACE_44_19,44,19,7.941130113728377
1402,face,FACE_244_193,244,193,9.426376924712303
1403,face,FACE_439_289,439,289,3.9650424016262065
1404,face,FACE_453_452,453,452,5.226763675284367
1405,face,FACE_12_72,12,72,12.734497032295753
1406,face,FACE_343_437,343,437,6.236292921347169
1407,face,FACE_94_370,94,370,3.1701842392370208
1408,face,FACE_94_141,94,141,3.3603466295707505
1409,face,FACE_429_360,429,360,2.2252429835681222
1410,face,FACE_444_259,444,259,5.4508517700386845
1411,face,FACE_322_270,322,270,7.332445815854749
1412,face,FACE_121_100,121,100,12.01683919521207
1413,face,FACE_199_428,199,428,16.0901623463935
1414,face,FACE_379_395,379,395,7.230666300461735
1415,face,FACE_32_171,32,171,21.29316442088065
1416,face,FACE_322_391,322,391,8.92504135560411
1417,face,FACE_389_301,389,301,12.744150363860905
1418,face,FACE_279_429,279,429,6.0680766031685955
1419,face,FACE_394_379,394,379,12.827338193459443
1420,face,FACE_453_465,453,465,5.99656260328242
1421,face,FACE_380_252,380,252,4.119479011904385
1422,face,FACE_416_434,416,434,11.086698722913471
1423,face,FACE_362_463,362,463,2.5379792399470102
1424,face,FACE_309_457,309,457,2.8851190515299647
1425,face,FACE_6_419,6,419,12.077413111034112
1426,face,FACE_193_245,193,245,8.281147073919962
1427,face,FACE_413_285,413,285,8.03760182764913
1428,face,FACE_310_272,310,272,1.915305878236217
1429,face,FACE_163_110,163,110,5.710407573517872
1430,face,FACE_29_30,29,30,5.862260362040887
1431,face,FACE_69_66,69,66,21.273596107117076
1432,face,FACE_114_217,114,217,6.412205782524348
1433,face,FACE_328_326,328,326,1.8880103754006188
1434,face,FACE_431_418,431,418,12.20513714112014
1435,face,FACE_98_129,98,129,9.150894845038321
1436,face,FACE_171_199,171,199,20.12505288709987
1437,face,FACE_303_269,303,269,4.016539448615453
1438,face,FACE_91_90,91,90,3.0424301033748367
1439,face,FACE_156_70,156,70,11.068064800160268
1440,face,FACE_282_295,282,295,13.652058789266462
1441,face,FACE_287_410,287,410,8.164217756778026
1442,face,FACE_73_72,73,72,11.335025864901931
1443,face,FACE_194_182,194,182,10.084418230800491
1444,face,FACE_408_291,408,291,5.334405965014377
1445,face,FACE_221_56,221,56,7.422673639813726
1446,face,FACE_126_47,126,47,6.661484311742568
1447,face,FACE_137_93,137,93,6.76390638514715
1448,face,FACE_49_209,49,209,5.340015250838515
1449,face,FACE_257_387,257,387,7.546789059011589
1450,face,FACE_416_411,416,411,21.949501628792568
1451,face,FACE_176_170,176,170,22.112683884409496
1452,face,FACE_95_96,95,96,2.1188920365040356
1453,face,FACE_235_219,235,219,1.715348843577868
1454,face,FACE_401_288,401,288,27.607028192190004
1455,face,FACE_346_352,346,352,22.614076071028816
1456,face,FACE_79_237,79,237,4.681875706924357
1457,face,FACE_218_166,218,166,4.075519894838506
1458,face,FACE_430_431,430,431,13.659643682284077
1459,face,FACE_289_455,289,455,3.410299317247542
1460,face,FACE_82_13,82,13,11.020971977193614
1461,face,FACE_108_151,108,151,20.398731075469858
1462,face,FACE_355_437,355,437,7.406795022818601
1463,face,FACE_342_467,342,467,4.7151195613266
1464,face,FACE_276_293,276,293,10.260864962491967
1465,face,FACE_308_325,308,325,4.661510126802983
1466,face,FACE_427_425,427,425,15.092167324450534
1467,face,FACE_97_141,97,141,9.379533014196598
1468,face,FACE_431_395,431,395,11.237310032038286
1469,face,FACE_423_391,423,391,11.850254105247041
1470,face,FACE_190_189,190,189,5.648857724176185
1471,face,FACE_330_349,330,349,16.905291608495695
1472,face,FACE_162_127,162,127,20.395090011122697
1473,face,FACE_359_263,359,263,2.9766119933105806
1474,face,FACE_464_465,464,465,1.5773110797209635
1475,face,FACE_376_352,376,352,16.52696314187597
1476,face,FACE_223_222,223,222,10.813581303679475
1477,face,FACE_435_401,435,401,16.431964780151024
1478,face,FACE_230_118,230,118,17.836190482803463
1479,face,FACE_222_28,222,28,4.07222346768696
1480,face,FACE_408_304,408,304,5.921672805805631
1481,face,FACE_50_187,50,187,21.27044138142299
1482,face,FACE_42_183,42,183,6.989732689023075
1483,face,FACE_183_42,183,42,6.989732689023075
1484,face,FACE_187_192,187,192,22.333356963882895
1485,face,FACE_25_130,25,130,3.75851443205537
1486,face,FACE_265_340,265,340,7.105712745271725
1487,face,FACE_92_40,92,40,8.031147397869164
1488,face,FACE_371_358,371,358,8.30095499847452
1489,face,FACE_211_140,211,140,22.307568521003837
1490,face,FACE_35_143,35,143,8.323894395507757
1491,face,FACE_15_85,15,85,11.696877548575259
1492,face,FACE_142_126,142,126,9.28710585249461
1493,face,FACE_195_281,195,281,11.532529074379546
1494,face,FACE_440_457,440,457,5.991909401470948
1495,face,FACE_221_190,221,190,5.466185156697058
1496,face,FACE_386_257,386,257,5.878413125847261
1497,face,FACE_277_350,277,350,4.692453487238329
1498,face,FACE_251_298,251,298,13.729952301506751
1499,face,FACE_383_368,383,368,5.765991967690669
1500,face,FACE_255_448,255,448,6.329839443292679
1501,face,FACE_290_289,290,289,7.162253095036797
1502,face,FACE_317_14,317,14,9.771916356696915
1503,face,FACE_103_54,103,54,19.73714066544679
1504,face,FACE_414_441,414,441,5.31528445685809
1505,face,FACE_160_30,160,30,8.869445012333031
1506,face,FACE_174_114,174,114,6.7826570112892925
1507,face,FACE_326_328,326,328,1.8880103754006188
1508,face,FACE_460_328,460,328,9.741567255824547
1509,face,FACE_152_175,152,175,7.762380553062575
1510,face,FACE_124_113,124,113,7.590441212083471
1511,face,FACE_367_365,367,365,24.91445453903029
1512,face,FACE_98_240,98,240,3.2609315008908593
1513,face,FACE_64_98,64,98,4.842018271551089
1514,face,FACE_262_428,262,428,14.040156181803342
1515,face,FACE_396_428,396,428,9.808933245710085
1516,face,FACE_122_188,122,188,7.049915553378848
1517,face,FACE_327_328,327,328,11.889136753675428
1518,face,FACE_80_42,80,42,1.1771960962969739
1519,face,FACE_265_353,265,353,8.46335090614395
1520,face,FACE_38_82,38,82,0.7247333871577473
1521,face,FACE_282_442,282,442,14.085270952317808
1522,face,FACE_209_49,209,49,5.340015250838515
1523,face,FACE_73_39,73,39,4.011646717721723
1524,face,FACE_25_228,25,228,6.962855456400022
1525,face,FACE_302_11,302,11,11.897594495093083
1526,face,FACE_100_142,100,142,8.102692044661758
1527,face,FACE_447_366,447,366,16.425311896007617
1528,face,FACE_460_305,460,305,3.3134715008352646
1529,face,FACE_451_256,451,256,8.218802605645825
1530,face,FACE_1_19,1,19,4.697190082278265
1531,face,FACE_421_313,421,313,9.920829318448904
1532,face,FACE_370_2,370,2,4.297727194184845
1533,face,FACE_434_432,434,432,9.828328354302045
1534,face,FACE_321_375,321,375,7.712660609506311
1535,face,FACE_308_292,308,292,1.557625969537526
1536,face,FACE_179_178,179,178,1.8942084169804205
1537,face,FACE_39_167,39,167,15.960956414612571
1538,face,FACE_459_461,459,461,6.148189506283547
1539,face,FACE_46_63,46,63,10.898544633332449
1540,face,FACE_391_326,391,326,18.759117292918845
1541,face,FACE_417_464,417,464,8.298803415460046
1542,face,FACE_197_195,197,195,7.246142620275002
1543,face,FACE_230_229,230,229,10.827572069760926
1544,face,FACE_356_368,356,368,17.910156327015688
1545,face,FACE_349_329,349,329,5.289012205816633
1546,face,FACE_241_238,241,238,1.871457836589701
1547,face,FACE_326_462,326,462,5.072153215330548
1548,face,FACE_52_222,52,222,15.37471681458768
1549,face,FACE_401_376,401,376,9.66242001616033
1550,face,FACE_172_138,172,138,12.443135899167498
1551,face,FACE_245_128,245,128,6.956531483922688
1552,face,FACE_288_435,288,435,11.298135831752193
1553,face,FACE_382_362,382,362,1.5148957645088856
1554,face,FACE_407_306,407,306,5.686138858606022
1555,face,FACE_187_123,187,123,21.437551092804696
1556,face,FACE_292_325,292,325,5.872687533069401
1557,face,FACE_212_216,212,216,15.948781583923099
1558,face,FACE_411_425,411,425,18.811865617366415
1559,face,FACE_143_116,143,116,12.148818445800321
1560,face,FACE_349_450,349,450,9.01095251094484
1561,face,FACE_216_186,216,186,8.324828069211781
1562,face,FACE_296_295,296,295,7.100300380769879
1563,face,FACE_18_201,18,201,17.171950836460404
1564,face,FACE_247_30,247,30,5.776488817232478
1565,face,FACE_262_418,262,418,10.925629228002563
1566,face,FACE_14_316,14,316,10.844731479721641
1567,face,FACE_14_87,14,87,10.401233045631503
1568,face,FACE_114_174,114,174,6.7826570112892925
1569,face,FACE_195_248,195,248,6.198398523388654
1570,face,FACE_300_301,300,301,7.537162279475258
1571,face,FACE_162_71,162,71,17.819114484796216
1572,face,FACE_181_84,181,84,11.328455916645177
1573,face,FACE_423_371,423,371,15.729286324903995
1574,face,FACE_369_400,369,400,9.107630436800797
1575,face,FACE_330_329,330,329,13.319683908040549
1576,face,FACE_142_129,142,129,8.706466551317975
1577,face,FACE_188_245,188,245,4.5392201473116955
1578,face,FACE_333_334,333,334,16.485855240800714
1579,face,FACE_334_299,334,299,24.1448041537925
1580,face,FACE_274_19,274,19,8.199325581212483
1581,face,FACE_251_301,251,301,7.307593942827795
1582,face,FACE_264_383,264,383,15.903075217697104
1583,face,FACE_76_183,76,183,6.032050024884882
1584,face,FACE_355_358,355,358,14.998564488564151
1585,face,FACE_434_422,434,422,16.27507550607936
1586,face,FACE_286_258,286,258,6.339130795988556
1587,face,FACE_372_447,372,447,19.10712314604221
1588,face,FACE_31_117,31,117,8.80492849101349
1589,face,FACE_438_392,438,392,2.822848910178962
1590,face,FACE_38_13,38,13,11.469297044838472
1591,face,FACE_1_274,1,274,6.382610249953662
1592,face,FACE_168_122,168,122,10.382517858079606
1593,face,FACE_121_47,121,47,4.820864525226343
1594,face,FACE_7_25,7,25,5.415578653046084
1595,face,FACE_138_136,138,136,25.97868823211274
1596,face,FACE_262_431,262,431,12.780046119385693
1597,face,FACE_97_98,97,98,15.965304717194106
1598,face,FACE_369_377,369,377,19.372360231854927
1599,face,FACE_463_341,463,341,3.1165925586557788
1600,face,FACE_401_366,401,366,17.763687220643007
1601,face,FACE_146_76,146,76,7.1915364632038745
1602,face,FACE_9_107,9,107,16.60541396381435
1603,face,FACE_451_452,451,452,7.391040113074813
1604,face,FACE_238_79,238,79,9.08387486189002
1605,face,FACE_462_461,462,461,2.1035055530937496
1606,face,FACE_132_177,132,177,7.503575424975758
1607,face,FACE_441_258,441,258,12.17791470710016
1608,face,FACE_339_390,339,390,5.088203206359597
1609,face,FACE_204_202,204,202,14.165308965620998
1610,face,FACE_90_180,90,180,9.41089911451695
1611,face,FACE_410_270,410,270,10.759130489442384
1612,face,FACE_355_371,355,371,8.67621733390809
1613,face,FACE_176_140,176,140,8.881838511991274
1614,face,FACE_27_160,27,160,8.026549048407393
1615,face,FACE_447_454,447,454,4.6444776430191705
1616,face,FACE_114_128,114,128,4.191786533118339
1617,face,FACE_466_467,466,467,5.016923730920459
1618,face,FACE_188_114,188,114,7.984898222707051
1619,face,FACE_141_2,141,2,3.3014146399714575
1620,face,FACE_91_181,91,181,10.648195188533707
1621,face,FACE_78_62,78,62,1.151585252970318
1622,face,FACE_232_120,232,120,9.888310074685505
1623,face,FACE_48_219,48,219,3.775182896944754
1624,face,FACE_400_378,400,378,11.118478433015985
1625,face,FACE_207_212,207,212,21.97605942860608
1626,face,FACE_406_421,406,421,17.155238999589475
1627,face,FACE_199_208,199,208,17.300859003599374
1628,face,FACE_439_455,439,455,1.5040385363971138
1629,face,FACE_250_290,250,290,5.528954155280914
1630,face,FACE_405_313,405,313,16.388392935366742
1631,face,FACE_269_303,269,303,4.016539448615453
1632,face,FACE_295_441,295,441,12.922114534224661
1633,face,FACE_36_101,36,101,10.930182204925977
1634,face,FACE_261_448,261,448,4.513275232406141
1635,face,FACE_388_260,388,260,5.164591421593889
1636,face,FACE_20_242,20,242,2.3930093420881797
1637,face,FACE_414_398,414,398,4.016577888861651
1638,face,FACE_273_422,273,422,7.2758355436713495
1639,face,FACE_433_411,433,411,15.332954615161084
1640,face,FACE_4_5,4,5,9.854789826889904
1641,face,FACE_159_28,159,28,8.382136820394452
1642,face,FACE_255_261,255,261,7.525496028477497
1643,face,FACE_175_152,175,152,7.762380553062575
1644,face,FACE_117_31,117,31,8.80492849101349
1645,face,FACE_99_242,99,242,7.825163711147088
1646,face,FACE_133_155,133,155,1.6045373300229837
1647,face,FACE_53_46,53,46,10.976084566898724
1648,face,FACE_66_65,66,65,7.093154713503216
1649,face,FACE_406_313,406,313,12.341963204857016
1650,face,FACE_322_436,322,436,11.742943444874257
1651,face,FACE_337_299,337,299,16.678844781233156
1652,face,FACE_134_236,134,236,6.456758878332374
1653,face,FACE_456_399,456,399,6.1264666798628875
1654,face,FACE_328_250,328,250,4.6290954537779925
1655,face,FACE_247_33,247,33,3.822276375682595
1656,face,FACE_365_397,365,397,12.37436304062868
1657,face,FACE_70_71,70,71,10.045453806971546
1658,face,FACE_338_151,338,151,28.445990020716827
1659,face,FACE_35_113,35,113,13.685340758418187
1660,face,FACE_94_19,94,19,2.0027483767360357
1661,face,FACE_194_106,194,106,17.699907124743987
1662,face,FACE_447_323,447,323,22.536406958634014
1663,face,FACE_31_228,31,228,5.728630840083346
1664,face,FACE_185_57,185,57,10.30130749945286
1665,face,FACE_63_68,63,68,13.36572351902788
1666,face,FACE_104_69,104,69,20.522473373038736
1667,face,FACE_43_202,43,202,8.18430487881153
1668,face,FACE_217_126,217,126,8.057969656805232
1669,face,FACE_21_71,21,71,10.423095588399873
1670,face,FACE_454_447,454,447,4.6444776430191705
1671,face,FACE_140_171,140,171,16.283606585066515
1672,face,FACE_398_286,398,286,6.861990675491892
1673,face,FACE_245_193,245,193,8.281147073919962
1674,face,FACE_56_28,56,28,6.659077828559489
1675,face,FACE_196_188,196,188,7.278917688177274
1676,face,FACE_435_433,435,433,10.787166808480865
1677,face,FACE_54_104,54,104,24.129538693083266
1678,face,FACE_368_300,368,300,11.315224631742078
1679,face,FACE_273_291,273,291,10.72921771568443
1680,face,FACE_92_216,92,216,14.382217510719492
1681,face,FACE_255_359,255,359,3.0628885882788004
1682,face,FACE_437_399,437,399,6.946157812628469
1683,face,FACE_309_250,309,250,8.855720948514602
1684,face,FACE_322_269,322,269,11.898573287369262
1685,face,FACE_113_46,113,46,8.392323426545914
1686,face,FACE_59_75,59,75,2.186300838427477
1687,face,FACE_146_43,146,43,6.080753375041799
1688,face,FACE_358_371,358,371,8.30095499847452
1689,face,FACE_362_341,362,341,2.1025416522279983
1690,face,FACE_148_152,148,152,17.17699641333331
1691,face,FACE_200_428,200,428,19.413191608968827
1692,face,FACE_140_148,140,148,20.115894616386214
1693,face,FACE_221_222,221,222,12.012654300894432
1694,face,FACE_200_199,200,199,11.670463869999042
1695,face,FACE_240_235,240,235,2.719932798593596
1696,face,FACE_272_304,272,304,3.2559182796818646
1697,face,FACE_232_231,232,231,7.65702079745082
1698,face,FACE_421_18,421,18,16.779378441193145
1699,face,FACE_446_340,446,340,11.853460458033064
1700,face,FACE_55_189,55,189,8.867841481554002
1701,face,FACE_169_211,169,211,14.46213110357194
1702,face,FACE_287_432,287,432,6.1567990374898365
1703,face,FACE_228_117,228,117,10.155296195370095
1704,face,FACE_233_232,233,232,5.550915304069517
1705,face,FACE_125_141,125,141,1.8839606777881956
1706,face,FACE_453_464,453,464,5.248514402256058
1707,face,FACE_310_415,310,415,5.300650209338882
1708,face,FACE_289_392,289,392,0.8157366317739042
1709,face,FACE_416_433,416,433,9.932919428744283
1710,face,FACE_322_426,322,426,8.829934779664505
1711,face,FACE_294_327,294,327,4.907389081374007
1712,face,FACE_118_101,118,101,15.052430729620475
1713,face,FACE_199_175,199,175,10.164267254117295
1714,face,FACE_438_457,438,457,5.155129223389964
1715,face,FACE_366_352,366,352,9.234177651046007
1716,face,FACE_404_315,404,315,9.609567622059433
1717,face,FACE_269_270,269,270,7.74962528300747
1718,face,FACE_367_433,367,433,24.347471048845225
1719,face,FACE_298_333,298,333,14.69032071954986
1720,face,FACE_311_272,311,272,8.3222670296197
1721,face,FACE_0_267,0,267,12.26970222728995
1722,face,FACE_252_451,252,451,4.110604738667495
1723,face,FACE_179_89,179,89,8.318227237468637
1724,face,FACE_25_31,25,31,8.556895397408264
1725,face,FACE_278_360,278,360,9.062888464079666
1726,face,FACE_269_391,269,391,8.14043729798107
1727,face,FACE_325_292,325,292,5.872687533069401
1728,face,FACE_413_441,413,441,6.279925853429088
1729,face,FACE_107_69,107,69,32.02209148279753
1730,face,FACE_92_206,92,206,10.264984780225983
1731,face,FACE_365_364,365,364,13.473461334917202
1732,face,FACE_363_440,363,440,7.594799750347132
1733,face,FACE_62_183,62,183,4.20532308047393
1734,face,FACE_187_214,187,214,30.766278227329856
1735,face,FACE_455_294,455,294,3.181472052855768
1736,face,FACE_133_243,133,243,3.1378792426383906
1737,face,FACE_387_388,387,388,4.354605381391028
1738,face,FACE_219_166,219,166,3.768107877338003
1739,face,FACE_350_357,350,357,6.736170032007745
1740,face,FACE_109_151,109,151,31.96805834689731
1741,face,FACE_448_254,448,254,12.950869510027308
1742,face,FACE_419_456,419,456,11.995274495829808
1743,face,FACE_431_430,431,430,13.659643682284077
1744,face,FACE_50_101,50,101,22.322474620289505
1745,face,FACE_423_426,423,426,11.119972004932077
1746,face,FACE_222_27,222,27,10.151093947143856
1747,face,FACE_287_422,287,422,15.46095040652125
1748,face,FACE_321_335,321,335,7.181145709464218
1749,face,FACE_152_377,152,377,16.445471466210794
1750,face,FACE_165_167,165,167,18.70397926418747
1751,face,FACE_167_97,167,97,4.960044550447398
1752,face,FACE_43_61,43,61,10.843869976959992
1753,face,FACE_306_291,306,291,1.8702418549179858
1754,face,FACE_79_20,79,20,9.360785040157477
1755,face,FACE_465_464,465,464,1.5773110797209635
1756,face,FACE_432_287,432,287,6.1567990374898365
1757,face,FACE_195_51,195,51,10.395797550189481
1758,face,FACE_221_189,221,189,6.577411808717103
1759,face,FACE_239_237,239,237,1.663884310380485
1760,face,FACE_85_179,85,179,11.032946338749193
1761,face,FACE_272_271,272,271,6.383717237255835
1762,face,FACE_445_342,445,342,5.927866917868695
1763,face,FACE_344_439,344,439,5.722676906168653
1764,face,FACE_42_74,42,74,2.987142915366578
1765,face,FACE_162_139,162,139,8.600661616955803
1766,face,FACE_347_450,347,450,17.17327093643118
1767,face,FACE_133_112,133,112,2.292201614706178
1768,face,FACE_387_257,387,257,7.546789059011589
1769,face,FACE_460_327,460,327,2.4732746708670037
1770,face,FACE_57_202,57,202,15.615693315441819
1771,face,FACE_271_311,271,311,1.9610990921665783
1772,face,FACE_123_147,123,147,16.98690409635015
1773,face,FACE_437_343,437,343,6.236292921347169
1774,face,FACE_275_281,275,281,9.121925210430861
1775,face,FACE_340_261,340,261,9.632705454512632
1776,face,FACE_161_30,161,30,5.542849022990496
1777,face,FACE_338_337,338,337,18.93917681339564
1778,face,FACE_357_350,357,350,6.736170032007745
1779,face,FACE_217_47,217,47,6.963259934111388
1780,face,FACE_309_459,309,459,2.9937042339216733
1781,face,FACE_255_339,255,339,3.803172049416306
1782,face,FACE_287_291,287,291,5.5638840011496
1783,face,FACE_139_127,139,127,20.72199879268474
1784,face,FACE_268_12,268,12,11.132740560829054
1785,face,FACE_38_81,38,81,8.879767291546433
1786,face,FACE_230_22,230,22,10.966993106940318
1787,face,FACE_101_100,101,100,13.96879242153776
1788,face,FACE_81_42,81,42,8.71088085180084
1789,face,FACE_220_237,220,237,6.25515477512121
1790,face,FACE_404_403,404,403,3.139972234236433
1791,face,FACE_351_168,351,168,11.430019628655968
1792,face,FACE_405_404,405,404,4.391439821258221
1793,face,FACE_61_185,61,185,4.776767493804984
1794,face,FACE_396_175,396,175,16.818288504691242
1795,face,FACE_93_137,93,137,6.76390638514715
1796,face,FACE_79_239,79,239,3.976284544732293
1797,face,FACE_313_406,313,406,12.341963204857016
1798,face,FACE_424_273,424,273,16.408825492128667
1799,face,FACE_266_330,266,330,9.898539911732323
1800,face,FACE_196_122,196,122,7.303964754399081
1801,face,FACE_435_367,435,367,14.46881912020775
1802,face,FACE_108_9,108,9,33.261545182648184
1803,face,FACE_242_238,242,238,2.997025280000975
1804,face,FACE_375_273,375,273,5.536576897267057
1805,face,FACE_293_283,293,283,6.336715942946724
1806,face,FACE_205_207,205,207,15.739106798670392
1807,face,FACE_123_137,123,137,12.590695591674368
1808,face,FACE_130_33,130,33,3.7197151459552313
1809,face,FACE_223_224,223,224,10.03006192424751
1810,face,FACE_230_120,230,120,10.843107248813466
1811,face,FACE_408_306,408,306,3.814000391781004
1812,face,FACE_92_186,92,186,9.041981962708975
1813,face,FACE_345_366,345,366,23.0705296669204
1814,face,FACE_18_200,18,200,9.660424850918
1815,face,FACE_65_52,65,52,15.964150048009317
1816,face,FACE_76_61,76,61,1.897740549793294
1817,face,FACE_9_8,9,8,9.554251983738853
1818,face,FACE_342_446,342,446,5.812194129982254
1819,face,FACE_14_86,14,86,10.949167012580073
1820,face,FACE_202_57,202,57,15.615693315441819
1821,face,FACE_335_321,335,321,7.181145709464218
1822,face,FACE_20_166,20,166,14.849339342231266
1823,face,FACE_379_364,379,364,26.04450652753084
1824,face,FACE_265_342,265,342,11.66470961469481
1825,face,FACE_32_140,32,140,10.60799507860846
1826,face,FACE_385_258,385,258,5.821125960976451
1827,face,FACE_390_373,390,373,4.265950342141621
1828,face,FACE_231_120,231,120,4.8281890981002356
1829,face,FACE_77_62,77,62,5.952282279318744
1830,face,FACE_257_258,257,258,6.8432144287028205
1831,face,FACE_15_316,15,316,10.4904550927177
1832,face,FACE_42_41,42,41,7.572943678592318
1833,face,FACE_289_290,289,290,7.162253095036797
1834,face,FACE_340_372,340,372,7.581497641379076
1835,face,FACE_187_50,187,50,21.27044138142299
1836,face,FACE_352_346,352,346,22.614076071028816
1837,face,FACE_70_139,70,139,16.40413490635692
1838,face,FACE_416_367,416,367,15.801287923035709
1839,face,FACE_41_81,41,81,1.1412953262613788
1840,face,FACE_285_441,285,441,7.426027415910366
1841,face,FACE_277_437,277,437,4.455002413895198
1842,face,FACE_178_86,178,86,9.353577239159435
1843,face,FACE_224_53,224,53,7.4647415036192895
1844,face,FACE_284_333,284,333,16.997183146712562
1845,face,FACE_116_111,116,111,11.884998243612324
1846,face,FACE_108_107,108,107,23.87161497610686
1847,face,FACE_415_407,415,407,2.4232008656002995
1848,face,FACE_1_44,1,44,6.782772194529239
1849,face,FACE_327_294,327,294,4.907389081374007
1850,face,FACE_439_392,439,392,3.545874043580321
1851,face,FACE_57_61,57,61,6.338016110157852
1852,face,FACE_138_135,138,135,15.447989548706563
1853,face,FACE_109_108,109,108,19.361361532996014
1854,face,FACE_229_24,229,24,7.388964429028644
1855,face,FACE_106_182,106,182,11.972202271593746
1856,face,FACE_277_329,277,329,8.999684453698112
1857,face,FACE_278_294,278,294,2.8373278102365274
1858,face,FACE_274_440,274,440,9.285081466938365
1859,face,FACE_436_322,436,322,11.742943444874257
1860,face,FACE_422_424,422,424,12.92588177668591
1861,face,FACE_286_414,286,414,7.170902685665815
1862,face,FACE_360_363,360,363,7.7283443200194855
1863,face,FACE_359_255,359,255,3.0628885882788004
1864,face,FACE_85_15,85,15,11.696877548575259
1865,face,FACE_397_367,397,367,12.859837902761706
1866,face,FACE_224_30,224,30,6.172933634576072
1867,face,FACE_27_159,27,159,5.874844625088334
1868,face,FACE_139_71,139,71,14.359984270016593
1869,face,FACE_406_335,406,335,10.719710662959244
1870,face,FACE_344_360,344,360,5.027025369945922
1871,face,FACE_348_330,348,330,7.69821721889745
1872,face,FACE_418_431,418,431,12.20513714112014
1873,face,FACE_269_302,269,302,12.609654753685593
1874,face,FACE_189_193,189,193,7.64809758138446
1875,face,FACE_36_100,36,100,16.174497457365575
1876,face,FACE_230_231,230,231,9.961274514959479
1877,face,FACE_169_135,169,135,16.678121493665426
1878,face,FACE_441_414,441,414,5.31528445685809
1879,face,FACE_447_345,447,345,8.181863510214141
1880,face,FACE_407_272,407,272,5.7935825926950395
1881,face,FACE_44_220,44,220,10.817160664140179
1882,face,FACE_100_121,100,121,12.01683919521207
1883,face,FACE_200_208,200,208,20.01522151586528
1884,face,FACE_264_372,264,372,6.225202994116895
1885,face,FACE_270_303,270,303,9.513633154463625
1886,face,FACE_271_268,271,268,8.783682452296498
1887,face,FACE_276_383,276,383,10.091236978943103
1888,face,FACE_434_411,434,411,29.345218391689894
1889,face,FACE_198_134,198,134,6.6676743571524115
1890,face,FACE_144_163,144,163,4.8954750501690825
1891,face,FACE_411_427,411,427,9.885866533555461
1892,face,FACE_349_452,349,452,10.215141787502287
1893,face,FACE_275_274,275,274,8.013765749634533
1894,face,FACE_242_97,242,97,6.738798269118544
1895,face,FACE_307_306,307,306,6.505654341745463
1896,face,FACE_133_190,133,190,4.0227563087664695
1897,face,FACE_234_93,234,93,18.555719636644138
1898,face,FACE_5_4,5,4,9.854789826889904
1899,face,FACE_445_276,445,276,7.0663590709243564
1900,face,FACE_329_330,329,330,13.319683908040549
1901,face,FACE_374_252,374,252,7.502567999825586
1902,face,FACE_27_28,27,28,7.413451555619928
1903,face,FACE_0_11,0,11,3.4982105735807947
1904,face,FACE_437_277,437,277,4.455002413895198
1905,face,FACE_382_341,382,341,2.506091543682884
1906,face,FACE_140_170,140,170,15.15106585738792
1907,face,FACE_280_330,280,330,20.551357720078357
1908,face,FACE_166_79,166,79,6.067552538295048
1909,face,FACE_111_143,111,143,10.419558383879004
1910,face,FACE_226_130,226,130,6.975520175478911
1911,face,FACE_186_57,186,57,8.28299769048964
1912,face,FACE_391_426,391,426,12.511517457897643
1913,face,FACE_105_69,105,69,23.267248969496876
1914,face,FACE_123_117,123,117,24.41286513910876
1915,face,FACE_256_381,256,381,3.495527889602921
1916,face,FACE_301_389,301,389,12.744150363860905
1917,face,FACE_428_200,428,200,19.413191608968827
1918,face,FACE_167_165,167,165,18.70397926418747
1919,face,FACE_132_58,132,58,21.207694258661324
1920,face,FACE_19_1,19,1,4.697190082278265
1921,face,FACE_125_19,125,19,4.150221616872055
1922,face,FACE_89_96,89,96,6.777559842744528
1923,face,FACE_418_421,418,421,13.185306055150004
1924,face,FACE_340_352,340,352,22.82864872022712
1925,face,FACE_48_64,48,64,3.263418991646587
1926,face,FACE_228_31,228,31,5.728630840083346
1927,face,FACE_459_309,459,309,2.9937042339216733
1928,face,FACE_72_12,72,12,12.734497032295753
1929,face,FACE_169_210,169,210,13.286171022604224
1930,face,FACE_215_177,215,177,17.18161692140684
1931,face,FACE_172_215,172,215,28.018097276361225
1932,face,FACE_215_213,215,213,11.51023882113129
1933,face,FACE_455_460,455,460,2.8229833369984054
1934,face,FACE_417_168,417,168,8.908494540558944
1935,face,FACE_461_354,461,354,2.271014170901487
1936,face,FACE_413_463,413,463,6.019906004473211
1937,face,FACE_290_392,290,392,7.610725540780457
1938,face,FACE_43_106,43,106,11.109098625933576
1939,face,FACE_423_327,423,327,9.060004817640237
1940,face,FACE_300_293,300,293,10.129253373502483
1941,face,FACE_34_143,34,143,10.419253001819861
1942,face,FACE_207_214,207,214,24.669130147804164
1943,face,FACE_119_101,119,101,7.566985098048166
1944,face,FACE_299_297,299,297,17.182748378102985
1945,face,FACE_377_396,377,396,7.784736753050483
1946,face,FACE_171_148,171,148,7.737896640719783
1947,face,FACE_40_73,40,73,10.977505413332729
1948,face,FACE_41_38,41,38,10.020289231482767
1949,face,FACE_273_424,273,424,16.408825492128667
1950,face,FACE_146_91,146,91,8.829354314937012
1951,face,FACE_141_125,141,125,1.8839606777881956
1952,face,FACE_299_333,299,333,17.17236542868726
1953,face,FACE_12_11,12,11,2.5327318121108573
1954,face,FACE_218_79,218,79,2.9736402290800097
1955,face,FACE_50_123,50,123,20.230899587748382
1956,face,FACE_255_263,255,263,3.0661633766927197
1957,face,FACE_180_89,180,89,8.832149362803726
1958,face,FACE_233_244,233,244,5.440186065880051
1959,face,FACE_45_44,45,44,8.04050516177038
1960,face,FACE_217_236,217,236,6.9270641734324006
1961,face,FACE_351_465,351,465,4.105157368079608
1962,face,FACE_96_95,96,95,2.1188920365040356
1963,face,FACE_187_213,187,213,17.083587482541198
1964,face,FACE_113_35,113,35,13.685340758418187
1965,face,FACE_352_280,352,280,14.551893449786942
1966,face,FACE_426_266,426,266,17.23126187714986
1967,face,FACE_292_415,292,415,6.151802700422341
1968,face,FACE_65_107,65,107,16.75165475081344
1969,face,FACE_164_0,164,0,8.04891064606676
1970,face,FACE_2_167,2,167,13.866664330524545
1971,face,FACE_22_145,22,145,8.19662031292264
1972,face,FACE_444_283,444,283,6.663064385961277
1973,face,FACE_429_420,429,420,6.335770859867932
1974,face,FACE_34_156,34,156,19.76072436038277
1975,face,FACE_100_101,100,101,13.96879242153776
1976,face,FACE_291_306,291,306,1.8702418549179858
1977,face,FACE_138_213,138,213,24.86688397204514
1978,face,FACE_391_393,391,393,16.309230751146806
1979,face,FACE_43_204,43,204,16.788488494679896
1980,face,FACE_294_460,294,460,5.916532582741854
1981,face,FACE_414_413,414,413,4.612998856666336
1982,face,FACE_319_404,319,404,7.596063952340691
1983,face,FACE_420_456,420,456,7.307268044572118
1984,face,FACE_352_401,352,401,25.99118587211188
1985,face,FACE_413_417,413,417,5.258962487662207
1986,face,FACE_292_307,292,307,5.269118284212454
1987,face,FACE_175_396,175,396,16.818288504691242
1988,face,FACE_223_27,223,27,4.462807417251235
1989,face,FACE_209_129,209,129,10.550462599615
1990,face,FACE_422_273,422,273,7.2758355436713495
1991,face,FACE_214_207,214,207,24.669130147804164
1992,face,FACE_206_203,206,203,11.398635772949127
1993,face,FACE_131_209,131,209,4.758121554370386
1994,face,FACE_232_112,232,112,5.9405027241948885
1995,face,FACE_425_427,425,427,15.092167324450534
1996,face,FACE_392_250,392,250,12.778646914797148
1997,face,FACE_457_459,457,459,1.588146483076636
1998,face,FACE_444_260,444,260,5.963776224479132
1999,face,FACE_281_4,281,4,10.432064439496598
2000,face,FACE_433_367,433,367,24.347471048845225
2001,face,FACE_199_200,199,200,11.670463869999042
2002,face,FACE_197_419,197,419,6.781419388358951
2003,face,FACE_11_0,11,0,3.4982105735807947
2004,face,FACE_344_438,344,438,4.237661942310053
2005,face,FACE_122_245,122,245,7.21038677081918
2006,face,FACE_300_368,300,368,11.315224631742078
2007,face,FACE_86_179,86,179,10.015809078114478
2008,face,FACE_32_208,32,208,16.23256726811376
2009,face,FACE_232_233,232,233,5.550915304069517
2010,face,FACE_446_342,446,342,5.812194129982254
2011,face,FACE_203_206,203,206,11.398635772949127
2012,face,FACE_449_347,449,347,8.788143337266495
2013,face,FACE_202_210,202,210,11.607049502760557
2014,face,FACE_19_354,19,354,3.8837032350782823
2015,face,FACE_19_125,19,125,4.150221616872055
2016,face,FACE_220_115,220,115,7.771171022492654
2017,face,FACE_412_465,412,465,3.8304978012246034
2018,face,FACE_206_216,206,216,12.161393474577855
2019,face,FACE_154_26,154,26,3.936260654830935
2020,face,FACE_452_357,452,357,5.584906262551053
2021,face,FACE_70_63,70,63,12.457837101228344
2022,face,FACE_170_150,170,150,11.15021719772023
2023,face,FACE_135_192,135,192,26.86113095743783
2024,face,FACE_69_67,69,67,18.11011708032583
2025,face,FACE_421_406,421,406,17.155238999589475
2026,face,FACE_367_435,367,435,14.46881912020775
2027,face,FACE_328_327,328,327,11.889136753675428
2028,face,FACE_333_293,333,293,21.230687886718954
2029,face,FACE_139_162,139,162,8.600661616955803
2030,face,FACE_305_460,305,460,3.3134715008352646
2031,face,FACE_97_165,97,165,21.02013992118968
2032,face,FACE_393_164,393,164,12.353180755859125
2033,face,FACE_303_270,303,270,9.513633154463625
2034,face,FACE_268_312,268,312,1.4445154175703487
2035,face,FACE_341_382,341,382,2.506091543682884
2036,face,FACE_421_262,421,262,16.152152091374184
2037,face,FACE_440_275,440,275,6.328295112042352
2038,face,FACE_25_33,25,33,3.667112846987377
2039,face,FACE_258_384,258,384,8.32416481513339
2040,face,FACE_332_333,332,333,13.944629185351989
2041,face,FACE_364_365,364,365,13.473461334917202
2042,face,FACE_269_393,269,393,15.249387517375602
2043,face,FACE_222_52,222,52,15.37471681458768
2044,face,FACE_437_355,437,355,7.406795022818601
2045,face,FACE_96_62,96,62,6.931985536521305
2046,face,FACE_6_168,6,168,5.964026785511543
2047,face,FACE_440_360,440,360,6.047351383954897
2048,face,FACE_58_215,58,215,10.883679749259453
2049,face,FACE_397_435,397,435,27.28156962858803
2050,face,FACE_465_453,465,453,5.99656260328242
2051,face,FACE_358_327,358,327,8.111447608581141
2052,face,FACE_417_413,417,413,5.258962487662207
2053,face,FACE_135_169,135,169,16.678121493665426
2054,face,FACE_125_241,125,241,2.771305111701664
2055,face,FACE_326_2,326,2,10.888492267060808
2056,face,FACE_291_273,291,273,10.72921771568443
2057,face,FACE_49_102,49,102,3.9105779124678235
2058,face,FACE_75_240,75,240,3.8673826570633403
2059,face,FACE_61_76,61,76,1.897740549793294
2060,face,FACE_372_383,372,383,11.902420378720798
2061,face,FACE_205_206,205,206,13.481136930674735
2062,face,FACE_184_183,184,183,2.5187510678060248
2063,face,FACE_144_110,144,110,9.484285678958884
2064,face,FACE_23_229,23,229,13.695776327649973
2065,face,FACE_412_419,412,419,4.191726640079052
2066,face,FACE_9_151,9,151,24.68352510780993
2067,face,FACE_62_77,62,77,5.952282279318744
2068,face,FACE_327_460,327,460,2.4732746708670037
2069,face,FACE_325_307,325,307,2.2413564326292743
2070,face,FACE_310_407,310,407,7.705611177746889
2071,face,FACE_329_277,329,277,8.999684453698112
2072,face,FACE_195_197,195,197,7.246142620275002
2073,face,FACE_267_302,267,302,4.19831150974848
2074,face,FACE_10_151,10,151,19.89853147095814
2075,face,FACE_170_140,170,140,15.15106585738792
2076,face,FACE_28_56,28,56,6.659077828559489
2077,face,FACE_288_361,288,361,19.829437041036954
2078,face,FACE_363_275,363,275,7.648901689402556
2079,face,FACE_15_86,15,86,11.14545879679073
2080,face,FACE_463_362,463,362,2.5379792399470102
2081,face,FACE_209_217,209,217,11.738871076513986
2082,face,FACE_106_204,106,204,9.530512071759025
2083,face,FACE_213_187,213,187,17.083587482541198
2084,face,FACE_386_258,386,258,7.8367512748896155
2085,face,FACE_215_147,215,147,25.716282326348704
2086,face,FACE_127_34,127,34,5.805115454089779
2087,face,FACE_387_259,387,259,5.847701297264497
2088,face,FACE_71_139,71,139,14.359984270016593
2089,face,FACE_240_60,240,60,9.53102426268433
2090,face,FACE_432_410,432,410,13.595183849104048
2091,face,FACE_241_141,241,141,3.7403455561048866
2092,face,FACE_214_187,214,187,30.766278227329856
2093,face,FACE_225_53,225,53,7.803712817936661
2094,face,FACE_111_31,111,31,10.705778947138871
2095,face,FACE_430_422,430,422,10.796079937701663
2096,face,FACE_117_111,117,111,7.444849813830887
2097,face,FACE_182_91,182,91,15.385926691552545
2098,face,FACE_229_23,229,23,13.695776327649973
2099,face,FACE_134_51,134,51,8.123836567503568
2100,face,FACE_174_236,174,236,6.20585940608888
2101,face,FACE_319_325,319,325,5.686334964730262
2102,face,FACE_419_412,419,412,4.191726640079052
2103,face,FACE_9_285,9,285,16.383293108853014
2104,face,FACE_98_97,98,97,15.965304717194106
2105,face,FACE_282_443,282,443,6.307114319426325
2106,face,FACE_73_40,73,40,10.977505413332729
2107,face,FACE_302_12,302,12,12.545689843579105
2108,face,FACE_318_402,318,402,6.588904743332735
2109,face,FACE_404_405,404,405,4.391439821258221
2110,face,FACE_275_440,275,440,6.328295112042352
2111,face,FACE_34_234,34,234,21.4350157616783
2112,face,FACE_65_221,65,221,13.042948864147416
2113,face,FACE_86_15,86,15,11.14545879679073
2114,face,FACE_405_406,405,406,8.565082312112933
2115,face,FACE_358_294,358,294,3.2522376233995027
2116,face,FACE_225_30,225,30,6.660069475640906
2117,face,FACE_116_123,116,123,14.845945649409952
2118,face,FACE_309_438,309,438,2.9276072834345266
2119,face,FACE_135_136,135,136,13.411888812297907
2120,face,FACE_196_3,196,3,6.835556010101033
2121,face,FACE_440_363,440,363,7.594799750347132
2122,face,FACE_272_407,272,407,5.7935825926950395
2123,face,FACE_467_466,467,466,5.016923730920459
2124,face,FACE_273_335,273,335,10.025864196305026
2125,face,FACE_438_439,438,439,5.411990955577569
2126,face,FACE_226_31,226,31,5.343865619500582
2127,face,FACE_110_228,110,228,8.203654957814393
2128,face,FACE_391_327,391,327,11.052424798138443
2129,face,FACE_449_448,449,448,7.395278290872363
2130,face,FACE_197_196,197,196,7.223485111112985
2131,face,FACE_129_98,129,98,9.150894845038321
2132,face,FACE_61_43,61,43,10.843869976959992
2133,face,FACE_106_194,106,194,17.699907124743987
2134,face,FACE_52_223,52,223,6.551565732197528
2135,face,FACE_237_125,237,125,9.961942683443795
2136,face,FACE_33_246,33,246,2.9052435693539476
2137,face,FACE_341_362,341,362,2.1025416522279983
2138,face,FACE_53_224,53,224,7.4647415036192895
2139,face,FACE_408_272,408,272,8.2979429227008
2140,face,FACE_45_220,45,220,7.799787536851921
2141,face,FACE_280_352,280,352,14.551893449786942
2142,face,FACE_351_412,351,412,6.351538935703164
2143,face,FACE_271_303,271,303,3.0579256698337582
2144,face,FACE_231_230,231,230,9.961274514959479
2145,face,FACE_267_269,267,269,12.278059987339828
2146,face,FACE_79_218,79,218,2.9736402290800097
2147,face,FACE_37_72,37,72,4.222228173216185
2148,face,FACE_390_339,390,339,5.088203206359597
2149,face,FACE_313_421,313,421,9.920829318448904
2150,face,FACE_157_173,157,173,4.280576842936776
2151,face,FACE_437_456,437,456,3.803235427563825
2152,face,FACE_458_250,458,250,1.2730731666347255
2153,face,FACE_47_121,47,121,4.820864525226343
2154,face,FACE_60_240,60,240,9.53102426268433
2155,face,FACE_412_399,412,399,6.710396306798073
2156,face,FACE_39_37,39,37,13.691059259246826
2157,face,FACE_76_184,76,184,4.308486271460328
2158,face,FACE_123_116,123,116,14.845945649409952
2159,face,FACE_362_398,362,398,2.0833993892625755
2160,face,FACE_309_392,309,392,4.453603089082873
2161,face,FACE_302_267,302,267,4.19831150974848
2162,face,FACE_293_298,293,298,12.111236840206919
2163,face,FACE_92_165,92,165,9.881944721169434
2164,face,FACE_4_281,4,281,10.432064439496598
2165,face,FACE_186_92,186,92,9.041981962708975
2166,face,FACE_58_172,58,172,18.241567318107283
2167,face,FACE_3_236,3,236,7.628977192951228
2168,face,FACE_105_104,105,104,17.44608511397561
2169,face,FACE_178_88,178,88,7.936140345083063
2170,face,FACE_418_335,418,335,17.11332096811007
2171,face,FACE_395_431,395,431,11.237310032038286
2172,face,FACE_108_109,108,109,19.361361532996014
2173,face,FACE_428_199,428,199,16.0901623463935
2174,face,FACE_194_32,194,32,11.046105937145693
2175,face,FACE_99_60,99,60,2.350609867156482
2176,face,FACE_250_458,250,458,1.2730731666347255
2177,face,FACE_97_99,97,99,2.106049447207838
2178,face,FACE_83_201,83,201,9.901400784889795
2179,face,FACE_98_64,98,64,4.842018271551089
2180,face,FACE_343_277,343,277,7.155695906808024
2181,face,FACE_35_124,35,124,9.235707751799765
2182,face,FACE_114_188,114,188,7.984898222707051
2183,face,FACE_5_281,5,281,6.602582384521189
2184,face,FACE_440_438,440,438,6.444415287825425
2185,face,FACE_372_340,372,340,7.581497641379076
2186,face,FACE_243_189,243,189,6.396576241078336
2187,face,FACE_90_96,90,96,6.395848951008177
2188,face,FACE_419_6,419,6,12.077413111034112
2189,face,FACE_323_447,323,447,22.536406958634014
2190,face,FACE_9_108,9,108,33.261545182648184
2191,face,FACE_289_305,289,305,2.1628979998703075
2192,face,FACE_216_92,216,92,14.382217510719492
2193,face,FACE_433_435,433,435,10.787166808480865
2194,face,FACE_212_207,212,207,21.97605942860608
2195,face,FACE_411_416,411,416,21.949501628792568
2196,face,FACE_130_25,130,25,3.75851443205537
2197,face,FACE_129_209,129,209,10.550462599615
2198,face,FACE_441_295,441,295,12.922114534224661
2199,face,FACE_392_439,392,439,3.545874043580321
2200,face,FACE_91_182,91,182,15.385926691552545
2201,face,FACE_331_279,331,279,3.4926196290127414
2202,face,FACE_270_269,270,269,7.74962528300747
2203,face,FACE_329_355,329,355,7.347117626956248
2204,face,FACE_295_442,295,442,5.61493671054197
2205,face,FACE_241_242,241,242,1.7510606282682475
2206,face,FACE_301_293,301,293,12.612551112743603
2207,face,FACE_18_313,18,313,11.978764521372105
2208,face,FACE_93_227,93,227,23.0650294131943
2209,face,FACE_399_419,399,419,6.57207937396312
2210,face,FACE_419_248,419,248,6.576367170459848
2211,face,FACE_303_302,303,302,10.064972936961052
2212,face,FACE_274_275,274,275,8.013765749634533
2213,face,FACE_41_73,41,73,2.680718356117776
2214,face,FACE_252_256,252,256,5.935543712018011
2215,face,FACE_37_39,37,39,13.691059259246826
2216,face,FACE_304_303,304,303,7.031101725449665
2217,face,FACE_156_139,156,139,9.397529956587478
2218,face,FACE_296_299,296,299,21.12768247620923
2219,face,FACE_351_6,351,6,7.3050675151071225
2220,face,FACE_242_99,242,99,7.825163711147088
2221,face,FACE_188_128,188,128,6.4050488098641445
2222,face,FACE_467_446,467,446,8.159227009364189
2223,face,FACE_371_329,371,329,7.670827620218727
2224,face,FACE_337_336,337,336,24.01596117086169
2225,face,FACE_402_316,402,316,8.013827425559018
2226,face,FACE_235_59,235,59,3.7768944236859463
2227,face,FACE_67_103,67,103,22.943078508210032
2228,face,FACE_125_44,125,44,4.946917111223446
2229,face,FACE_56_173,56,173,6.798698222945577
2230,face,FACE_145_22,145,22,8.19662031292264
2231,face,FACE_464_413,464,413,6.232816182703127
2232,face,FACE_190_173,190,173,4.3691990973252715
2233,face,FACE_267_393,267,393,6.932319744281556
2234,face,FACE_319_403,319,403,6.934641052590573
2235,face,FACE_72_37,72,37,4.222228173216185
2236,face,FACE_232_26,232,26,4.519526781301968
2237,face,FACE_292_306,292,306,2.215642010498967
2238,face,FACE_403_402,403,402,2.139382422268278
2239,face,FACE_320_404,320,404,7.965963930389567
2240,face,FACE_360_440,360,440,6.047351383954897
2241,face,FACE_441_285,441,285,7.426027415910366
2242,face,FACE_368_301,368,301,13.262622599955055
2243,face,FACE_425_426,425,426,11.91087024546094
2244,face,FACE_2_94,2,94,1.7543987053501457
2245,face,FACE_341_463,341,463,3.1165925586557788
2246,face,FACE_208_199,208,199,17.300859003599374
2247,face,FACE_215_58,215,58,10.883679749259453
2248,face,FACE_407_408,407,408,2.7714235098476245
2249,face,FACE_101_36,101,36,10.930182204925977
2250,face,FACE_455_305,455,305,5.4049110027975376
2251,face,FACE_400_369,400,369,9.107630436800797
2252,face,FACE_126_129,126,129,14.885284978875317
2253,face,FACE_233_112,233,112,4.8292237729831555
2254,face,FACE_412_343,412,343,7.358913015945377
2255,face,FACE_458_459,458,459,4.968489659401281
2256,face,FACE_63_46,63,46,10.898544633332449
2257,face,FACE_135_214,135,214,19.179119292228886
2258,face,FACE_421_428,421,428,11.446269996441584
2259,face,FACE_86_178,86,178,9.353577239159435
2260,face,FACE_449_346,449,346,15.930721980321238
2261,face,FACE_301_368,301,368,13.262622599955055
2262,face,FACE_137_116,137,116,24.61933921722744
2263,face,FACE_450_347,450,347,17.17327093643118
2264,face,FACE_237_239,237,239,1.663884310380485
2265,face,FACE_83_181,83,181,16.75140137421518
2266,face,FACE_170_149,170,149,11.247998872392971
2267,face,FACE_243_133,243,133,3.1378792426383906
2268,face,FACE_384_258,384,258,8.32416481513339
2269,face,FACE_370_94,370,94,3.1701842392370208
2270,face,FACE_208_32,208,32,16.23256726811376
2271,face,FACE_40_39,40,39,9.200368807681386
2272,face,FACE_155_26,155,26,3.9102768319028764
2273,face,FACE_207_216,207,216,11.814551126419149
2274,face,FACE_213_147,213,147,15.007481142414488
2275,face,FACE_453_357,453,357,2.2431732205099144
2276,face,FACE_11_12,11,12,2.5327318121108573
2277,face,FACE_71_63,71,63,18.869851035884803
2278,face,FACE_290_250,290,250,5.528954155280914
2279,face,FACE_128_188,128,188,6.4050488098641445
2280,face,FACE_409_287,409,287,9.072042927104103
2281,face,FACE_268_311,268,311,6.823501999103565
2282,face,FACE_334_293,334,293,12.73551332702288
2283,face,FACE_440_274,440,274,9.285081466938365
2284,face,FACE_44_45,44,45,8.04050516177038
2285,face,FACE_98_165,98,165,11.15092046254086
2286,face,FACE_304_270,304,270,3.165197683692235
2287,face,FACE_22_26,22,26,6.132158101013213
2288,face,FACE_455_439,455,439,1.5040385363971138
2289,face,FACE_74_73,74,73,8.373144855140373
2290,face,FACE_66_69,66,69,21.273596107117076
2291,face,FACE_31_111,31,111,10.705778947138871
2292,face,FACE_131_198,131,198,5.883828417351082
2293,face,FACE_184_61,184,61,5.9004512125179165
2294,face,FACE_28_222,28,222,4.07222346768696
2295,face,FACE_410_287,410,287,8.164217756778026
2296,face,FACE_436_425,436,425,16.976867904654643
2297,face,FACE_409_408,409,408,2.533262365941392
2298,face,FACE_223_52,223,52,6.551565732197528
2299,face,FACE_428_421,428,421,11.446269996441584
2300,face,FACE_376_411,376,411,7.728512946746865
2301,face,FACE_141_19,141,19,4.234752107364468
2302,face,FACE_144_24,144,24,4.900093545570973
2303,face,FACE_123_50,123,50,20.230899587748382
2304,face,FACE_142_100,142,100,8.102692044661758
2305,face,FACE_442_441,442,441,11.231789679247305
2306,face,FACE_421_418,421,418,13.185306055150004
2307,face,FACE_448_255,448,255,6.329839443292679
2308,face,FACE_138_215,138,215,16.685909579884996
2309,face,FACE_443_442,443,442,9.739771977169488
2310,face,FACE_62_76,62,76,2.046959505688955
2311,face,FACE_355_329,355,329,7.347117626956248
2312,face,FACE_375_307,375,307,2.2563242560718613
2313,face,FACE_227_143,227,143,21.150293009283097
2314,face,FACE_20_79,20,79,9.360785040157477
2315,face,FACE_39_92,39,92,14.486559572656393
2316,face,FACE_24_229,24,229,7.388964429028644
2317,face,FACE_250_392,250,392,12.778646914797148
2318,face,FACE_219_59,219,59,3.779343563360685
2319,face,FACE_36_203,36,203,10.449104248185584
2320,face,FACE_223_29,223,29,8.122489035288647
2321,face,FACE_209_131,209,131,4.758121554370386
2322,face,FACE_328_460,328,460,9.741567255824547
2323,face,FACE_206_205,206,205,13.481136930674735
2324,face,FACE_347_330,347,330,12.240717431718958
2325,face,FACE_306_292,306,292,2.215642010498967
2326,face,FACE_2_326,2,326,10.888492267060808
2327,face,FACE_184_74,184,74,7.095028166829224
2328,face,FACE_457_461,457,461,7.322418372854198
2329,face,FACE_228_229,228,229,9.054288942178076
2330,face,FACE_368_389,368,389,4.408111524797166
2331,face,FACE_239_238,239,238,5.291213668256759
2332,face,FACE_85_180,85,180,10.837995934085324
2333,face,FACE_137_227,137,227,16.970481903820218
2334,face,FACE_171_140,171,140,16.283606585066515
2335,face,FACE_210_211,210,211,15.609141703101109
2336,face,FACE_138_192,138,192,16.213160635298557
2337,face,FACE_77_96,77,96,2.1653767126963657
2338,face,FACE_458_462,458,462,3.1992994797731837
2339,face,FACE_344_440,344,440,5.854481249288007
2340,face,FACE_11_267,11,267,13.119787245833097
2341,face,FACE_242_20,242,20,2.3930093420881797
2342,face,FACE_126_217,126,217,8.057969656805232
2343,face,FACE_243_244,243,244,5.123446838619219
2344,face,FACE_324_318,324,318,4.418669668885221
2345,face,FACE_211_32,211,32,14.697947419927752
2346,face,FACE_55_193,55,193,8.964464465843838
2347,face,FACE_395_378,395,378,11.289970827098196
2348,face,FACE_202_212,202,212,13.875010730366546
2349,face,FACE_360_420,360,420,6.617327175385367
2350,face,FACE_325_319,325,319,5.686334964730262
2351,face,FACE_457_438,457,438,5.155129223389964
2352,face,FACE_40_186,40,186,12.722029077329
2353,face,FACE_276_283,276,283,8.99189067501283
2354,face,FACE_294_331,294,331,3.731240936534753
2355,face,FACE_242_141,242,141,2.9033889712648855
2356,face,FACE_187_205,187,205,22.184587958347254
2357,face,FACE_396_199,396,199,18.686204435977114
2358,face,FACE_268_13,268,13,11.593911402217872
2359,face,FACE_292_407,292,407,3.762222782957775
2360,face,FACE_298_301,298,301,14.068618591340158
2361,face,FACE_404_319,404,319,7.596063952340691
2362,face,FACE_9_55,9,55,16.27118728306005
2363,face,FACE_370_326,370,326,7.18905234861785
2364,face,FACE_68_104,68,104,17.341070221767826
2365,face,FACE_281_248,281,248,7.427457281926571
2366,face,FACE_230_23,230,23,5.734854760590738
2367,face,FACE_74_184,74,184,7.095028166829224
2368,face,FACE_320_325,320,325,5.607399904511516
2369,face,FACE_141_94,141,94,3.3603466295707505
2370,face,FACE_60_20,60,20,7.322066701550509
2371,face,FACE_97_167,97,167,4.960044550447398
2372,face,FACE_104_63,104,63,20.611697747605934
2373,face,FACE_283_443,283,443,14.005964097482824
2374,face,FACE_69_105,69,105,23.267248969496876
2375,face,FACE_300_383,300,383,9.899610981004017
2376,face,FACE_48_131,48,131,9.3252443392878
2377,face,FACE_401_435,401,435,16.431964780151024
2378,face,FACE_74_40,74,40,3.2373849279260005
2379,face,FACE_258_386,258,386,7.8367512748896155
2380,face,FACE_86_14,86,14,10.949167012580073
2381,face,FACE_364_367,364,367,12.51934167935898
2382,face,FACE_432_422,432,422,13.20839300016531
2383,face,FACE_424_418,424,418,11.657623296174927
2384,face,FACE_177_132,177,132,7.503575424975758
2385,face,FACE_282_334,282,334,7.031024984262845
2386,face,FACE_329_266,329,266,16.551834673698778
2387,face,FACE_394_395,394,395,12.342323417043756
2388,face,FACE_372_264,372,264,6.225202994116895
2389,face,FACE_430_434,430,434,18.766213872733463
2390,face,FACE_117_123,117,123,24.41286513910876
2391,face,FACE_88_96,88,96,7.774802261301657
2392,face,FACE_180_179,180,179,3.0085430245171874
2393,face,FACE_406_405,406,405,8.565082312112933
2394,face,FACE_45_134,45,134,10.063898931421344
2395,face,FACE_53_223,53,223,16.270366887906256
2396,face,FACE_91_106,91,106,7.702323706270015
2397,face,FACE_271_302,271,302,8.37424034678573
2398,face,FACE_283_276,283,276,8.99189067501283
2399,face,FACE_76_62,76,62,2.046959505688955
2400,face,FACE_236_51,236,51,8.087786404050432
2401,face,FACE_96_77,96,77,2.1653767126963657
2402,face,FACE_8_193,8,193,12.084340161992355
2403,face,FACE_247_246,247,246,5.903337172794192
2404,face,FACE_368_356,368,356,17.910156327015688
2405,face,FACE_100_47,100,47,9.52744825992427
2406,face,FACE_279_278,279,278,4.0152275517742
2407,face,FACE_452_349,452,349,10.215141787502287
2408,face,FACE_379_365,379,365,13.82902810716058
2409,face,FACE_38_72,38,72,2.838799907606332
2410,face,FACE_399_343,399,343,3.6527373357830255
2411,face,FACE_257_259,257,259,6.655267040620851
2412,face,FACE_377_175,377,175,16.686983151342393
2413,face,FACE_249_255,249,255,4.541944131712192
2414,face,FACE_354_457,354,457,9.382000157727061
2415,face,FACE_239_241,239,241,7.134945491414282
2416,face,FACE_312_311,312,311,8.131142074224382
2417,face,FACE_150_169,150,169,12.79114111885098
2418,face,FACE_157_28,157,28,8.275384351460218
2419,face,FACE_182_201,182,201,18.201164793198092
2420,face,FACE_19_94,19,94,2.0027483767360357
2421,face,FACE_39_72,39,72,13.762988802132265
2422,face,FACE_4_51,4,51,11.948290364765143
2423,face,FACE_97_242,97,242,6.738798269118544
2424,face,FACE_290_328,290,328,2.135978207435971
2425,face,FACE_336_295,336,295,15.600065414203883
2426,face,FACE_194_211,194,211,14.542836484740935
2427,face,FACE_293_333,293,333,21.230687886718954
2428,face,FACE_340_265,340,265,7.105712745271725
2429,face,FACE_25_110,25,110,4.887018458114562
2430,face,FACE_291_409,291,409,4.450715612638847
2431,face,FACE_445_467,445,467,5.4593514619011545
2432,face,FACE_366_323,366,323,6.450826871320687
2433,face,FACE_46_53,46,53,10.976084566898724
2434,face,FACE_278_439,278,439,3.441665825450248
2435,face,FACE_65_66,65,66,7.093154713503216
2436,face,FACE_430_424,430,424,12.611439256709305
2437,face,FACE_68_71,68,71,16.06623862844813
2438,face,FACE_5_51,5,51,7.05591349302709
2439,face,FACE_30_224,30,224,6.172933634576072
2440,face,FACE_186_212,186,212,14.583354371478515
2441,face,FACE_138_172,138,172,12.443135899167498
2442,face,FACE_98_99,98,99,14.319075426393766
2443,face,FACE_85_16,85,16,11.593202551431462
2444,face,FACE_431_424,431,424,9.983510557167282
2445,face,FACE_244_189,244,189,6.380298532056324
2446,face,FACE_290_305,290,305,5.072570073725831
2447,face,FACE_454_264,454,264,20.34695329670978
2448,face,FACE_373_339,373,339,8.35625332667883
2449,face,FACE_240_75,240,75,3.8673826570633403
2450,face,FACE_445_444,445,444,7.023043304485482
2451,face,FACE_112_155,112,155,3.0556935435567847
2452,face,FACE_392_438,392,438,2.822848910178962
2453,face,FACE_135_138,135,138,15.447989548706563
2454,face,FACE_216_212,216,212,15.948781583923099
2455,face,FACE_122_168,122,168,10.382517858079606
2456,face,FACE_26_231,26,231,8.151987442036644
2457,face,FACE_129_64,129,64,4.443886508329582
2458,face,FACE_446_265,446,265,7.465539792028464
2459,face,FACE_203_129,203,129,9.075540358612086
2460,face,FACE_143_227,143,227,21.150293009283097
2461,face,FACE_457_274,457,274,5.010551895148922
2462,face,FACE_220_218,220,218,7.173193413909827
2463,face,FACE_18_83,18,83,12.785896768449076
2464,face,FACE_357_452,357,452,5.584906262551053
2465,face,FACE_277_343,277,343,7.155695906808024
2466,face,FACE_270_304,270,304,3.165197683692235
2467,face,FACE_261_255,261,255,7.525496028477497
2468,face,FACE_41_72,41,72,10.044026547789333
2469,face,FACE_393_2,393,2,12.941432640662969
2470,face,FACE_231_232,231,232,7.65702079745082
2471,face,FACE_16_15,16,15,3.520384276886702
2472,face,FACE_261_340,261,340,9.632705454512632
2473,face,FACE_448_346,448,346,9.67643773039262
2474,face,FACE_381_256,381,256,3.495527889602921
2475,face,FACE_467_445,467,445,5.4593514619011545
2476,face,FACE_393_267,393,267,6.932319744281556
2477,face,FACE_17_16,17,16,4.727977470591406
2478,face,FACE_262_421,262,421,16.152152091374184
2479,face,FACE_296_334,296,334,14.602886568213373
2480,face,FACE_49_48,49,48,4.017495184435099
2481,face,FACE_297_299,297,299,17.182748378102985
2482,face,FACE_182_83,182,83,13.51497860086917
2483,face,FACE_227_234,227,234,5.780122451860545
2484,face,FACE_201_182,201,182,18.201164793198092
2485,face,FACE_374_253,374,253,4.22308411238908
2486,face,FACE_27_29,27,29,7.5880425698496765
2487,face,FACE_403_316,403,316,8.834820044746724
2488,face,FACE_148_175,148,175,19.077016610007377
2489,face,FACE_213_192,213,192,11.982439825487837
2490,face,FACE_219_235,219,235,1.715348843577868
2491,face,FACE_63_104,63,104,20.611697747605934
2492,face,FACE_104_105,104,105,17.44608511397561
2493,face,FACE_256_382,256,382,3.9356935954721197
2494,face,FACE_128_233,128,233,3.437430924640081
2495,face,FACE_302_269,302,269,12.609654753685593
2496,face,FACE_293_300,293,300,10.129253373502483
2497,face,FACE_59_219,59,219,3.779343563360685
2498,face,FACE_465_412,465,412,3.8304978012246034
2499,face,FACE_423_266,423,266,9.530727244972999
2500,face,FACE_260_388,260,388,5.164591421593889
2501,face,FACE_307_320,307,320,6.5461146402767705
2502,face,FACE_113_226,113,226,6.343661634892708
2503,face,FACE_51_134,51,134,8.123836567503568
2504,face,FACE_446_255,446,255,7.411200921393542
2505,face,FACE_47_100,47,100,9.52744825992427
2506,face,FACE_147_187,147,187,11.6850227948238
2507,face,FACE_460_455,460,455,2.8229833369984054
2508,face,FACE_151_337,151,337,19.346096824495774
2509,face,FACE_165_92,165,92,9.881944721169434
2510,face,FACE_263_255,263,255,3.0661633766927197
2511,face,FACE_182_181,182,181,9.123920650827463
2512,face,FACE_442_257,442,257,8.85667881371831
2513,face,FACE_389_251,389,251,16.042795858733818
2514,face,FACE_60_75,60,75,5.85043896184811
2515,face,FACE_57_186,57,186,8.28299769048964
2516,face,FACE_258_441,258,441,12.17791470710016
2517,face,FACE_413_464,413,464,6.232816182703127
2518,face,FACE_339_249,339,249,3.9922131876876232
2519,face,FACE_131_220,131,220,9.07354274330041
2520,face,FACE_376_433,376,433,14.69768257179079
2521,face,FACE_235_48,235,48,4.861178326996691
2522,face,FACE_112_243,112,243,3.1529120964864266
2523,face,FACE_312_268,312,268,1.4445154175703487
2524,face,FACE_84_181,84,181,11.328455916645177
2525,face,FACE_238_239,238,239,5.291213668256759
2526,face,FACE_102_49,102,49,3.9105779124678235
2527,face,FACE_456_281,456,281,5.141966708631549
2528,face,FACE_40_74,40,74,3.2373849279260005
2529,face,FACE_352_340,352,340,22.82864872022712
2530,face,FACE_299_334,299,334,24.1448041537925
2531,face,FACE_31_25,31,25,8.556895397408264
2532,face,FACE_212_186,212,186,14.583354371478515
2533,face,FACE_271_272,271,272,6.383717237255835
2534,face,FACE_425_330,425,330,21.027815441732706
2535,face,FACE_51_3,51,3,7.340093295352327
2536,face,FACE_303_304,303,304,7.031101725449665
2537,face,FACE_314_313,314,313,10.06838842517355
2538,face,FACE_254_448,254,448,12.950869510027308
2539,face,FACE_360_429,360,429,2.2252429835681222
2540,face,FACE_316_14,316,14,10.844731479721641
2541,face,FACE_180_90,180,90,9.41089911451695
2542,face,FACE_233_245,233,245,7.492637716705915
2543,face,FACE_295_336,295,336,15.600065414203883
2544,face,FACE_336_337,336,337,24.01596117086169
2545,face,FACE_101_205,101,205,20.90050302172667
2546,face,FACE_28_221,28,221,13.735045322376093
2547,face,FACE_315_314,315,314,4.791338285698577
2548,face,FACE_341_452,341,452,5.743244762189732
2549,face,FACE_67_69,67,69,18.11011708032583
2550,face,FACE_318_325,318,325,6.7803431495845645
2551,face,FACE_144_23,144,23,8.066062400011516
2552,face,FACE_337_338,337,338,18.93917681339564
2553,face,FACE_348_347,348,347,13.910765625067992
2554,face,FACE_275_363,275,363,7.648901689402556
2555,face,FACE_147_177,147,177,11.775260038266541
2556,face,FACE_181_90,181,90,11.145263182101603
2557,face,FACE_366_401,366,401,17.763687220643007
2558,face,FACE_218_237,218,237,7.122520504500265
2559,face,FACE_63_71,63,71,18.869851035884803
2560,face,FACE_338_10,338,10,22.964907954216244
2561,face,FACE_402_403,402,403,2.139382422268278
2562,face,FACE_375_306,375,306,6.754605437234819
2563,face,FACE_72_39,72,39,13.762988802132265
2564,face,FACE_24_228,24,228,14.434140546341785
2565,face,FACE_292_308,292,308,1.557625969537526
2566,face,FACE_403_404,403,404,3.139972234236433
2567,face,FACE_61_146,61,146,8.264663594862029
2568,face,FACE_369_262,369,262,10.354521951003017
2569,face,FACE_395_400,395,400,20.793532937109255
2570,face,FACE_165_203,165,203,13.397438092388418
2571,face,FACE_430_394,430,394,12.965872734273145
2572,face,FACE_75_166,75,166,2.6428932676974988
2573,face,FACE_110_7,110,7,4.646106414957466
2574,face,FACE_281_5,281,5,6.602582384521189
2575,face,FACE_207_205,207,205,15.739106798670392
2576,face,FACE_112_233,112,233,4.8292237729831555
2577,face,FACE_198_236,198,236,8.46381808116829
2578,face,FACE_227_34,227,34,16.489476800420917
2579,face,FACE_458_461,458,461,1.1801253980851931
2580,face,FACE_129_142,129,142,8.706466551317975
2581,face,FACE_334_282,334,282,7.031024984262845
2582,face,FACE_201_18,201,18,17.171950836460404
2583,face,FACE_33_25,33,25,3.667112846987377
2584,face,FACE_166_60,166,60,7.965698100382295
2585,face,FACE_251_284,251,284,16.4509293823267
2586,face,FACE_226_111,226,111,12.74070291694925
2587,face,FACE_169_214,169,214,30.984312310577657
2588,face,FACE_325_318,325,318,6.7803431495845645
2589,face,FACE_450_349,450,349,9.01095251094484
2590,face,FACE_40_185,40,185,6.9601256002754415
2591,right_hand,RIGHT_HAND_3_4,3,4,24.493476505687365
2592,right_hand,RIGHT_HAND_0_5,0,5,105.22156461605395
2593,right_hand,RIGHT_HAND_17_18,17,18,29.65539413310296
2594,right_hand,RIGHT_HAND_0_17,0,17,95.83067834842541
2595,right_hand,RIGHT_HAND_13_14,13,14,37.339382843457614
2596,right_hand,RIGHT_HAND_13_17,13,17,19.629218316338658
2597,right_hand,RIGHT_HAND_18_19,18,19,12.315076098103326
2598,right_hand,RIGHT_HAND_5_6,5,6,40.38619849847259
2599,right_hand,RIGHT_HAND_5_9,5,9,28.555053004936397
2600,right_hand,RIGHT_HAND_14_15,14,15,12.717992284867307
2601,right_hand,RIGHT_HAND_0_1,0,1,44.717666483637366
2602,right_hand,RIGHT_HAND_9_10,9,10,40.396909261518495
2603,right_hand,RIGHT_HAND_1_2,1,2,39.6410227478735
2604,right_hand,RIGHT_HAND_9_13,9,13,23.938331789598454
2605,right_hand,RIGHT_HAND_10_11,10,11,12.063957593314004
2606,right_hand,RIGHT_HAND_19_20,19,20,9.866966505218727
2607,right_hand,RIGHT_HAND_6_7,6,7,15.011970282441716
2608,right_hand,RIGHT_HAND_15_16,15,16,9.653362804542713
2609,right_hand,RIGHT_HAND_2_3,2,3,34.70403060909818
2610,right_hand,RIGHT_HAND_11_12,11,12,8.96072924474394
2611,right_hand,RIGHT_HAND_7_8,7,8,7.976748029027137
