id,category,mediapipe_length_desc,from_landmark_index,to_landmark_index,pixel_length,length_m,ratio,alt_m,notes
0,pose,POSE_15_21,15,21,83.38313825345317
1,pose,POSE_16_20,16,20,34.15839482243963
2,pose,POSE_18_20,18,20,37.89258283101959
3,pose,POSE_3_7,3,7,29.519754014748752
4,pose,POSE_14_16,14,16,157.84019896121399
5,pose,POSE_23_25,23,25,379.88946549777927
6,pose,POSE_28_30,28,30,21.609365623752137
7,pose,POSE_11_23,11,23,464.9957456817075
8,pose,POSE_27_31,27,31,155.7176099173157
9,pose,POSE_6_8,6,8,28.275412679050927
10,pose,POSE_15_17,15,17,60.592919285883056
11,pose,POSE_24_26,24,26,90.5077341870852
12,pose,POSE_16_22,16,22,34.83440473452151
13,pose,POSE_4_5,4,5,16.062671324086608
14,pose,POSE_5_6,5,6,13.403362756896142
15,pose,POSE_29_31,29,31,129.37930497140653
16,pose,POSE_12_24,12,24,480.71818862979467
17,pose,POSE_23_24,23,24,227.50614207817907
18,pose,POSE_0_1,0,1,45.998381094828254
19,pose,POSE_9_10,9,10,51.49556707984417
20,pose,POSE_1_2,1,2,14.050366592080392
21,pose,POSE_0_4,0,4,43.90005335847161
22,pose,POSE_11_13,11,13,348.86327669187284
23,pose,POSE_30_32,30,32,74.0338923543912
24,pose,POSE_28_32,28,32,95.31781292605154
25,pose,POSE_15_19,15,19,102.56533233880931
26,pose,POSE_16_18,16,18,60.095837869866
27,pose,POSE_25_27,25,27,506.08715257891924
28,pose,POSE_26_28,26,28,186.59822958067346
29,pose,POSE_12_14,12,14,287.2787649438494
30,pose,POSE_17_19,17,19,57.40261543148374
31,pose,POSE_2_3,2,3,17.161657223959082
32,pose,POSE_11_12,11,12,392.79298260903374
33,pose,POSE_27_29,27,29,76.7577236427532
34,pose,POSE_13_15,13,15,184.4917210289244
35,face,FACE_18_17,18,17,10.080730765841402
36,face,FACE_82_38,82,38,1.556271607300275
37,face,FACE_8_9,8,9,10.698237601354077
38,face,FACE_456_248,456,248,7.362905725560593
39,face,FACE_167_2,167,2,12.364843230868804
40,face,FACE_303_271,303,271,2.8472606467296906
41,face,FACE_69_104,69,104,19.078249587874357
42,face,FACE_253_450,253,450,6.382940205054715
43,face,FACE_41_42,41,42,5.560713119042738
44,face,FACE_315_16,315,16,9.208548895869638
45,face,FACE_73_74,73,74,6.3321249568324625
46,face,FACE_339_373,339,373,8.4736966481315
47,face,FACE_258_385,258,385,4.464330304304087
48,face,FACE_105_63,105,63,14.17216285580891
49,face,FACE_219_48,219,48,3.46442816502094
50,face,FACE_304_272,304,272,2.8567804281244986
51,face,FACE_236_217,236,217,4.499770227719335
52,face,FACE_231_22,231,22,5.075539318202494
53,face,FACE_85_84,85,84,5.2075697853222325
54,face,FACE_365_367,365,367,24.587729081302207
55,face,FACE_237_218,237,218,5.041403199413034
56,face,FACE_243_112,243,112,3.77492151352982
57,face,FACE_436_427,436,427,13.151390347119433
58,face,FACE_409_410,409,410,9.27215896359681
59,face,FACE_248_456,248,456,7.362905725560593
60,face,FACE_330_266,330,266,11.608795446715543
61,face,FACE_136_135,136,135,11.892931343114064
62,face,FACE_88_95,88,95,3.648423630584241
63,face,FACE_394_430,394,430,12.217987027850002
64,face,FACE_107_108,107,108,22.92813538267848
65,face,FACE_118_117,118,117,10.433160938883983
66,face,FACE_439_438,439,438,5.711944733278201
67,face,FACE_442_443,442,443,10.622374372622282
68,face,FACE_260_466,260,466,4.871288187279326
69,face,FACE_115_48,115,48,5.658612237514547
70,face,FACE_342_276,342,276,9.652556085057087
71,face,FACE_121_128,121,128,7.621493545894291
72,face,FACE_200_421,200,421,13.221458043854222
73,face,FACE_113_124,113,124,7.1718976688054745
74,face,FACE_132_137,132,137,25.16458365366843
75,face,FACE_23_230,23,230,6.45885124417153
76,face,FACE_343_357,343,357,4.6493278399094216
77,face,FACE_443_444,443,444,9.390356544605929
78,face,FACE_62_78,62,78,0.9257515218398417
79,face,FACE_26_155,26,155,4.981516727733742
80,face,FACE_228_110,228,110,8.727160501131825
81,face,FACE_432_434,432,434,11.497833033474466
82,face,FACE_364_379,364,379,25.27205062773703
83,face,FACE_325_308,325,308,2.8918267663818726
84,face,FACE_424_430,424,430,15.54446941664105
85,face,FACE_36_205,36,205,16.391354777891088
86,face,FACE_363_420,363,420,4.8257626483424305
87,face,FACE_21_162,21,162,17.452464389410128
88,face,FACE_328_462,328,462,5.970368093581589
89,face,FACE_419_351,419,351,7.981118037188868
90,face,FACE_366_345,366,345,23.995605609160013
91,face,FACE_193_8,193,8,13.209492683756025
92,face,FACE_363_456,363,456,7.224235145377198
93,face,FACE_183_80,183,80,6.354523600778582
94,face,FACE_307_375,307,375,2.5693130271747315
95,face,FACE_94_2,94,2,2.7825709521596345
96,face,FACE_333_284,333,284,20.79393763522066
97,face,FACE_17_313,17,313,14.739203398650274
98,face,FACE_185_40,185,40,5.2910344941713
99,face,FACE_44_1,44,1,6.2071662965025105
100,face,FACE_291_287,291,287,8.431476893271945
101,face,FACE_411_352,411,352,23.37232432667364
102,face,FACE_20_238,20,238,1.5125906166547385
103,face,FACE_59_166,59,166,1.3471745813772402
104,face,FACE_272_310,272,310,1.373089784918779
105,face,FACE_420_437,420,437,6.918075282750841
106,face,FACE_387_260,387,260,7.076344224196734
107,face,FACE_130_226,130,226,6.833779908800079
108,face,FACE_51_45,51,45,9.844322642545842
109,face,FACE_175_377,175,377,18.124193712377597
110,face,FACE_202_214,202,214,18.311587784034376
111,face,FACE_353_383,353,383,6.648180804347836
112,face,FACE_339_448,339,448,8.639633591440957
113,face,FACE_291_408,291,408,5.144028635618699
114,face,FACE_466_260,466,260,4.871288187279326
115,face,FACE_264_454,264,454,21.25899366145004
116,face,FACE_457_440,457,440,6.1001095761754955
117,face,FACE_355_429,355,429,5.815602072622722
118,face,FACE_96_89,96,89,4.152047401825975
119,face,FACE_128_121,128,121,7.621493545894291
120,face,FACE_187_207,187,207,11.76442527775743
121,face,FACE_360_278,360,278,9.493653174640684
122,face,FACE_306_307,306,307,3.8147506516483505
123,face,FACE_446_467,446,467,9.925515660584312
124,face,FACE_165_39,165,39,11.405172151675211
125,face,FACE_337_151,337,151,20.65227177177183
126,face,FACE_168_193,168,193,9.329684735663163
127,face,FACE_73_41,73,41,3.083182690508684
128,face,FACE_318_403,318,403,5.260584706937221
129,face,FACE_263_467,263,467,3.7436452367434936
130,face,FACE_283_445,283,445,9.018609974624622
131,face,FACE_74_42,74,42,2.970088855533896
132,face,FACE_201_83,201,83,10.534570546443943
133,face,FACE_65_222,65,222,7.652728281155403
134,face,FACE_37_11,37,11,11.008139376190755
135,face,FACE_429_355,429,355,5.815602072622722
136,face,FACE_272_408,272,408,7.688818215745513
137,face,FACE_179_180,179,180,3.3356449169512934
138,face,FACE_100_36,100,36,17.307890281862164
139,face,FACE_158_157,158,157,6.4912212164284675
140,face,FACE_438_440,438,440,6.782562410165382
141,face,FACE_358_331,358,331,1.3290933962541982
142,face,FACE_281_456,281,456,6.927008317829131
143,face,FACE_136_138,136,138,24.682989340466698
144,face,FACE_314_404,314,404,10.557964268405712
145,face,FACE_417_8,417,8,13.294745965065806
146,face,FACE_34_127,34,127,2.6267559359702273
147,face,FACE_367_416,367,416,15.35425310439728
148,face,FACE_180_181,180,181,4.661484961593434
149,face,FACE_426_322,426,322,12.636277976850772
150,face,FACE_419_197,419,197,7.302770036555929
151,face,FACE_457_309,457,309,3.3962046079028965
152,face,FACE_215_138,215,138,16.772348883451834
153,face,FACE_242_241,242,241,2.2061319499155676
154,face,FACE_33_247,33,247,3.9229629872096123
155,face,FACE_53_225,53,225,9.371781073538562
156,face,FACE_126_209,126,209,5.707953616061709
157,face,FACE_467_359,467,359,4.233392550079022
158,face,FACE_224_223,224,223,9.405781988955319
159,face,FACE_271_304,271,304,8.342836660972207
160,face,FACE_97_2,97,2,9.133203935984906
161,face,FACE_183_191,183,191,1.9602082653428587
162,face,FACE_202_204,202,204,12.324527117903086
163,face,FACE_95_78,95,78,4.3909576479015175
164,face,FACE_246_247,246,247,4.90582613500139
165,face,FACE_177_147,177,147,9.11900653893409
166,face,FACE_357_343,357,343,4.6493278399094216
167,face,FACE_65_55,65,55,18.831995651935273
168,face,FACE_116_137,116,137,23.393594000989943
169,face,FACE_135_150,135,150,25.542586826897086
170,face,FACE_382_256,382,256,4.89465282650679
171,face,FACE_199_171,199,171,18.659261377672262
172,face,FACE_298_293,298,293,12.754974215052703
173,face,FACE_16_315,16,315,9.208548895869638
174,face,FACE_204_106,204,106,10.122769498092472
175,face,FACE_149_170,149,170,10.422222580211368
176,face,FACE_150_135,150,135,25.542586826897086
177,face,FACE_403_315,403,315,8.820044540374525
178,face,FACE_61_57,61,57,7.9210105996401206
179,face,FACE_205_187,205,187,19.903007512556457
180,face,FACE_44_4,44,4,10.643996300227176
181,face,FACE_358_429,358,429,11.366143647778705
182,face,FACE_277_355,277,355,7.6619285635385195
183,face,FACE_438_309,438,309,2.7818209871039192
184,face,FACE_42_80,42,80,1.5781031223838098
185,face,FACE_236_174,236,174,6.805012425250657
186,face,FACE_128_232,128,232,6.776913791843678
187,face,FACE_302_268,302,268,3.4055287891436405
188,face,FACE_313_314,313,314,10.44661014017683
189,face,FACE_240_64,240,64,6.265078632257736
190,face,FACE_291_375,291,375,4.607207000143984
191,face,FACE_260_387,260,387,7.076344224196734
192,face,FACE_113_225,113,225,7.142278044890249
193,face,FACE_107_65,107,65,16.673620054278654
194,face,FACE_247_225,247,225,6.36749233809479
195,face,FACE_346_347,346,347,10.729698272301896
196,face,FACE_44_125,44,125,5.292110736565937
197,face,FACE_378_379,378,379,12.835882322640284
198,face,FACE_466_263,466,263,2.6779507110579743
199,face,FACE_250_459,250,459,6.244769441287088
200,face,FACE_50_205,50,205,14.821516513429263
201,face,FACE_111_35,111,35,10.087054655216024
202,face,FACE_76_77,76,77,3.9741823670227387
203,face,FACE_122_193,122,193,8.870461559586689
204,face,FACE_209_198,209,198,6.698343164115788
205,face,FACE_201_194,201,194,12.754154606649816
206,face,FACE_408_407,408,407,2.311448402508778
207,face,FACE_285_336,285,336,11.397870564684785
208,face,FACE_2_393,2,393,12.87704134082809
209,face,FACE_243_190,243,190,4.804110862904009
210,face,FACE_336_9,336,9,17.155699374632245
211,face,FACE_234_227,234,227,3.3126138638742426
212,face,FACE_293_276,293,276,11.646199926151633
213,face,FACE_221_28,221,28,12.869094229832562
214,face,FACE_57_185,57,185,10.27562250722482
215,face,FACE_217_174,217,174,7.619446510118259
216,face,FACE_131_134,131,134,7.9785719391287815
217,face,FACE_344_278,344,278,5.99015081945846
218,face,FACE_343_399,343,399,5.678963135794843
219,face,FACE_28_158,28,158,4.592572475769708
220,face,FACE_128_245,128,245,7.900312997615732
221,face,FACE_463_464,463,464,4.659498135387267
222,face,FACE_443_257,443,257,4.7567648965582805
223,face,FACE_394_364,394,364,15.388431944907575
224,face,FACE_164_167,164,167,10.282470743025064
225,face,FACE_10_109,10,109,23.98571955623263
226,face,FACE_196_236,196,236,12.849425497645761
227,face,FACE_429_358,429,358,11.366143647778705
228,face,FACE_174_217,174,217,7.619446510118259
229,face,FACE_452_341,452,341,6.896199117463691
230,face,FACE_2_370,2,370,4.1937965828487735
231,face,FACE_84_180,84,180,10.532276494159902
232,face,FACE_320_307,320,307,4.792573930306591
233,face,FACE_0_37,0,37,9.687369054970983
234,face,FACE_250_328,250,328,5.25520040775594
235,face,FACE_101_119,101,119,8.64827986989182
236,face,FACE_41_74,41,74,7.881789581240646
237,face,FACE_399_456,399,456,6.7778352033711835
238,face,FACE_13_12,13,12,1.1836278405497078
239,face,FACE_218_115,218,115,4.248033436958936
240,face,FACE_343_412,343,412,8.399851922689384
241,face,FACE_16_17,16,17,4.976533483253914
242,face,FACE_55_8,55,8,14.107882989418068
243,face,FACE_107_55,107,55,11.454567880036485
244,face,FACE_153_22,153,22,4.695164209812155
245,face,FACE_440_344,440,344,6.394673825127169
246,face,FACE_393_269,393,269,16.530015377150605
247,face,FACE_364_434,364,434,17.890150898534486
248,face,FACE_38_41,38,41,7.0415187682305085
249,face,FACE_296_336,296,336,17.528408472866726
250,face,FACE_68_63,68,63,11.890223118347816
251,face,FACE_402_317,402,317,7.2800977142604255
252,face,FACE_456_437,456,437,5.367210321909545
253,face,FACE_253_374,253,374,4.723181296151163
254,face,FACE_254_339,254,339,6.452655561143151
255,face,FACE_67_104,67,104,25.079550336988504
256,face,FACE_392_309,392,309,4.663267210397446
257,face,FACE_145_23,145,23,4.823923591688242
258,face,FACE_63_70,63,70,11.74270566111123
259,face,FACE_403_318,403,318,5.260584706937221
260,face,FACE_127_234,127,234,19.553898358809814
261,face,FACE_415_292,415,292,5.422981085380074
262,face,FACE_54_21,54,21,18.090613639949055
263,face,FACE_168_6,168,6,7.955701682639271
264,face,FACE_72_38,72,38,3.5218862626364165
265,face,FACE_204_194,204,194,11.451501276596709
266,face,FACE_83_84,83,84,10.400519275165884
267,face,FACE_282_293,282,293,16.656865773878057
268,face,FACE_302_271,302,271,8.119176124582097
269,face,FACE_120_231,120,231,5.629890915130312
270,face,FACE_434_427,434,427,25.127364530215175
271,face,FACE_320_405,320,405,8.68524257546422
272,face,FACE_426_423,426,423,11.999505635008385
273,face,FACE_441_286,441,286,6.610487269931698
274,face,FACE_145_144,145,144,6.517838156262925
275,face,FACE_341_464,341,464,7.245726201716803
276,face,FACE_208_200,208,200,19.011561306062003
277,face,FACE_250_462,250,462,1.9589742252935578
278,face,FACE_112_232,112,232,6.995596478508592
279,face,FACE_258_286,258,286,6.995187502670253
280,face,FACE_418_424,418,424,11.465746516751643
281,face,FACE_160_159,160,159,6.52961056692483
282,face,FACE_286_384,286,384,4.281748639491898
283,face,FACE_421_200,421,200,13.221458043854222
284,face,FACE_274_1,274,1,6.338208463419375
285,face,FACE_200_201,200,201,13.025134731126995
286,face,FACE_166_59,166,59,1.3471745813772402
287,face,FACE_111_123,111,123,25.106641724075818
288,face,FACE_211_210,211,210,13.968924461210126
289,face,FACE_330_347,330,347,15.521194625764911
290,face,FACE_422_430,422,430,11.259895486727043
291,face,FACE_214_135,214,135,17.13585890164709
292,face,FACE_280_346,280,346,20.280280290042604
293,face,FACE_107_9,107,9,16.841840311471252
294,face,FACE_265_446,265,446,8.614583663737326
295,face,FACE_244_243,244,243,4.364692495378419
296,face,FACE_417_351,417,351,8.97825890551167
297,face,FACE_110_163,110,163,5.7701863004481
298,face,FACE_450_348,450,348,7.172665464820918
299,face,FACE_396_377,396,377,7.287830579039972
300,face,FACE_245_244,245,244,2.2155051423071104
301,face,FACE_83_182,83,182,11.029145173194774
302,face,FACE_8_417,8,417,13.294745965065806
303,face,FACE_451_349,451,349,5.664823633832005
304,face,FACE_203_98,203,98,11.071996449402375
305,face,FACE_376_435,376,435,24.608456894759367
306,face,FACE_101_50,101,50,21.24909611928535
307,face,FACE_345_447,345,447,9.873621190117674
308,face,FACE_412_357,412,357,5.627329651379032
309,face,FACE_238_241,238,241,1.2933893444181612
310,face,FACE_90_77,90,77,4.752837268800754
311,face,FACE_369_395,369,395,13.749404105455245
312,face,FACE_276_353,276,353,9.35534376268851
313,face,FACE_253_449,253,449,13.605907687594554
314,face,FACE_359_467,359,467,4.233392550079022
315,face,FACE_279_358,279,358,5.416564378202943
316,face,FACE_315_15,315,15,9.824221591295537
317,face,FACE_433_416,433,416,12.216058427523635
318,face,FACE_299_336,299,336,30.382061441618557
319,face,FACE_46_156,46,156,12.333155551909433
320,face,FACE_167_37,167,37,10.70787743904799
321,face,FACE_460_290,460,290,7.661477081210597
322,face,FACE_311_310,311,310,6.128491299454071
323,face,FACE_410_432,410,432,15.5646991819607
324,face,FACE_357_277,357,277,11.805271420927696
325,face,FACE_35_226,35,226,8.413094927401204
326,face,FACE_304_271,304,271,8.342836660972207
327,face,FACE_189_55,189,55,11.332965726419681
328,face,FACE_314_315,314,315,5.284808052023079
329,face,FACE_108_67,108,67,28.228125013376435
330,face,FACE_1_4,1,4,8.715542854647964
331,face,FACE_4_275,4,275,7.2473905297420345
332,face,FACE_205_36,205,36,16.391354777891088
333,face,FACE_156_143,156,143,14.165654228038248
334,face,FACE_436_426,436,426,13.223870477975549
335,face,FACE_223_53,223,53,15.923293193199287
336,face,FACE_461_370,461,370,3.973813737242134
337,face,FACE_23_144,23,144,8.367496122796133
338,face,FACE_29_224,29,224,5.96338926553867
339,face,FACE_244_112,244,112,6.908891503977198
340,face,FACE_348_349,348,349,11.896044887641104
341,face,FACE_340_345,340,345,11.312411173568643
342,face,FACE_122_6,122,6,7.467898935810973
343,face,FACE_401_361,401,361,6.1371014235615196
344,face,FACE_228_24,228,24,13.463434613983697
345,face,FACE_252_381,252,381,7.568315753778712
346,face,FACE_37_164,37,164,14.893785138034524
347,face,FACE_192_187,192,187,21.742592990075135
348,face,FACE_177_58,177,58,27.615654925545524
349,face,FACE_410_409,410,409,9.27215896359681
350,face,FACE_316_402,316,402,7.247213499128955
351,face,FACE_381_382,381,382,3.9222039425900412
352,face,FACE_429_279,429,279,5.96905778991288
353,face,FACE_140_176,140,176,8.441100745729752
354,face,FACE_26_154,26,154,3.987868262484262
355,face,FACE_434_394,434,394,28.23239350791851
356,face,FACE_52_63,52,63,16.512456451676236
357,face,FACE_79_166,79,166,4.346512256041837
358,face,FACE_72_41,72,41,7.291694417294905
359,face,FACE_71_162,71,162,15.50657199487258
360,face,FACE_244_233,244,233,6.119803963075845
361,face,FACE_222_65,222,65,7.652728281155403
362,face,FACE_214_210,214,210,18.703845452345842
363,face,FACE_354_370,354,370,2.14464752395526
364,face,FACE_140_32,140,32,9.861926515152051
365,face,FACE_30_160,30,160,7.201116025572408
366,face,FACE_212_57,212,57,8.111966857323205
367,face,FACE_444_443,444,443,9.390356544605929
368,face,FACE_7_33,7,33,2.863209639809356
369,face,FACE_301_251,301,251,8.866572143166437
370,face,FACE_213_138,213,138,24.025834100252183
371,face,FACE_170_176,170,176,20.695266411701496
372,face,FACE_17_83,17,83,13.792161180978097
373,face,FACE_268_302,268,302,3.4055287891436405
374,face,FACE_32_211,32,211,13.000601585042903
375,face,FACE_331_358,331,358,1.3290933962541982
376,face,FACE_186_40,186,40,12.19055821719993
377,face,FACE_105_52,105,52,7.570815230295092
378,face,FACE_457_354,457,354,9.496594751895994
379,face,FACE_395_379,395,379,10.11511334530465
380,face,FACE_375_321,375,321,5.68374885629792
381,face,FACE_325_320,325,320,3.786449490404887
382,face,FACE_317_316,317,316,2.5875713028580853
383,face,FACE_274_354,274,354,5.198067623323512
384,face,FACE_96_88,96,88,5.222188593833868
385,face,FACE_15_14,15,14,3.0742887872425553
386,face,FACE_467_260,467,260,5.4894149784119834
387,face,FACE_232_128,232,128,6.776913791843678
388,face,FACE_404_320,404,320,6.916328065289517
389,face,FACE_350_349,350,349,9.388006722815874
390,face,FACE_342_265,342,265,13.943231020974904
391,face,FACE_74_185,74,185,7.037943519471684
392,face,FACE_314_17,314,17,9.569327767155256
393,face,FACE_146_61,146,61,4.860035758859785
394,face,FACE_247_113,247,113,5.383128036691237
395,face,FACE_405_321,405,321,7.9342023182218675
396,face,FACE_256_341,256,341,4.728919193611716
397,face,FACE_283_444,283,444,8.171939209508915
398,face,FACE_409_291,409,291,3.944742643542332
399,face,FACE_74_41,74,41,7.881789581240646
400,face,FACE_78_191,78,191,3.889234734689142
401,face,FACE_245_188,245,188,4.7241373399976645
402,face,FACE_103_104,103,104,13.988916218598002
403,face,FACE_19_370,19,370,3.488241849662665
404,face,FACE_19_141,19,141,3.195574653937971
405,face,FACE_280_411,280,411,21.010923084201757
406,face,FACE_220_131,220,131,6.16049983381917
407,face,FACE_85_86,85,86,4.084912038408331
408,face,FACE_372_265,372,265,7.873055696948009
409,face,FACE_237_220,237,220,6.202376414922871
410,face,FACE_204_43,204,43,14.290681960249158
411,face,FACE_118_119,118,119,15.07481177363315
412,face,FACE_210_202,210,202,10.634050233024153
413,face,FACE_290_460,290,460,7.661477081210597
414,face,FACE_450_449,450,449,10.551889680693023
415,face,FACE_83_18,83,18,10.414271431706176
416,face,FACE_197_3,197,3,11.425646540989339
417,face,FACE_315_404,315,404,8.496092390066961
418,face,FACE_461_458,461,458,1.4287136757897705
419,face,FACE_169_170,169,170,13.240706398089614
420,face,FACE_246_161,246,161,3.0756250494591506
421,face,FACE_32_201,32,201,16.777968128195464
422,face,FACE_236_196,236,196,12.849425497645761
423,face,FACE_409_304,409,304,7.81190632261281
424,face,FACE_295_282,295,282,14.970474869095455
425,face,FACE_395_369,395,369,13.749404105455245
426,face,FACE_181_180,181,180,4.661484961593434
427,face,FACE_353_372,353,372,16.009131587512385
428,face,FACE_139_34,139,34,17.552964552376526
429,face,FACE_432_436,432,436,16.353896687726202
430,face,FACE_370_461,370,461,3.973813737242134
431,face,FACE_184_42,184,42,7.084999367215543
432,face,FACE_96_78,96,78,2.92061303231857
433,face,FACE_113_247,113,247,5.383128036691237
434,face,FACE_326_391,326,391,19.526327920530107
435,face,FACE_147_123,147,123,17.45290623043091
436,face,FACE_126_100,126,100,9.060971162203955
437,face,FACE_205_101,205,101,21.627334985535438
438,face,FACE_452_350,452,350,4.65520069258895
439,face,FACE_71_21,71,21,7.948266368266376
440,face,FACE_16_85,16,85,9.04014561466765
441,face,FACE_297_333,297,333,25.539786090077804
442,face,FACE_136_150,136,150,15.779810005588205
443,face,FACE_260_445,260,445,6.8070975848111
444,face,FACE_34_139,34,139,17.552964552376526
445,face,FACE_46_113,46,113,9.958259383717401
446,face,FACE_17_315,17,315,10.668987220842387
447,face,FACE_104_54,104,54,19.494085872130935
448,face,FACE_383_372,383,372,14.053371949676686
449,face,FACE_417_285,417,285,11.368376242305366
450,face,FACE_150_170,150,170,8.967773750055423
451,face,FACE_20_60,20,60,5.008968250314504
452,face,FACE_39_73,39,73,4.409618974087739
453,face,FACE_45_4,45,4,7.061551445436805
454,face,FACE_438_344,438,344,4.263443576229498
455,face,FACE_37_0,37,0,9.687369054970983
456,face,FACE_177_123,177,123,24.758255558062345
457,face,FACE_336_296,336,296,17.528408472866726
458,face,FACE_102_129,102,129,1.15988169469357
459,face,FACE_134_198,134,198,3.964577120139298
460,face,FACE_175_199,175,199,9.953203983676016
461,face,FACE_302_303,302,303,8.708770702498901
462,face,FACE_293_334,293,334,14.33319515505962
463,face,FACE_87_86,87,86,2.6273840450218535
464,face,FACE_99_240,99,240,8.57489350065465
465,face,FACE_240_99,240,99,8.57489350065465
466,face,FACE_364_394,364,394,15.388431944907575
467,face,FACE_64_102,64,102,4.261371870553258
468,face,FACE_256_452,256,452,4.6601898262800185
469,face,FACE_337_297,337,297,28.700485994575914
470,face,FACE_383_264,383,264,19.374740620379452
471,face,FACE_141_242,141,242,2.26094972520611
472,face,FACE_188_174,188,174,7.495316796847584
473,face,FACE_120_119,120,119,11.605623967040085
474,face,FACE_207_187,207,187,11.76442527775743
475,face,FACE_467_263,467,263,3.7436452367434936
476,face,FACE_30_225,30,225,6.734551424264549
477,face,FACE_131_48,131,48,9.451195386965047
478,face,FACE_425_266,425,266,16.942439336282973
479,face,FACE_121_120,121,120,9.23852742882897
480,face,FACE_85_17,85,17,10.913427472260322
481,face,FACE_28_157,28,157,8.407707509079467
482,face,FACE_337_9,337,9,31.68932222691959
483,face,FACE_342_353,342,353,7.45779200042188
484,face,FACE_154_153,154,153,6.120613441871968
485,face,FACE_361_366,361,366,25.239550992861457
486,face,FACE_227_137,227,137,18.226204189020848
487,face,FACE_52_105,52,105,7.570815230295092
488,face,FACE_118_50,118,50,18.0849335442214
489,face,FACE_217_209,217,209,12.913434954813827
490,face,FACE_424_422,424,422,12.146098777322804
491,face,FACE_249_390,249,390,3.185504386417339
492,face,FACE_196_6,196,6,12.514584028530347
493,face,FACE_26_232,26,232,4.642501046729377
494,face,FACE_287_273,287,273,10.172751289676807
495,face,FACE_210_169,210,169,11.687316858291938
496,face,FACE_350_329,350,329,13.284050992984156
497,face,FACE_62_191,62,191,4.79739610719255
498,face,FACE_276_300,276,300,6.553506710813557
499,face,FACE_248_281,248,281,7.9724366557104895
500,face,FACE_368_383,368,383,7.972901685580839
501,face,FACE_427_432,427,432,23.681519666819526
502,face,FACE_453_341,453,341,4.653679011270883
503,face,FACE_372_353,372,353,16.009131587512385
504,face,FACE_357_453,357,453,3.343558304958717
505,face,FACE_101_118,101,118,15.020625863718
506,face,FACE_321_307,321,307,5.546984648417329
507,face,FACE_407_310,407,310,6.908597534041785
508,face,FACE_266_371,266,371,11.92952789987901
509,face,FACE_420_429,420,429,6.935118384542072
510,face,FACE_306_407,306,407,5.27797877205551
511,face,FACE_253_252,253,252,7.867820973332971
512,face,FACE_224_225,224,225,7.71882890837757
513,face,FACE_112_133,112,133,2.9642608835402506
514,face,FACE_356_264,356,264,3.8627378130534136
515,face,FACE_370_19,370,19,3.488241849662665
516,face,FACE_254_253,254,253,7.523911449675525
517,face,FACE_219_115,219,115,6.368092420838769
518,face,FACE_225_46,225,46,8.276291592097692
519,face,FACE_124_143,124,143,15.824839381948657
520,face,FACE_289_439,289,439,3.8879930535995317
521,face,FACE_13_312,13,312,7.805789918795144
522,face,FACE_253_373,253,373,8.370763851950706
523,face,FACE_154_22,154,22,7.569345832166727
524,face,FACE_319_318,319,318,1.4162408322415854
525,face,FACE_363_281,363,281,7.5186937453108555
526,face,FACE_169_150,169,150,11.564766634206109
527,face,FACE_355_277,355,277,7.6619285635385195
528,face,FACE_354_461,354,461,2.363725599166993
529,face,FACE_267_164,267,164,15.018797827762839
530,face,FACE_320_319,320,319,2.6775600110798234
531,face,FACE_39_40,39,40,7.314535009915746
532,face,FACE_277_357,277,357,11.805271420927696
533,face,FACE_63_105,63,105,14.17216285580891
534,face,FACE_189_244,189,244,7.67761749753763
535,face,FACE_34_227,34,227,17.783218471199937
536,face,FACE_120_230,120,230,10.76588309236678
537,face,FACE_293_301,293,301,16.29809679033141
538,face,FACE_60_99,60,99,2.2580996969700533
539,face,FACE_72_73,72,73,8.041946983902267
540,face,FACE_283_293,283,293,7.20849831826911
541,face,FACE_307_321,307,321,5.546984648417329
542,face,FACE_321_405,321,405,7.9342023182218675
543,face,FACE_93_132,93,132,20.760303339230486
544,face,FACE_183_62,183,62,2.862490164479994
545,face,FACE_408_409,408,409,2.5636660262643156
546,face,FACE_151_338,151,338,31.397194597048195
547,face,FACE_186_216,186,216,9.67618170255914
548,face,FACE_151_109,151,109,31.03930024714131
549,face,FACE_245_122,245,122,5.019363353039946
550,face,FACE_189_221,189,221,7.646936970622829
551,face,FACE_335_424,335,424,10.708128751024743
552,face,FACE_442_258,442,258,4.022877637273003
553,face,FACE_441_442,441,442,12.449961994263742
554,face,FACE_114_47,114,47,7.877578710666233
555,face,FACE_173_133,173,133,2.7526381544730323
556,face,FACE_452_451,452,451,8.296767554961992
557,face,FACE_106_43,106,43,8.589470006487073
558,face,FACE_305_289,305,289,2.4671060051598164
559,face,FACE_362_414,362,414,4.4455515927622935
560,face,FACE_443_259,443,259,7.796367919940571
561,face,FACE_294_279,294,279,7.898560467583565
562,face,FACE_258_442,258,442,4.022877637273003
563,face,FACE_57_43,57,43,10.312523621973535
564,face,FACE_256_252,256,252,6.952380723926565
565,face,FACE_259_443,259,443,7.796367919940571
566,face,FACE_46_70,46,70,6.168323829027055
567,face,FACE_420_360,420,360,6.592706333623648
568,face,FACE_126_142,126,142,9.356371062483506
569,face,FACE_371_355,371,355,9.528051686551434
570,face,FACE_112_244,112,244,6.908891503977198
571,face,FACE_431_369,431,369,19.693684810959915
572,face,FACE_47_114,47,114,7.877578710666233
573,face,FACE_100_126,100,126,9.060971162203955
574,face,FACE_12_13,12,13,1.1836278405497078
575,face,FACE_91_77,91,77,5.74850521611154
576,face,FACE_23_22,23,22,7.671858865701321
577,face,FACE_51_4,51,4,11.449721009293851
578,face,FACE_48_115,48,115,5.658612237514547
579,face,FACE_254_449,254,449,8.012519176578767
580,face,FACE_160_27,160,27,7.661363360680043
581,face,FACE_353_342,353,342,7.45779200042188
582,face,FACE_434_416,434,416,13.672716766385292
583,face,FACE_266_423,266,423,12.15582979251358
584,face,FACE_4_274,4,274,10.661197576463705
585,face,FACE_316_15,316,15,8.65324848716612
586,face,FACE_4_45,4,45,7.061551445436805
587,face,FACE_24_23,24,23,7.3437250240953995
588,face,FACE_80_183,80,183,6.354523600778582
589,face,FACE_341_453,341,453,4.653679011270883
590,face,FACE_109_67,109,67,20.893731361674334
591,face,FACE_174_196,174,196,6.999042303902445
592,face,FACE_66_105,66,105,16.301453889256262
593,face,FACE_89_88,89,88,1.4325219481178804
594,face,FACE_29_223,29,223,7.817198835106758
595,face,FACE_164_2,164,2,6.328358137696402
596,face,FACE_462_370,462,370,2.3653054405590903
597,face,FACE_328_290,328,290,2.2980024581970806
598,face,FACE_400_395,400,395,20.362820751531448
599,face,FACE_181_91,181,91,7.856370909840661
600,face,FACE_252_380,252,380,4.7151494140241414
601,face,FACE_24_144,24,144,5.249754579474603
602,face,FACE_313_18,313,18,10.363675039978517
603,face,FACE_354_19,354,19,3.764451046903662
604,face,FACE_185_61,185,61,3.4417572792975077
605,face,FACE_90_89,90,89,2.601469792520426
606,face,FACE_116_227,116,227,8.724095230750876
607,face,FACE_168_417,168,417,9.70466378436125
608,face,FACE_329_371,329,371,9.1961926277084
609,face,FACE_156_34,156,34,18.756673453445178
610,face,FACE_450_252,450,252,11.603408800040546
611,face,FACE_8_285,8,285,14.58212264899457
612,face,FACE_164_267,164,267,15.018797827762839
613,face,FACE_168_8,168,8,7.653504753062032
614,face,FACE_153_145,153,145,6.365829735797779
615,face,FACE_361_323,361,323,20.918897587572662
616,face,FACE_285_413,285,413,11.100707032747874
617,face,FACE_346_280,346,280,20.280280290042604
618,face,FACE_117_228,117,228,11.297421344773527
619,face,FACE_130_247,130,247,4.330075737430634
620,face,FACE_140_211,140,211,19.98695046770323
621,face,FACE_426_425,426,425,14.551602308310411
622,face,FACE_53_63,53,63,7.267969987432987
623,face,FACE_245_233,245,233,7.137970850463176
624,face,FACE_2_97,2,97,9.133203935984906
625,face,FACE_216_206,216,206,12.800625736458105
626,face,FACE_195_3,195,3,6.445015991391677
627,face,FACE_459_458,459,458,4.961486652574228
628,face,FACE_178_179,178,179,2.1198462695697837
629,face,FACE_276_342,276,342,9.652556085057087
630,face,FACE_235_75,235,75,5.208462902577204
631,face,FACE_399_412,399,412,7.547454144388865
632,face,FACE_185_74,185,74,7.037943519471684
633,face,FACE_170_211,170,211,10.326346352225059
634,face,FACE_465_357,465,357,7.908623440487114
635,face,FACE_222_221,222,221,12.334421176640967
636,face,FACE_75_59,75,59,2.491694535656556
637,face,FACE_229_117,229,117,17.080514929580932
638,face,FACE_422_432,422,432,12.544514770463062
639,face,FACE_327_423,327,423,11.780335343637717
640,face,FACE_275_4,275,4,7.2473905297420345
641,face,FACE_12_268,12,268,8.783641081649426
642,face,FACE_267_0,267,0,9.927645205335338
643,face,FACE_64_49,64,49,7.82564047397268
644,face,FACE_244_245,244,245,2.2155051423071104
645,face,FACE_115_131,115,131,5.071037503023285
646,face,FACE_376_401,376,401,10.121195243047929
647,face,FACE_171_32,171,32,19.512973968349588
648,face,FACE_161_247,161,247,7.180047702942942
649,face,FACE_26_22,26,22,6.848519152969115
650,face,FACE_454_356,454,356,19.553861598057345
651,face,FACE_166_218,166,218,3.3812718887594286
652,face,FACE_420_363,420,363,4.8257626483424305
653,face,FACE_233_128,233,128,3.130648646390921
654,face,FACE_193_55,193,55,11.424996052055777
655,face,FACE_278_279,278,279,4.111094189826963
656,face,FACE_405_320,405,320,8.68524257546422
657,face,FACE_334_296,334,296,16.298988386589613
658,face,FACE_279_360,279,360,6.654994693339875
659,face,FACE_201_32,201,32,16.777968128195464
660,face,FACE_220_45,220,45,6.243176514369175
661,face,FACE_315_17,315,17,10.668987220842387
662,face,FACE_354_274,354,274,5.198067623323512
663,face,FACE_167_39,167,39,16.062439588582876
664,face,FACE_51_236,51,236,6.127692649224649
665,face,FACE_3_196,3,196,7.328922088285442
666,face,FACE_108_69,108,69,18.190106883266626
667,face,FACE_128_47,128,47,11.811765904822016
668,face,FACE_266_426,266,426,19.23318658059716
669,face,FACE_99_20,99,20,4.832379792186911
670,face,FACE_259_387,259,387,4.430191055864723
671,face,FACE_137_132,137,132,25.16458365366843
672,face,FACE_273_321,273,321,10.923907694193678
673,face,FACE_394_431,394,431,13.974465877172346
674,face,FACE_285_295,285,295,19.069554779098684
675,face,FACE_437_429,437,429,12.926486415620248
676,face,FACE_83_17,83,17,13.792161180978097
677,face,FACE_315_403,315,403,8.820044540374525
678,face,FACE_449_254,449,254,8.012519176578767
679,face,FACE_461_457,461,457,7.349786351521976
680,face,FACE_260_467,260,467,5.4894149784119834
681,face,FACE_359_446,359,446,6.933007286883925
682,face,FACE_184_185,184,185,2.561751820012655
683,face,FACE_411_376,411,376,11.344964900860742
684,face,FACE_263_249,263,249,2.85873032745084
685,face,FACE_462_458,462,458,3.3733366144462713
686,face,FACE_215_172,215,172,27.483380226201113
687,face,FACE_52_65,52,65,15.018336522446704
688,face,FACE_247_161,247,161,7.180047702942942
689,face,FACE_191_80,191,80,4.5153975259409584
690,face,FACE_424_431,424,431,10.111388328391246
691,face,FACE_36_206,36,206,19.068847315486142
692,face,FACE_262_369,262,369,10.126988819916875
693,face,FACE_296_282,296,282,15.155720068995555
694,face,FACE_396_369,396,369,15.20629036877567
695,face,FACE_134_220,134,220,7.908057413082529
696,face,FACE_335_273,335,273,8.307534960199416
697,face,FACE_214_212,214,212,10.521385497361186
698,face,FACE_193_189,193,189,6.052636887374732
699,face,FACE_364_416,364,416,25.711965830782177
700,face,FACE_270_409,270,409,6.089394462627328
701,face,FACE_444_445,444,445,7.832419369064196
702,face,FACE_229_228,229,228,8.108947852219696
703,face,FACE_330_280,330,280,21.863489122550003
704,face,FACE_456_419,456,419,12.756289190567038
705,face,FACE_260_444,260,444,6.840972106557192
706,face,FACE_188_196,188,196,5.382531901084543
707,face,FACE_406_418,406,418,11.207619742166132
708,face,FACE_30_247,30,247,5.397161704517382
709,face,FACE_398_414,398,414,4.034589970675311
710,face,FACE_17_314,17,314,9.569327767155256
711,face,FACE_210_214,210,214,18.703845452345842
712,face,FACE_17_85,17,85,10.913427472260322
713,face,FACE_423_358,423,358,9.803502615038088
714,face,FACE_63_52,63,52,16.512456451676236
715,face,FACE_19_274,19,274,7.878806307497152
716,face,FACE_272_311,272,311,7.466116035764262
717,face,FACE_50_118,50,118,18.0849335442214
718,face,FACE_14_15,14,15,3.0742887872425553
719,face,FACE_180_84,180,84,10.532276494159902
720,face,FACE_5_195,5,195,8.392404942017805
721,face,FACE_240_98,240,98,2.699087065126343
722,face,FACE_439_344,439,344,6.5515714265135925
723,face,FACE_256_451,256,451,9.263249359792649
724,face,FACE_123_187,123,187,22.916063068866485
725,face,FACE_15_16,15,16,4.146074172824618
726,face,FACE_96_90,96,90,3.8700831695620392
727,face,FACE_141_241,141,241,4.017986334832271
728,face,FACE_6_196,6,196,12.514584028530347
729,face,FACE_360_279,360,279,6.654994693339875
730,face,FACE_347_346,347,346,10.729698272301896
731,face,FACE_198_217,198,217,6.90782640758828
732,face,FACE_318_319,318,319,1.4162408322415854
733,face,FACE_358_355,358,355,16.731646935073172
734,face,FACE_418_406,418,406,11.207619742166132
735,face,FACE_115_219,115,219,6.368092420838769
736,face,FACE_190_133,190,133,4.474148793865683
737,face,FACE_77_76,77,76,3.9741823670227387
738,face,FACE_110_24,110,24,6.31057843656597
739,face,FACE_48_49,48,49,4.141810977013045
740,face,FACE_80_81,80,81,5.500618876216327
741,face,FACE_333_298,333,298,16.37538742641403
742,face,FACE_353_276,353,276,9.35534376268851
743,face,FACE_141_97,141,97,6.9796487706522035
744,face,FACE_373_254,373,254,5.144968172428423
745,face,FACE_69_108,69,108,18.190106883266626
746,face,FACE_418_262,418,262,11.021387859779958
747,face,FACE_463_413,463,413,7.003022928015517
748,face,FACE_294_455,294,455,3.1391429884174014
749,face,FACE_21_68,21,68,16.528123148879978
750,face,FACE_81_82,81,82,6.573697929313516
751,face,FACE_118_229,118,229,10.197744076923179
752,face,FACE_284_298,284,298,11.653888261669739
753,face,FACE_371_266,371,266,11.92952789987901
754,face,FACE_384_385,384,385,6.533858812197694
755,face,FACE_231_26,231,26,9.275692452944964
756,face,FACE_395_394,395,394,13.35626108417425
757,face,FACE_322_410,322,410,9.40606063507324
758,face,FACE_248_195,248,195,6.618128658233439
759,face,FACE_361_401,361,401,6.1371014235615196
760,face,FACE_214_202,214,202,18.311587784034376
761,face,FACE_119_230,119,230,7.193069341367416
762,face,FACE_111_226,111,226,15.051301174430755
763,face,FACE_43_91,43,91,10.283715214854684
764,face,FACE_383_276,383,276,12.700178318786197
765,face,FACE_168_351,168,351,12.591285687837846
766,face,FACE_449_450,449,450,10.551889680693023
767,face,FACE_314_405,314,405,9.158200867637614
768,face,FACE_55_65,55,65,18.831995651935273
769,face,FACE_182_106,182,106,9.644903337552089
770,face,FACE_394_434,394,434,28.23239350791851
771,face,FACE_393_326,393,326,7.015948835559873
772,face,FACE_210_204,210,204,14.891094605669755
773,face,FACE_211_169,211,169,12.964963175385495
774,face,FACE_450_451,450,451,10.254451030457847
775,face,FACE_203_165,203,165,14.935767496909788
776,face,FACE_22_153,22,153,4.695164209812155
777,face,FACE_143_34,143,34,7.90526515064759
778,face,FACE_409_270,409,270,6.089394462627328
779,face,FACE_7_110,7,110,5.800527327696855
780,face,FACE_448_261,448,261,5.425290535313634
781,face,FACE_213_215,213,215,9.799875272653566
782,face,FACE_371_423,371,423,17.498043764489292
783,face,FACE_64_235,64,235,3.0199431860025374
784,face,FACE_9_336,9,336,17.155699374632245
785,face,FACE_278_344,278,344,5.99015081945846
786,face,FACE_89_179,89,179,5.798648491322455
787,face,FACE_236_198,236,198,7.889863592906385
788,face,FACE_336_285,336,285,11.397870564684785
789,face,FACE_181_182,181,182,9.51005204338593
790,face,FACE_194_201,194,201,12.754154606649816
791,face,FACE_66_52,66,52,15.012918947091132
792,face,FACE_151_10,151,10,20.817148384432457
793,face,FACE_123_177,123,177,24.758255558062345
794,face,FACE_341_256,341,256,4.728919193611716
795,face,FACE_455_278,455,278,5.506730588909551
796,face,FACE_326_393,326,393,7.015948835559873
797,face,FACE_257_442,257,442,9.580419769847898
798,face,FACE_269_267,269,267,10.80737691640851
799,face,FACE_203_142,203,142,17.335328248900367
800,face,FACE_238_20,238,20,1.5125906166547385
801,face,FACE_268_271,268,271,7.549181894837716
802,face,FACE_254_373,254,373,5.144968172428423
803,face,FACE_414_362,414,362,4.4455515927622935
804,face,FACE_305_455,305,455,5.253152454868811
805,face,FACE_357_465,357,465,7.908623440487114
806,face,FACE_189_243,189,243,7.0149122285123084
807,face,FACE_42_81,42,81,7.048954777332699
808,face,FACE_286_441,286,441,6.610487269931698
809,face,FACE_179_86,179,86,7.432129787111712
810,face,FACE_217_198,217,198,6.90782640758828
811,face,FACE_84_83,84,83,10.400519275165884
812,face,FACE_456_363,456,363,7.224235145377198
813,face,FACE_214_192,214,192,13.165471147298085
814,face,FACE_326_370,326,370,7.539104857550994
815,face,FACE_107_66,107,66,17.32090891846541
816,face,FACE_247_226,247,226,9.87048744685291
817,face,FACE_88_89,88,89,1.4325219481178804
818,face,FACE_27_222,27,222,9.560867642000865
819,face,FACE_120_121,120,121,9.23852742882897
820,face,FACE_99_98,99,98,10.685443879063284
821,face,FACE_279_294,279,294,7.898560467583565
822,face,FACE_151_108,151,108,20.39847367024757
823,face,FACE_75_235,75,235,5.208462902577204
824,face,FACE_150_149,150,149,12.493723923632027
825,face,FACE_388_466,388,466,3.1846251340703473
826,face,FACE_129_126,129,126,16.65309329472266
827,face,FACE_447_372,447,372,21.457958415589797
828,face,FACE_366_447,366,447,18.32180318587251
829,face,FACE_70_156,70,156,11.921756383979346
830,face,FACE_56_221,56,221,6.513914340875432
831,face,FACE_171_208,171,208,9.51121090818853
832,face,FACE_190_221,190,221,7.0137785013763585
833,face,FACE_28_159,28,159,7.873228991534562
834,face,FACE_435_397,435,397,27.53308013254997
835,face,FACE_54_68,54,68,10.781176045158032
836,face,FACE_368_264,368,264,17.689768745731566
837,face,FACE_214_169,214,169,28.25684548076321
838,face,FACE_294_278,294,278,3.8525274800588476
839,face,FACE_221_65,221,65,15.847503297936568
840,face,FACE_206_165,206,165,15.481824848893305
841,face,FACE_29_160,29,160,4.633359018131763
842,face,FACE_281_195,281,195,11.529106045498953
843,face,FACE_33_130,33,130,3.046691704427927
844,face,FACE_447_264,447,264,17.82163674577367
845,face,FACE_298_284,298,284,11.653888261669739
846,face,FACE_278_455,278,455,5.506730588909551
847,face,FACE_201_208,201,208,11.653084961240651
848,face,FACE_427_434,427,434,25.127364530215175
849,face,FACE_360_344,360,344,4.971995511578985
850,face,FACE_321_273,321,273,10.923907694193678
851,face,FACE_379_394,379,394,11.640660070636219
852,face,FACE_265_372,265,372,7.873055696948009
853,face,FACE_274_457,274,457,5.390306827231943
854,face,FACE_101_120,101,120,17.462218744657367
855,face,FACE_182_194,182,194,10.749929607915321
856,face,FACE_227_116,227,116,8.724095230750876
857,face,FACE_253_254,253,254,7.523911449675525
858,face,FACE_352_376,352,376,17.648459347589686
859,face,FACE_4_44,4,44,10.643996300227176
860,face,FACE_351_417,351,417,8.97825890551167
861,face,FACE_350_452,350,452,4.65520069258895
862,face,FACE_283_282,283,282,12.038426664598243
863,face,FACE_194_204,194,204,11.451501276596709
864,face,FACE_55_9,55,9,17.138217253502436
865,face,FACE_106_91,106,91,8.789103694210148
866,face,FACE_410_322,410,322,9.40606063507324
867,face,FACE_48_235,48,235,5.507974012801653
868,face,FACE_316_315,316,315,4.122506697014448
869,face,FACE_367_397,367,397,11.142487621986934
870,face,FACE_427_411,427,411,12.455788172008859
871,face,FACE_319_320,319,320,2.6775600110798234
872,face,FACE_193_244,193,244,9.999934548112584
873,face,FACE_398_384,398,384,5.043074261503219
874,face,FACE_331_294,331,294,4.3248307522848615
875,face,FACE_313_17,313,17,14.739203398650274
876,face,FACE_297_338,297,338,21.189490044964153
877,face,FACE_164_37,164,37,14.893785138034524
878,face,FACE_403_319,403,319,6.1768929293214105
879,face,FACE_349_348,349,348,11.896044887641104
880,face,FACE_47_126,47,126,7.488898791241943
881,face,FACE_8_55,8,55,14.107882989418068
882,face,FACE_147_213,147,213,15.099353054851651
883,face,FACE_320_321,320,321,3.358929571301514
884,face,FACE_227_93,227,93,22.66666140962039
885,face,FACE_134_131,134,131,7.9785719391287815
886,face,FACE_44_237,44,237,4.984489759743152
887,face,FACE_393_391,393,391,15.752897351673617
888,face,FACE_439_278,439,278,3.507887059953336
889,face,FACE_451_252,451,252,5.050364609808439
890,face,FACE_120_232,120,232,11.326036345844232
891,face,FACE_287_409,287,409,11.400222123705326
892,face,FACE_221_55,221,55,8.822514521908753
893,face,FACE_385_386,385,386,6.195352995002635
894,face,FACE_347_280,347,280,18.33484087306969
895,face,FACE_57_212,57,212,8.111966857323205
896,face,FACE_58_177,58,177,27.615654925545524
897,face,FACE_257_386,257,386,4.2649055580415345
898,face,FACE_216_205,216,205,20.276969566810873
899,face,FACE_208_201,208,201,11.653084961240651
900,face,FACE_386_387,386,387,6.605978475976565
901,face,FACE_459_457,459,457,1.5760526485189372
902,face,FACE_137_177,137,177,19.16120710276267
903,face,FACE_391_322,391,322,9.559231335617968
904,face,FACE_49_64,49,64,7.82564047397268
905,face,FACE_55_107,55,107,11.454567880036485
906,face,FACE_308_324,308,324,4.334845136755193
907,face,FACE_372_345,372,345,14.639430764024299
908,face,FACE_11_37,11,37,11.008139376190755
909,face,FACE_431_394,431,394,13.974465877172346
910,face,FACE_171_175,171,175,16.938016453615006
911,face,FACE_330_348,330,348,8.762428416523093
912,face,FACE_156_46,156,46,12.333155551909433
913,face,FACE_11_302,11,302,9.537299050138222
914,face,FACE_280_347,280,347,18.33484087306969
915,face,FACE_452_453,452,453,6.081001701416347
916,face,FACE_352_366,352,366,10.210007085405323
917,face,FACE_12_38,12,38,8.440129370498946
918,face,FACE_64_48,64,48,3.7008047126431864
919,face,FACE_22_231,22,231,5.075539318202494
920,face,FACE_414_463,414,463,4.75254871389915
921,face,FACE_448_339,448,339,8.639633591440957
922,face,FACE_422_287,422,287,13.282560699505986
923,face,FACE_59_235,59,235,3.0358147194702485
924,face,FACE_13_268,13,268,8.609626077559932
925,face,FACE_298_251,298,251,17.812467754211806
926,face,FACE_237_241,237,241,7.378593319436719
927,face,FACE_68_54,68,54,10.781176045158032
928,face,FACE_120_101,120,101,17.462218744657367
929,face,FACE_92_39,92,39,13.394801920700672
930,face,FACE_43_146,43,146,7.5131645560700955
931,face,FACE_377_400,377,400,13.670908503767768
932,face,FACE_238_242,238,242,3.333788011818519
933,face,FACE_91_43,91,43,10.283715214854684
934,face,FACE_369_396,369,396,15.20629036877567
935,face,FACE_301_298,301,298,15.92724804904452
936,face,FACE_286_398,286,398,7.483881110366318
937,face,FACE_346_449,346,449,17.309405721532784
938,face,FACE_220_44,220,44,9.654138873137061
939,face,FACE_299_337,299,337,18.467484043400354
940,face,FACE_358_423,358,423,9.803502615038088
941,face,FACE_131_115,131,115,5.071037503023285
942,face,FACE_3_195,3,195,6.445015991391677
943,face,FACE_23_24,23,24,7.3437250240953995
944,face,FACE_416_364,416,364,25.711965830782177
945,face,FACE_123_111,123,111,25.106641724075818
946,face,FACE_160_29,160,29,4.633359018131763
947,face,FACE_326_327,326,327,12.750374645104587
948,face,FACE_266_425,266,425,16.942439336282973
949,face,FACE_345_340,345,340,11.312411173568643
950,face,FACE_53_52,53,52,11.910630923137038
951,face,FACE_98_203,98,203,11.071996449402375
952,face,FACE_411_434,411,434,31.4405679761648
953,face,FACE_358_279,358,279,5.416564378202943
954,face,FACE_3_51,3,51,8.0441865702207
955,face,FACE_261_346,261,346,11.34626672315877
956,face,FACE_367_364,367,364,14.742715261093899
957,face,FACE_66_107,66,107,17.32090891846541
958,face,FACE_86_85,86,85,4.084912038408331
959,face,FACE_445_283,445,283,9.018609974624622
960,face,FACE_24_110,24,110,6.31057843656597
961,face,FACE_23_145,23,145,4.823923591688242
962,face,FACE_89_90,89,90,2.601469792520426
963,face,FACE_449_253,449,253,13.605907687594554
964,face,FACE_340_346,340,346,7.527672167673814
965,face,FACE_235_64,235,64,3.0199431860025374
966,face,FACE_67_108,67,108,28.228125013376435
967,face,FACE_228_25,228,25,8.859682926456141
968,face,FACE_119_118,119,118,15.07481177363315
969,face,FACE_250_309,250,309,8.82714265570162
970,face,FACE_90_91,90,91,3.2765617462178116
971,face,FACE_269_322,269,322,14.589214959794452
972,face,FACE_264_356,264,356,3.8627378130534136
973,face,FACE_84_17,84,17,9.508280614186216
974,face,FACE_316_403,316,403,7.832666218804471
975,face,FACE_407_292,407,292,3.523798455163377
976,face,FACE_426_391,426,391,16.525655611094106
977,face,FACE_399_437,399,437,7.803869402359377
978,face,FACE_212_202,212,202,12.590000079713818
979,face,FACE_175_171,175,171,16.938016453615006
980,face,FACE_117_50,117,50,20.089419773256946
981,face,FACE_374_380,374,380,6.446876371881165
982,face,FACE_165_206,165,206,15.481824848893305
983,face,FACE_205_50,205,50,14.821516513429263
984,face,FACE_185_184,185,184,2.561751820012655
985,face,FACE_30_161,30,161,4.480107123429335
986,face,FACE_445_260,445,260,6.8070975848111
987,face,FACE_184_76,184,76,2.770678155976829
988,face,FACE_195_5,195,5,8.392404942017805
989,face,FACE_186_185,186,185,8.831666828792514
990,face,FACE_446_261,446,261,6.655720781051969
991,face,FACE_357_412,357,412,5.627329651379032
992,face,FACE_392_290,392,290,7.759789934215204
993,face,FACE_225_113,225,113,7.142278044890249
994,face,FACE_17_84,17,84,9.508280614186216
995,face,FACE_189_190,189,190,4.957369127485619
996,face,FACE_384_286,384,286,4.281748639491898
997,face,FACE_329_350,329,350,13.284050992984156
998,face,FACE_429_437,429,437,12.926486415620248
999,face,FACE_241_237,241,237,7.378593319436719
1000,face,FACE_19_44,19,44,7.94619954876014
1001,face,FACE_165_98,165,98,12.62960556490503
1002,face,FACE_219_218,219,218,5.288877404761646
1003,face,FACE_4_1,4,1,8.715542854647964
1004,face,FACE_50_117,50,117,20.089419773256946
1005,face,FACE_222_223,222,223,10.731124371484217
1006,face,FACE_422_434,422,434,19.012825861443787
1007,face,FACE_175_148,175,148,17.035137268327798
1008,face,FACE_198_131,198,131,6.709417448393526
1009,face,FACE_204_211,204,211,9.562373251252465
1010,face,FACE_68_21,68,21,16.528123148879978
1011,face,FACE_381_252,381,252,7.568315753778712
1012,face,FACE_462_326,462,326,5.880633044508335
1013,face,FACE_60_166,60,166,7.729553128137697
1014,face,FACE_174_188,174,188,7.495316796847584
1015,face,FACE_414_286,414,286,8.163638807996351
1016,face,FACE_339_255,339,255,4.180750457786426
1017,face,FACE_115_218,115,218,4.248033436958936
1018,face,FACE_411_280,411,280,21.010923084201757
1019,face,FACE_181_83,181,83,15.39889183297622
1020,face,FACE_401_352,401,352,25.430778977957655
1021,face,FACE_333_297,333,297,25.539786090077804
1022,face,FACE_46_124,46,124,9.546334361618674
1023,face,FACE_373_253,373,253,8.370763851950706
1024,face,FACE_71_68,71,68,15.59537274126815
1025,face,FACE_424_335,424,335,10.708128751024743
1026,face,FACE_76_146,76,146,3.849434341764812
1027,face,FACE_49_129,49,129,5.121908986352375
1028,face,FACE_69_107,69,107,30.234541293430524
1029,face,FACE_335_406,335,406,9.639157229335003
1030,face,FACE_148_171,148,171,7.258400588400908
1031,face,FACE_460_294,460,294,6.231209508482327
1032,face,FACE_192_214,192,214,13.165471147298085
1033,face,FACE_446_359,446,359,6.933007286883925
1034,face,FACE_391_423,391,423,15.221876378091695
1035,face,FACE_105_66,105,66,16.301453889256262
1036,face,FACE_410_436,410,436,10.154088272764623
1037,face,FACE_110_144,110,144,8.315358029960048
1038,face,FACE_249_339,249,339,5.645777984743711
1039,face,FACE_163_7,163,7,3.1029386614791648
1040,face,FACE_273_287,273,287,10.172751289676807
1041,face,FACE_45_51,45,51,9.844322642545842
1042,face,FACE_225_247,225,247,6.36749233809479
1043,face,FACE_373_374,373,374,6.66112498540336
1044,face,FACE_38_12,38,12,8.440129370498946
1045,face,FACE_263_359,263,359,3.093774006493297
1046,face,FACE_173_56,173,56,7.571786643523018
1047,face,FACE_159_158,159,158,6.149644418412051
1048,face,FACE_461_459,461,459,6.384049883674305
1049,face,FACE_111_117,111,117,7.2664302168870885
1050,face,FACE_211_204,211,204,9.562373251252465
1051,face,FACE_225_224,225,224,7.71882890837757
1052,face,FACE_151_9,151,9,23.876002393413668
1053,face,FACE_370_462,370,462,2.3653054405590903
1054,face,FACE_55_221,55,221,8.822514521908753
1055,face,FACE_156_124,156,124,6.16840745693256
1056,face,FACE_196_197,196,197,7.11411681234983
1057,face,FACE_47_217,47,217,5.724949062395745
1058,face,FACE_285_9,285,9,17.587230609531623
1059,face,FACE_208_171,208,171,9.51121090818853
1060,face,FACE_280_425,280,425,15.394061464462855
1061,face,FACE_164_393,164,393,10.724092728403022
1062,face,FACE_258_257,258,257,7.721444006926514
1063,face,FACE_229_230,229,230,10.319435160324016
1064,face,FACE_389_368,389,368,6.809610617906313
1065,face,FACE_139_156,139,156,7.1377196741456705
1066,face,FACE_353_265,353,265,10.390366038972008
1067,face,FACE_412_351,412,351,7.329045143228587
1068,face,FACE_218_220,218,220,6.672301696737892
1069,face,FACE_304_409,304,409,7.81190632261281
1070,face,FACE_311_268,311,268,6.28015242439851
1071,face,FACE_370_354,370,354,2.14464752395526
1072,face,FACE_288_401,288,401,27.64182204088743
1073,face,FACE_179_85,179,85,8.741588706929297
1074,face,FACE_159_27,159,27,4.462174550266792
1075,face,FACE_190_243,190,243,4.804110862904009
1076,face,FACE_196_174,196,174,6.999042303902445
1077,face,FACE_295_296,295,296,7.482005682812356
1078,face,FACE_142_203,142,203,17.335328248900367
1079,face,FACE_173_190,173,190,3.919849090087914
1080,face,FACE_193_168,193,168,9.329684735663163
1081,face,FACE_325_324,325,324,1.547883179587405
1082,face,FACE_425_411,425,411,21.0891086100573
1083,face,FACE_391_269,391,269,11.759313677489946
1084,face,FACE_99_97,99,97,2.0434272056803713
1085,face,FACE_347_348,347,348,15.361211516704449
1086,face,FACE_366_361,366,361,25.239550992861457
1087,face,FACE_2_164,2,164,6.328358137696402
1088,face,FACE_131_49,131,49,6.403486898810898
1089,face,FACE_26_112,26,112,4.729099574919133
1090,face,FACE_380_381,380,381,6.202755014607277
1091,face,FACE_211_194,211,194,13.976120675893393
1092,face,FACE_104_68,104,68,15.956904475606313
1093,face,FACE_124_46,124,46,9.546334361618674
1094,face,FACE_234_34,234,34,21.09561315507209
1095,face,FACE_413_414,413,414,5.165916023835125
1096,face,FACE_432_427,432,427,23.681519666819526
1097,face,FACE_452_256,452,256,4.6601898262800185
1098,face,FACE_177_137,177,137,19.16120710276267
1099,face,FACE_43_57,43,57,10.312523621973535
1100,face,FACE_276_445,276,445,8.322989728585465
1101,face,FACE_248_197,248,197,11.283939047768143
1102,face,FACE_209_126,209,126,5.707953616061709
1103,face,FACE_142_36,142,36,11.563608590725593
1104,face,FACE_226_35,226,35,8.413094927401204
1105,face,FACE_2_141,2,141,4.234791187128747
1106,face,FACE_237_44,237,44,4.984489759743152
1107,face,FACE_435_288,435,288,9.851616548478619
1108,face,FACE_129_102,129,102,1.15988169469357
1109,face,FACE_273_375,273,375,7.949507305051443
1110,face,FACE_166_20,166,20,11.829648673950874
1111,face,FACE_425_280,425,280,15.394061464462855
1112,face,FACE_77_91,77,91,5.74850521611154
1113,face,FACE_461_462,461,462,2.198122376542787
1114,face,FACE_306_408,306,408,3.4095323463570413
1115,face,FACE_247_130,247,130,4.330075737430634
1116,face,FACE_206_92,206,92,12.287962694017255
1117,face,FACE_193_122,193,122,8.870461559586689
1118,face,FACE_200_18,200,18,10.309729748651474
1119,face,FACE_157_56,157,56,4.322856296705746
1120,face,FACE_352_411,352,411,23.37232432667364
1121,face,FACE_46_225,46,225,8.276291592097692
1122,face,FACE_345_372,345,372,14.639430764024299
1123,face,FACE_264_447,264,447,17.82163674577367
1124,face,FACE_436_410,436,410,10.154088272764623
1125,face,FACE_17_18,17,18,10.080730765841402
1126,face,FACE_28_27,28,27,7.69544208618498
1127,face,FACE_235_240,235,240,3.401875628526747
1128,face,FACE_128_114,128,114,4.632857289674429
1129,face,FACE_134_45,134,45,8.422612555043791
1130,face,FACE_198_209,198,209,6.698343164115788
1131,face,FACE_64_129,64,129,3.697930433256443
1132,face,FACE_459_250,459,250,6.244769441287088
1133,face,FACE_192_135,192,135,25.496901619532125
1134,face,FACE_112_26,112,26,4.729099574919133
1135,face,FACE_404_314,404,314,10.557964268405712
1136,face,FACE_297_337,297,337,28.700485994575914
1137,face,FACE_428_262,428,262,14.71794463429633
1138,face,FACE_81_38,81,38,5.537186418097435
1139,face,FACE_51_195,51,195,11.793756012266272
1140,face,FACE_311_271,311,271,1.3866255543418788
1141,face,FACE_442_282,442,282,16.05782486172016
1142,face,FACE_179_88,179,88,4.967432949279417
1143,face,FACE_252_450,252,450,11.603408800040546
1144,face,FACE_191_62,191,62,4.79739610719255
1145,face,FACE_84_85,84,85,5.2075697853222325
1146,face,FACE_203_36,203,36,11.617316121270663
1147,face,FACE_443_283,443,283,15.817961295448914
1148,face,FACE_121_232,121,232,4.515213397406524
1149,face,FACE_321_406,321,406,13.618518271470029
1150,face,FACE_226_25,226,25,8.429471318525598
1151,face,FACE_323_366,323,366,4.833426586349203
1152,face,FACE_117_118,117,118,10.433160938883983
1153,face,FACE_122_196,122,196,7.944942972779397
1154,face,FACE_191_183,191,183,1.9602082653428587
1155,face,FACE_397_288,397,288,18.329614573798114
1156,face,FACE_383_353,383,353,6.648180804347836
1157,face,FACE_161_160,161,160,4.755975739032251
1158,face,FACE_25_7,25,7,4.855863528787113
1159,face,FACE_11_72,11,72,9.161798491962271
1160,face,FACE_239_79,239,79,2.82663011595833
1161,face,FACE_305_290,305,290,4.711371171038683
1162,face,FACE_464_463,464,463,4.659498135387267
1163,face,FACE_22_230,22,230,11.548829449343836
1164,face,FACE_183_184,183,184,2.4608599917474785
1165,face,FACE_143_111,143,111,10.691289839385995
1166,face,FACE_442_295,442,295,7.325789691731369
1167,face,FACE_241_125,241,125,2.207856418251972
1168,face,FACE_12_302,12,302,9.911391966398565
1169,face,FACE_426_436,426,436,13.223870477975549
1170,face,FACE_13_38,13,38,8.781608330036615
1171,face,FACE_428_396,428,396,9.684400764826426
1172,face,FACE_127_139,127,139,19.65539004178047
1173,face,FACE_120_100,120,100,6.313512528577654
1174,face,FACE_259_444,259,444,5.851384360620466
1175,face,FACE_378_395,378,395,10.355200616167833
1176,face,FACE_183_76,183,76,4.682388701053598
1177,face,FACE_260_259,260,259,5.675451898176816
1178,face,FACE_427_436,427,436,13.151390347119433
1179,face,FACE_346_448,346,448,11.23718140692084
1180,face,FACE_306_375,306,375,3.675120223646142
1181,face,FACE_255_446,255,446,8.708720969049141
1182,face,FACE_36_142,36,142,11.563608590725593
1183,face,FACE_369_431,369,431,19.693684810959915
1184,face,FACE_51_5,51,5,6.74705334913661
1185,face,FACE_435_376,435,376,24.608456894759367
1186,face,FACE_282_283,282,283,12.038426664598243
1187,face,FACE_462_250,462,250,1.9589742252935578
1188,face,FACE_347_449,347,449,10.135652637211804
1189,face,FACE_205_216,205,216,20.276969566810873
1190,face,FACE_64_240,64,240,6.265078632257736
1191,face,FACE_267_11,267,11,11.121712449806209
1192,face,FACE_351_419,351,419,7.981118037188868
1193,face,FACE_431_262,431,262,13.127472566914554
1194,face,FACE_411_433,411,433,15.785421886116223
1195,face,FACE_143_124,143,124,15.824839381948657
1196,face,FACE_190_56,190,56,8.027433757092329
1197,face,FACE_315_316,315,316,4.122506697014448
1198,face,FACE_346_340,346,340,7.527672167673814
1199,face,FACE_116_143,116,143,14.683305729117787
1200,face,FACE_316_317,316,317,2.5875713028580853
1201,face,FACE_327_326,327,326,12.750374645104587
1202,face,FACE_206_36,206,36,19.068847315486142
1203,face,FACE_192_138,192,138,14.684862702030966
1204,face,FACE_464_417,464,417,10.199450301626598
1205,face,FACE_149_176,149,176,12.39174755389201
1206,face,FACE_356_389,356,389,21.326075030421833
1207,face,FACE_349_350,349,350,9.388006722815874
1208,face,FACE_102_64,102,64,4.261371870553258
1209,face,FACE_47_128,47,128,11.811765904822016
1210,face,FACE_81_41,81,41,1.5852032122658297
1211,face,FACE_147_215,147,215,24.02530217535746
1212,face,FACE_450_253,450,253,6.382940205054715
1213,face,FACE_25_226,25,226,8.429471318525598
1214,face,FACE_467_342,467,342,5.480620476800759
1215,face,FACE_332_297,332,297,21.84813357554064
1216,face,FACE_464_453,464,453,6.193279374617729
1217,face,FACE_270_322,270,322,10.957696026404093
1218,face,FACE_117_229,117,229,17.080514929580932
1219,face,FACE_282_296,282,296,15.155720068995555
1220,face,FACE_129_203,129,203,9.435417813438779
1221,face,FACE_155_112,155,112,2.888126789483084
1222,face,FACE_434_430,434,430,18.68575376824268
1223,face,FACE_345_352,345,352,17.317496263408316
1224,face,FACE_465_417,465,417,9.86649004699222
1225,face,FACE_248_419,248,419,7.38876193237296
1226,face,FACE_61_184,61,184,4.4450303971886225
1227,face,FACE_216_207,216,207,12.403535522508767
1228,face,FACE_307_325,307,325,2.1277363796612394
1229,face,FACE_202_43,202,43,8.86851048830654
1230,face,FACE_313_405,313,405,14.925003338599021
1231,face,FACE_79_238,79,238,7.507731461408438
1232,face,FACE_39_165,39,165,11.405172151675211
1233,face,FACE_177_215,177,215,17.627080222918458
1234,face,FACE_392_289,392,289,1.4386688069089346
1235,face,FACE_329_349,329,349,6.432040476634299
1236,face,FACE_201_200,201,200,13.025134731126995
1237,face,FACE_87_178,87,178,6.89851235287943
1238,face,FACE_448_449,448,449,8.31368029877708
1239,face,FACE_172_136,172,136,14.54360401373949
1240,face,FACE_266_329,266,329,17.418102515243856
1241,face,FACE_274_4,274,4,10.661197576463705
1242,face,FACE_165_97,165,97,18.466020916066604
1243,face,FACE_226_113,226,113,7.341856740568058
1244,face,FACE_56_190,56,190,8.027433757092329
1245,face,FACE_323_454,323,454,19.53387204558466
1246,face,FACE_264_368,264,368,17.689768745731566
1247,face,FACE_229_118,229,118,10.197744076923179
1248,face,FACE_75_60,75,60,4.561730571938594
1249,face,FACE_88_179,88,179,4.967432949279417
1250,face,FACE_415_308,415,308,4.536891369968822
1251,face,FACE_293_282,293,282,16.656865773878057
1252,face,FACE_212_214,212,214,10.521385497361186
1253,face,FACE_204_210,204,210,14.891094605669755
1254,face,FACE_230_119,230,119,7.193069341367416
1255,face,FACE_176_148,176,148,13.268029809707096
1256,face,FACE_188_122,188,122,7.081961937562787
1257,face,FACE_339_254,339,254,6.452655561143151
1258,face,FACE_42_184,42,184,7.084999367215543
1259,face,FACE_342_445,342,445,7.14039745777261
1260,face,FACE_199_396,199,396,19.58266931471108
1261,face,FACE_166_219,166,219,3.2569926707250554
1262,face,FACE_419_399,419,399,7.35142319936014
1263,face,FACE_30_29,30,29,5.641741589331241
1264,face,FACE_15_315,15,315,9.824221591295537
1265,face,FACE_236_134,236,134,7.257216413565327
1266,face,FACE_301_300,301,300,8.893329618534334
1267,face,FACE_333_332,333,332,14.767792828235779
1268,face,FACE_352_345,352,345,17.317496263408316
1269,face,FACE_52_53,52,53,11.910630923137038
1270,face,FACE_166_75,166,75,3.5746699855079114
1271,face,FACE_192_213,192,213,11.917534298861472
1272,face,FACE_3_197,3,197,11.425646540989339
1273,face,FACE_77_146,77,146,2.562942064587018
1274,face,FACE_363_360,363,360,8.343187209043476
1275,face,FACE_334_333,334,333,16.84443104017002
1276,face,FACE_6_351,6,351,7.818133955030203
1277,face,FACE_6_122,6,122,7.467898935810973
1278,face,FACE_406_321,406,321,13.618518271470029
1279,face,FACE_284_332,284,332,18.992145063936288
1280,face,FACE_350_277,350,277,5.51665599247491
1281,face,FACE_8_168,8,168,7.653504753062032
1282,face,FACE_129_49,129,49,5.121908986352375
1283,face,FACE_0_164,0,164,12.51662291518419
1284,face,FACE_300_276,300,276,6.553506710813557
1285,face,FACE_86_87,86,87,2.6273840450218535
1286,face,FACE_226_247,226,247,9.87048744685291
1287,face,FACE_119_120,119,120,11.605623967040085
1288,face,FACE_37_167,37,167,10.70787743904799
1289,face,FACE_111_116,111,116,10.86284472425128
1290,face,FACE_451_450,451,450,10.254451030457847
1291,face,FACE_335_418,335,418,15.446472261883748
1292,face,FACE_40_92,40,92,10.494670764050548
1293,face,FACE_52_66,52,66,15.012918947091132
1294,face,FACE_285_417,285,417,11.368376242305366
1295,face,FACE_224_29,224,29,5.96338926553867
1296,face,FACE_330_425,330,425,21.85802684914369
1297,face,FACE_285_8,285,8,14.58212264899457
1298,face,FACE_236_3,236,3,7.123348946383199
1299,face,FACE_307_292,307,292,2.5455692236236427
1300,face,FACE_187_147,187,147,10.515957285515837
1301,face,FACE_139_70,139,70,14.44868610051194
1302,face,FACE_185_186,185,186,8.831666828792514
1303,face,FACE_270_410,270,410,13.31825080822189
1304,face,FACE_456_420,456,420,8.224261652404294
1305,face,FACE_407_415,407,415,1.9478409408318826
1306,face,FACE_294_358,294,358,3.9924535368661735
1307,face,FACE_78_96,78,96,2.92061303231857
1308,face,FACE_259_257,259,257,7.364868691454141
1309,face,FACE_218_219,218,219,5.288877404761646
1310,face,FACE_417_465,417,465,9.86649004699222
1311,face,FACE_304_408,304,408,5.863862510201187
1312,face,FACE_56_157,56,157,4.322856296705746
1313,face,FACE_63_53,63,53,7.267969987432987
1314,face,FACE_349_330,349,330,17.65476009189011
1315,face,FACE_241_239,241,239,6.192056785894826
1316,face,FACE_261_446,261,446,6.655720781051969
1317,face,FACE_281_275,281,275,9.806234206240159
1318,face,FACE_396_262,396,262,19.21952761445169
1319,face,FACE_441_413,441,413,7.719746026877799
1320,face,FACE_327_391,327,391,12.63374900451748
1321,face,FACE_100_120,100,120,6.313512528577654
1322,face,FACE_346_261,346,261,11.34626672315877
1323,face,FACE_348_450,348,450,7.172665464820918
1324,face,FACE_340_446,340,446,14.877177086573726
1325,face,FACE_180_85,180,85,8.1698543433516
1326,face,FACE_252_253,252,253,7.867820973332971
1327,face,FACE_137_123,137,123,9.02721139218123
1328,face,FACE_349_451,349,451,5.664823633832005
1329,face,FACE_462_328,462,328,5.970368093581589
1330,face,FACE_455_289,455,289,3.186041894154965
1331,face,FACE_6_197,6,197,8.321211920064462
1332,face,FACE_377_369,377,369,18.89233835725394
1333,face,FACE_115_220,115,220,5.899888508832922
1334,face,FACE_35_111,35,111,10.087054655216024
1335,face,FACE_383_300,383,300,11.735564737210174
1336,face,FACE_110_25,110,25,4.242443198051366
1337,face,FACE_437_420,437,420,6.918075282750841
1338,face,FACE_333_299,333,299,19.34456093097626
1339,face,FACE_252_374,252,374,8.660655214315032
1340,face,FACE_31_226,31,226,6.77048654437981
1341,face,FACE_71_70,71,70,8.128788110383384
1342,face,FACE_104_67,104,67,25.079550336988504
1343,face,FACE_49_131,49,131,6.403486898810898
1344,face,FACE_463_414,463,414,4.75254871389915
1345,face,FACE_118_230,118,230,18.16958484124192
1346,face,FACE_104_103,104,103,13.988916218598002
1347,face,FACE_155_154,155,154,3.9108053350540364
1348,face,FACE_220_134,220,134,7.908057413082529
1349,face,FACE_262_396,262,396,19.21952761445169
1350,face,FACE_70_46,70,46,6.168323829027055
1351,face,FACE_436_432,436,432,16.353896687726202
1352,face,FACE_167_164,167,164,10.282470743025064
1353,face,FACE_170_169,170,169,13.240706398089614
1354,face,FACE_211_170,211,170,10.326346352225059
1355,face,FACE_77_90,77,90,4.752837268800754
1356,face,FACE_22_154,22,154,7.569345832166727
1357,face,FACE_237_79,237,79,2.9290021484371507
1358,face,FACE_197_6,197,6,8.321211920064462
1359,face,FACE_143_35,143,35,7.455129331400081
1360,face,FACE_146_77,146,77,2.562942064587018
1361,face,FACE_434_364,434,364,17.890150898534486
1362,face,FACE_72_11,72,11,9.161798491962271
1363,face,FACE_9_337,9,337,31.68932222691959
1364,face,FACE_465_351,465,351,5.878768906715405
1365,face,FACE_89_180,89,180,6.48070555410764
1366,face,FACE_255_249,255,249,4.865763333094647
1367,face,FACE_295_285,295,285,19.069554779098684
1368,face,FACE_90_181,90,181,8.815067009054545
1369,face,FACE_91_146,91,146,5.8112359079797455
1370,face,FACE_143_156,143,156,14.165654228038248
1371,face,FACE_18_421,18,421,16.8145146176205
1372,face,FACE_232_121,232,121,4.515213397406524
1373,face,FACE_425_436,425,436,20.54181193542281
1374,face,FACE_257_443,257,443,4.7567648965582805
1375,face,FACE_29_27,29,27,7.34936782824791
1376,face,FACE_327_358,327,358,9.703020111033823
1377,face,FACE_433_376,433,376,15.325924184777543
1378,face,FACE_299_296,299,296,20.757144212890687
1379,face,FACE_259_260,259,260,5.675451898176816
1380,face,FACE_405_314,405,314,9.158200867637614
1381,face,FACE_158_28,158,28,4.592572475769708
1382,face,FACE_217_114,217,114,6.978427545158394
1383,face,FACE_197_248,197,248,11.283939047768143
1384,face,FACE_124_35,124,35,10.643371363926905
1385,face,FACE_375_291,375,291,4.607207000143984
1386,face,FACE_321_320,321,320,3.358929571301514
1387,face,FACE_324_325,324,325,1.547883179587405
1388,face,FACE_336_299,336,299,30.382061441618557
1389,face,FACE_62_96,62,96,3.721150353245338
1390,face,FACE_22_23,22,23,7.671858865701321
1391,face,FACE_281_363,281,363,7.5186937453108555
1392,face,FACE_443_282,443,282,8.004442484125237
1393,face,FACE_20_99,20,99,4.832379792186911
1394,face,FACE_124_156,124,156,6.16840745693256
1395,face,FACE_464_341,464,341,7.245726201716803
1396,face,FACE_27_223,27,223,4.981125020823913
1397,face,FACE_125_237,125,237,9.37491595108304
1398,face,FACE_148_140,148,140,19.19117007023595
1399,face,FACE_279_331,279,331,4.171903084321679
1400,face,FACE_32_194,32,194,10.702255996751902
1401,face,FACE_44_19,44,19,7.94619954876014
1402,face,FACE_244_193,244,193,9.999934548112584
1403,face,FACE_439_289,439,289,3.8879930535995317
1404,face,FACE_453_452,453,452,6.081001701416347
1405,face,FACE_12_72,12,72,9.99153455054537
1406,face,FACE_343_437,343,437,7.139168834986409
1407,face,FACE_94_370,94,370,2.874759470409178
1408,face,FACE_94_141,94,141,2.8301548164229557
1409,face,FACE_429_360,429,360,3.3367405556723244
1410,face,FACE_444_259,444,259,5.851384360620466
1411,face,FACE_322_270,322,270,10.957696026404093
1412,face,FACE_121_100,121,100,13.304906107250288
1413,face,FACE_199_428,199,428,15.962810426840216
1414,face,FACE_379_395,379,395,10.11511334530465
1415,face,FACE_32_171,32,171,19.512973968349588
1416,face,FACE_322_391,322,391,9.559231335617968
1417,face,FACE_389_301,389,301,16.421465069838693
1418,face,FACE_279_429,279,429,5.96905778991288
1419,face,FACE_394_379,394,379,11.640660070636219
1420,face,FACE_453_465,453,465,7.512188937239287
1421,face,FACE_380_252,380,252,4.7151494140241414
1422,face,FACE_416_434,416,434,13.672716766385292
1423,face,FACE_362_463,362,463,2.8376039461444815
1424,face,FACE_309_457,309,457,3.3962046079028965
1425,face,FACE_6_419,6,419,12.44498708304334
1426,face,FACE_193_245,193,245,9.855434653666054
1427,face,FACE_413_285,413,285,11.100707032747874
1428,face,FACE_310_272,310,272,1.373089784918779
1429,face,FACE_163_110,163,110,5.7701863004481
1430,face,FACE_29_30,29,30,5.641741589331241
1431,face,FACE_69_66,69,66,20.309511186307503
1432,face,FACE_114_217,114,217,6.978427545158394
1433,face,FACE_328_326,328,326,2.0870268950592865
1434,face,FACE_431_418,431,418,15.00626209763512
1435,face,FACE_98_129,98,129,9.507074613841464
1436,face,FACE_171_199,171,199,18.659261377672262
1437,face,FACE_303_269,303,269,4.342042584006494
1438,face,FACE_91_90,91,90,3.2765617462178116
1439,face,FACE_156_70,156,70,11.921756383979346
1440,face,FACE_282_295,282,295,14.970474869095455
1441,face,FACE_287_410,287,410,8.87431262311785
1442,face,FACE_73_72,73,72,8.041946983902267
1443,face,FACE_194_182,194,182,10.749929607915321
1444,face,FACE_408_291,408,291,5.144028635618699
1445,face,FACE_221_56,221,56,6.513914340875432
1446,face,FACE_126_47,126,47,7.488898791241943
1447,face,FACE_137_93,137,93,4.455196385521007
1448,face,FACE_49_209,49,209,6.130588957677756
1449,face,FACE_257_387,257,387,7.699898322752379
1450,face,FACE_416_411,416,411,22.15475782839213
1451,face,FACE_176_170,176,170,20.695266411701496
1452,face,FACE_95_96,95,96,1.5782563181207676
1453,face,FACE_235_219,235,219,2.228678002864539
1454,face,FACE_401_288,401,288,27.64182204088743
1455,face,FACE_346_352,346,352,23.91233075350165
1456,face,FACE_79_237,79,237,2.9290021484371507
1457,face,FACE_218_166,218,166,3.3812718887594286
1458,face,FACE_430_431,430,431,13.883154621916123
1459,face,FACE_289_455,289,455,3.186041894154965
1460,face,FACE_82_13,82,13,7.5834991268871565
1461,face,FACE_108_151,108,151,20.39847367024757
1462,face,FACE_355_437,355,437,8.185474282636983
1463,face,FACE_342_467,342,467,5.480620476800759
1464,face,FACE_276_293,276,293,11.646199926151633
1465,face,FACE_308_325,308,325,2.8918267663818726
1466,face,FACE_427_425,427,425,16.139219480175772
1467,face,FACE_97_141,97,141,6.9796487706522035
1468,face,FACE_431_395,431,395,10.789635065273176
1469,face,FACE_423_391,423,391,15.221876378091695
1470,face,FACE_190_189,190,189,4.957369127485619
1471,face,FACE_330_349,330,349,17.65476009189011
1472,face,FACE_162_127,162,127,21.16327186389053
1473,face,FACE_359_263,359,263,3.093774006493297
1474,face,FACE_464_465,464,465,2.5373935211334553
1475,face,FACE_376_352,376,352,17.648459347589686
1476,face,FACE_223_222,223,222,10.731124371484217
1477,face,FACE_435_401,435,401,17.91017327993675
1478,face,FACE_230_118,230,118,18.16958484124192
1479,face,FACE_222_28,222,28,4.150062014774883
1480,face,FACE_408_304,408,304,5.863862510201187
1481,face,FACE_50_187,50,187,20.527720505324876
1482,face,FACE_42_183,42,183,4.782372803137541
1483,face,FACE_183_42,183,42,4.782372803137541
1484,face,FACE_187_192,187,192,21.742592990075135
1485,face,FACE_25_130,25,130,4.29002655578852
1486,face,FACE_265_340,265,340,10.01947685121458
1487,face,FACE_92_40,92,40,10.494670764050548
1488,face,FACE_371_358,371,358,10.465328423927753
1489,face,FACE_211_140,211,140,19.98695046770323
1490,face,FACE_35_143,35,143,7.455129331400081
1491,face,FACE_15_85,15,85,9.501493914487757
1492,face,FACE_142_126,142,126,9.356371062483506
1493,face,FACE_195_281,195,281,11.529106045498953
1494,face,FACE_440_457,440,457,6.1001095761754955
1495,face,FACE_221_190,221,190,7.0137785013763585
1496,face,FACE_386_257,386,257,4.2649055580415345
1497,face,FACE_277_350,277,350,5.51665599247491
1498,face,FACE_251_298,251,298,17.812467754211806
1499,face,FACE_383_368,383,368,7.972901685580839
1500,face,FACE_255_448,255,448,8.598398643195285
1501,face,FACE_290_289,290,289,7.017789546866809
1502,face,FACE_317_14,317,14,8.03501173085692
1503,face,FACE_103_54,103,54,18.468898130822538
1504,face,FACE_414_441,414,441,6.7681252733360155
1505,face,FACE_160_30,160,30,7.201116025572408
1506,face,FACE_174_114,174,114,4.913454825767952
1507,face,FACE_326_328,326,328,2.0870268950592865
1508,face,FACE_460_328,460,328,9.083831581691124
1509,face,FACE_152_175,152,175,7.451742015554978
1510,face,FACE_124_113,124,113,7.1718976688054745
1511,face,FACE_367_365,367,365,24.587729081302207
1512,face,FACE_98_240,98,240,2.699087065126343
1513,face,FACE_64_98,64,98,5.818966379219133
1514,face,FACE_262_428,262,428,14.71794463429633
1515,face,FACE_396_428,396,428,9.684400764826426
1516,face,FACE_122_188,122,188,7.081961937562787
1517,face,FACE_327_328,327,328,11.486041142389789
1518,face,FACE_80_42,80,42,1.5781031223838098
1519,face,FACE_265_353,265,353,10.390366038972008
1520,face,FACE_38_82,38,82,1.556271607300275
1521,face,FACE_282_442,282,442,16.05782486172016
1522,face,FACE_209_49,209,49,6.130588957677756
1523,face,FACE_73_39,73,39,4.409618974087739
1524,face,FACE_25_228,25,228,8.859682926456141
1525,face,FACE_302_11,302,11,9.537299050138222
1526,face,FACE_100_142,100,142,8.919411698175374
1527,face,FACE_447_366,447,366,18.32180318587251
1528,face,FACE_460_305,460,305,3.3676600802599044
1529,face,FACE_451_256,451,256,9.263249359792649
1530,face,FACE_1_19,1,19,4.720466151819332
1531,face,FACE_421_313,421,313,10.804990680106572
1532,face,FACE_370_2,370,2,4.1937965828487735
1533,face,FACE_434_432,434,432,11.497833033474466
1534,face,FACE_321_375,321,375,5.68374885629792
1535,face,FACE_308_292,308,292,0.899715532972672
1536,face,FACE_179_178,179,178,2.1198462695697837
1537,face,FACE_39_167,39,167,16.062439588582876
1538,face,FACE_459_461,459,461,6.384049883674305
1539,face,FACE_46_63,46,63,11.857945183441634
1540,face,FACE_391_326,391,326,19.526327920530107
1541,face,FACE_417_464,417,464,10.199450301626598
1542,face,FACE_197_195,197,195,7.890910635296577
1543,face,FACE_230_229,230,229,10.319435160324016
1544,face,FACE_356_368,356,368,20.34825818460797
1545,face,FACE_349_329,349,329,6.432040476634299
1546,face,FACE_241_238,241,238,1.2933893444181612
1547,face,FACE_326_462,326,462,5.880633044508335
1548,face,FACE_52_222,52,222,16.590902059196473
1549,face,FACE_401_376,401,376,10.121195243047929
1550,face,FACE_172_138,172,138,11.156520409541754
1551,face,FACE_245_128,245,128,7.900312997615732
1552,face,FACE_288_435,288,435,9.851616548478619
1553,face,FACE_382_362,382,362,2.1461673921018174
1554,face,FACE_407_306,407,306,5.27797877205551
1555,face,FACE_187_123,187,123,22.916063068866485
1556,face,FACE_292_325,292,325,3.686627603534898
1557,face,FACE_212_216,212,216,15.997926036777413
1558,face,FACE_411_425,411,425,21.0891086100573
1559,face,FACE_143_116,143,116,14.683305729117787
1560,face,FACE_349_450,349,450,11.152780859948402
1561,face,FACE_216_186,216,186,9.67618170255914
1562,face,FACE_296_295,296,295,7.482005682812356
1563,face,FACE_18_201,18,201,16.204386569823757
1564,face,FACE_247_30,247,30,5.397161704517382
1565,face,FACE_262_418,262,418,11.021387859779958
1566,face,FACE_14_316,14,316,8.980626252027635
1567,face,FACE_14_87,14,87,7.8740276717975615
1568,face,FACE_114_174,114,174,4.913454825767952
1569,face,FACE_195_248,195,248,6.618128658233439
1570,face,FACE_300_301,300,301,8.893329618534334
1571,face,FACE_162_71,162,71,15.50657199487258
1572,face,FACE_181_84,181,84,8.840711412538347
1573,face,FACE_423_371,423,371,17.498043764489292
1574,face,FACE_369_400,369,400,8.371800578273382
1575,face,FACE_330_329,330,329,14.383939140584268
1576,face,FACE_142_129,142,129,10.093323568174133
1577,face,FACE_188_245,188,245,4.7241373399976645
1578,face,FACE_333_334,333,334,16.84443104017002
1579,face,FACE_334_299,334,299,23.79747455377839
1580,face,FACE_274_19,274,19,7.878806307497152
1581,face,FACE_251_301,251,301,8.866572143166437
1582,face,FACE_264_383,264,383,19.374740620379452
1583,face,FACE_76_183,76,183,4.682388701053598
1584,face,FACE_355_358,355,358,16.731646935073172
1585,face,FACE_434_422,434,422,19.012825861443787
1586,face,FACE_286_258,286,258,6.995187502670253
1587,face,FACE_372_447,372,447,21.457958415589797
1588,face,FACE_31_117,31,117,11.514342365628284
1589,face,FACE_438_392,438,392,3.633437638914395
1590,face,FACE_38_13,38,13,8.781608330036615
1591,face,FACE_1_274,1,274,6.338208463419375
1592,face,FACE_168_122,168,122,12.745717955145079
1593,face,FACE_121_47,121,47,5.443637642179703
1594,face,FACE_7_25,7,25,4.855863528787113
1595,face,FACE_138_136,138,136,24.682989340466698
1596,face,FACE_262_431,262,431,13.127472566914554
1597,face,FACE_97_98,97,98,11.915299380664738
1598,face,FACE_369_377,369,377,18.89233835725394
1599,face,FACE_463_341,463,341,3.778459589195804
1600,face,FACE_401_366,401,366,19.363658108138285
1601,face,FACE_146_76,146,76,3.849434341764812
1602,face,FACE_9_107,9,107,16.841840311471252
1603,face,FACE_451_452,451,452,8.296767554961992
1604,face,FACE_238_79,238,79,7.507731461408438
1605,face,FACE_462_461,462,461,2.198122376542787
1606,face,FACE_132_177,132,177,6.027366590406886
1607,face,FACE_441_258,441,258,13.024997952729388
1608,face,FACE_339_390,339,390,5.759018020124373
1609,face,FACE_204_202,204,202,12.324527117903086
1610,face,FACE_90_180,90,180,6.689410538139518
1611,face,FACE_410_270,410,270,13.31825080822189
1612,face,FACE_355_371,355,371,9.528051686551434
1613,face,FACE_176_140,176,140,8.441100745729752
1614,face,FACE_27_160,27,160,7.661363360680043
1615,face,FACE_447_454,447,454,3.7107532142962345
1616,face,FACE_114_128,114,128,4.632857289674429
1617,face,FACE_466_467,466,467,4.816441919794988
1618,face,FACE_188_114,188,114,8.235151691493256
1619,face,FACE_141_2,141,2,4.234791187128747
1620,face,FACE_91_181,91,181,7.856370909840661
1621,face,FACE_78_62,78,62,0.9257515218398417
1622,face,FACE_232_120,232,120,11.326036345844232
1623,face,FACE_48_219,48,219,3.46442816502094
1624,face,FACE_400_378,400,378,12.706880370775316
1625,face,FACE_207_212,207,212,23.43180783014873
1626,face,FACE_406_421,406,421,15.879812088714463
1627,face,FACE_199_208,199,208,15.843026985561252
1628,face,FACE_439_455,439,455,2.2907927244900392
1629,face,FACE_250_290,250,290,5.5547554945241915
1630,face,FACE_405_313,405,313,14.925003338599021
1631,face,FACE_269_303,269,303,4.342042584006494
1632,face,FACE_295_441,295,441,15.394565066918396
1633,face,FACE_36_101,36,101,11.242416399887126
1634,face,FACE_261_448,261,448,5.425290535313634
1635,face,FACE_388_260,388,260,4.236014315837582
1636,face,FACE_20_242,20,242,1.9171754119204998
1637,face,FACE_414_398,414,398,4.034589970675311
1638,face,FACE_273_422,273,422,9.396417780912945
1639,face,FACE_433_411,433,411,15.785421886116223
1640,face,FACE_4_5,4,5,10.61200091106795
1641,face,FACE_159_28,159,28,7.873228991534562
1642,face,FACE_255_261,255,261,8.990794395572296
1643,face,FACE_175_152,175,152,7.451742015554978
1644,face,FACE_117_31,117,31,11.514342365628284
1645,face,FACE_99_242,99,242,5.4574088376590915
1646,face,FACE_133_155,133,155,2.1445803070609437
1647,face,FACE_53_46,53,46,10.247091244152696
1648,face,FACE_66_65,66,65,7.437913330939813
1649,face,FACE_406_313,406,313,11.133270418924278
1650,face,FACE_322_436,322,436,15.147924581110274
1651,face,FACE_337_299,337,299,18.467484043400354
1652,face,FACE_134_236,134,236,7.257216413565327
1653,face,FACE_456_399,456,399,6.7778352033711835
1654,face,FACE_328_250,328,250,5.25520040775594
1655,face,FACE_247_33,247,33,3.9229629872096123
1656,face,FACE_365_397,365,397,14.959958735315112
1657,face,FACE_70_71,70,71,8.128788110383384
1658,face,FACE_338_151,338,151,31.397194597048195
1659,face,FACE_35_113,35,113,13.84256518525833
1660,face,FACE_94_19,94,19,2.1152670821101975
1661,face,FACE_194_106,194,106,15.604233480438214
1662,face,FACE_447_323,447,323,22.792443073510317
1663,face,FACE_31_228,31,228,5.321240854414798
1664,face,FACE_185_57,185,57,10.27562250722482
1665,face,FACE_63_68,63,68,11.890223118347816
1666,face,FACE_104_69,104,69,19.078249587874357
1667,face,FACE_43_202,43,202,8.86851048830654
1668,face,FACE_217_126,217,126,7.997812743494243
1669,face,FACE_21_71,21,71,7.948266368266376
1670,face,FACE_454_447,454,447,3.7107532142962345
1671,face,FACE_140_171,140,171,14.685985808553408
1672,face,FACE_398_286,398,286,7.483881110366318
1673,face,FACE_245_193,245,193,9.855434653666054
1674,face,FACE_56_28,56,28,7.051921177582037
1675,face,FACE_196_188,196,188,5.382531901084543
1676,face,FACE_435_433,435,433,10.450137065419044
1677,face,FACE_54_104,54,104,19.494085872130935
1678,face,FACE_368_300,368,300,15.113582290132744
1679,face,FACE_273_291,273,291,8.883473187425333
1680,face,FACE_92_216,92,216,14.081466197121275
1681,face,FACE_255_359,255,359,4.236332210264083
1682,face,FACE_437_399,437,399,7.803869402359377
1683,face,FACE_309_250,309,250,8.82714265570162
1684,face,FACE_322_269,322,269,14.589214959794452
1685,face,FACE_113_46,113,46,9.958259383717401
1686,face,FACE_59_75,59,75,2.491694535656556
1687,face,FACE_146_43,146,43,7.5131645560700955
1688,face,FACE_358_371,358,371,10.465328423927753
1689,face,FACE_362_341,362,341,2.9339338251532294
1690,face,FACE_148_152,148,152,16.434715016900977
1691,face,FACE_200_428,200,428,19.722114263461474
1692,face,FACE_140_148,140,148,19.19117007023595
1693,face,FACE_221_222,221,222,12.334421176640967
1694,face,FACE_200_199,200,199,11.805898492011046
1695,face,FACE_240_235,240,235,3.401875628526747
1696,face,FACE_272_304,272,304,2.8567804281244986
1697,face,FACE_232_231,232,231,8.199077118339797
1698,face,FACE_421_18,421,18,16.8145146176205
1699,face,FACE_446_340,446,340,14.877177086573726
1700,face,FACE_55_189,55,189,11.332965726419681
1701,face,FACE_169_211,169,211,12.964963175385495
1702,face,FACE_287_432,287,432,8.649826624090574
1703,face,FACE_228_117,228,117,11.297421344773527
1704,face,FACE_233_232,233,232,6.008467630763116
1705,face,FACE_125_141,125,141,2.272457873317791
1706,face,FACE_453_464,453,464,6.193279374617729
1707,face,FACE_310_415,310,415,5.093845230217704
1708,face,FACE_289_392,289,392,1.4386688069089346
1709,face,FACE_416_433,416,433,12.216058427523635
1710,face,FACE_322_426,322,426,12.636277976850772
1711,face,FACE_294_327,294,327,5.788710948114467
1712,face,FACE_118_101,118,101,15.020625863718
1713,face,FACE_199_175,199,175,9.953203983676016
1714,face,FACE_438_457,438,457,5.5026622179053994
1715,face,FACE_366_352,366,352,10.210007085405323
1716,face,FACE_404_315,404,315,8.496092390066961
1717,face,FACE_269_270,269,270,8.035070314886147
1718,face,FACE_367_433,367,433,24.323995524114867
1719,face,FACE_298_333,298,333,16.37538742641403
1720,face,FACE_311_272,311,272,7.466116035764262
1721,face,FACE_0_267,0,267,9.927645205335338
1722,face,FACE_252_451,252,451,5.050364609808439
1723,face,FACE_179_89,179,89,5.798648491322455
1724,face,FACE_25_31,25,31,9.03364236064482
1725,face,FACE_278_360,278,360,9.493653174640684
1726,face,FACE_269_391,269,391,11.759313677489946
1727,face,FACE_325_292,325,292,3.686627603534898
1728,face,FACE_413_441,413,441,7.719746026877799
1729,face,FACE_107_69,107,69,30.234541293430524
1730,face,FACE_92_206,92,206,12.287962694017255
1731,face,FACE_365_364,365,364,12.019313590277411
1732,face,FACE_363_440,363,440,7.876168553547275
1733,face,FACE_62_183,62,183,2.862490164479994
1734,face,FACE_187_214,187,214,31.132023549368196
1735,face,FACE_455_294,455,294,3.1391429884174014
1736,face,FACE_133_243,133,243,2.6863990588283717
1737,face,FACE_387_388,387,388,4.777062148762588
1738,face,FACE_219_166,219,166,3.2569926707250554
1739,face,FACE_350_357,350,357,7.7829227455228365
1740,face,FACE_109_151,109,151,31.03930024714131
1741,face,FACE_448_254,448,254,13.604661882248951
1742,face,FACE_419_456,419,456,12.756289190567038
1743,face,FACE_431_430,431,430,13.883154621916123
1744,face,FACE_50_101,50,101,21.24909611928535
1745,face,FACE_423_426,423,426,11.999505635008385
1746,face,FACE_222_27,222,27,9.560867642000865
1747,face,FACE_287_422,287,422,13.282560699505986
1748,face,FACE_321_335,321,335,9.140902987907642
1749,face,FACE_152_377,152,377,16.65081185991604
1750,face,FACE_165_167,165,167,14.737155383170695
1751,face,FACE_167_97,167,97,6.979441284103085
1752,face,FACE_43_61,43,61,8.913609934091832
1753,face,FACE_306_291,306,291,1.8445662644233722
1754,face,FACE_79_20,79,20,8.636764534424236
1755,face,FACE_465_464,465,464,2.5373935211334553
1756,face,FACE_432_287,432,287,8.649826624090574
1757,face,FACE_195_51,195,51,11.793756012266272
1758,face,FACE_221_189,221,189,7.646936970622829
1759,face,FACE_239_237,239,237,1.6495885930154455
1760,face,FACE_85_179,85,179,8.741588706929297
1761,face,FACE_272_271,272,271,6.210320359465207
1762,face,FACE_445_342,445,342,7.14039745777261
1763,face,FACE_344_439,344,439,6.5515714265135925
1764,face,FACE_42_74,42,74,2.970088855533896
1765,face,FACE_162_139,162,139,5.784357555971235
1766,face,FACE_347_450,347,450,18.31187359632931
1767,face,FACE_133_112,133,112,2.9642608835402506
1768,face,FACE_387_257,387,257,7.699898322752379
1769,face,FACE_460_327,460,327,2.9491627372654707
1770,face,FACE_57_202,57,202,13.284493986484534
1771,face,FACE_271_311,271,311,1.3866255543418788
1772,face,FACE_123_147,123,147,17.45290623043091
1773,face,FACE_437_343,437,343,7.139168834986409
1774,face,FACE_275_281,275,281,9.806234206240159
1775,face,FACE_340_261,340,261,11.04807557014227
1776,face,FACE_161_30,161,30,4.480107123429335
1777,face,FACE_338_337,338,337,20.00461946570683
1778,face,FACE_357_350,357,350,7.7829227455228365
1779,face,FACE_217_47,217,47,5.724949062395745
1780,face,FACE_309_459,309,459,3.0855072623389272
1781,face,FACE_255_339,255,339,4.180750457786426
1782,face,FACE_287_291,287,291,8.431476893271945
1783,face,FACE_139_127,139,127,19.65539004178047
1784,face,FACE_268_12,268,12,8.783641081649426
1785,face,FACE_38_81,38,81,5.537186418097435
1786,face,FACE_230_22,230,22,11.548829449343836
1787,face,FACE_101_100,101,100,13.957801362310086
1788,face,FACE_81_42,81,42,7.048954777332699
1789,face,FACE_220_237,220,237,6.202376414922871
1790,face,FACE_404_403,404,403,3.3714584638244194
1791,face,FACE_351_168,351,168,12.591285687837846
1792,face,FACE_405_404,405,404,4.729835228251467
1793,face,FACE_61_185,61,185,3.4417572792975077
1794,face,FACE_396_175,396,175,17.087780200252507
1795,face,FACE_93_137,93,137,4.455196385521007
1796,face,FACE_79_239,79,239,2.82663011595833
1797,face,FACE_313_406,313,406,11.133270418924278
1798,face,FACE_424_273,424,273,14.174847327278464
1799,face,FACE_266_330,266,330,11.608795446715543
1800,face,FACE_196_122,196,122,7.944942972779397
1801,face,FACE_435_367,435,367,17.153257904727553
1802,face,FACE_108_9,108,9,31.642287530455974
1803,face,FACE_242_238,242,238,3.333788011818519
1804,face,FACE_375_273,375,273,7.949507305051443
1805,face,FACE_293_283,293,283,7.20849831826911
1806,face,FACE_205_207,205,207,15.807794061968796
1807,face,FACE_123_137,123,137,9.02721139218123
1808,face,FACE_130_33,130,33,3.046691704427927
1809,face,FACE_223_224,223,224,9.405781988955319
1810,face,FACE_230_120,230,120,10.76588309236678
1811,face,FACE_408_306,408,306,3.4095323463570413
1812,face,FACE_92_186,92,186,8.832226048898113
1813,face,FACE_345_366,345,366,23.995605609160013
1814,face,FACE_18_200,18,200,10.309729748651474
1815,face,FACE_65_52,65,52,15.018336522446704
1816,face,FACE_76_61,76,61,1.8646193495885395
1817,face,FACE_9_8,9,8,10.698237601354077
1818,face,FACE_342_446,342,446,7.173566071680008
1819,face,FACE_14_86,14,86,8.809352326630446
1820,face,FACE_202_57,202,57,13.284493986484534
1821,face,FACE_335_321,335,321,9.140902987907642
1822,face,FACE_20_166,20,166,11.829648673950874
1823,face,FACE_379_364,379,364,25.27205062773703
1824,face,FACE_265_342,265,342,13.943231020974904
1825,face,FACE_32_140,32,140,9.861926515152051
1826,face,FACE_385_258,385,258,4.464330304304087
1827,face,FACE_390_373,390,373,4.492851514978101
1828,face,FACE_231_120,231,120,5.629890915130312
1829,face,FACE_77_62,77,62,2.64106134409326
1830,face,FACE_257_258,257,258,7.721444006926514
1831,face,FACE_15_316,15,316,8.65324848716612
1832,face,FACE_42_41,42,41,5.560713119042738
1833,face,FACE_289_290,289,290,7.017789546866809
1834,face,FACE_340_372,340,372,11.08645125962094
1835,face,FACE_187_50,187,50,20.527720505324876
1836,face,FACE_352_346,352,346,23.91233075350165
1837,face,FACE_70_139,70,139,14.44868610051194
1838,face,FACE_416_367,416,367,15.35425310439728
1839,face,FACE_41_81,41,81,1.5852032122658297
1840,face,FACE_285_441,285,441,9.170898267919062
1841,face,FACE_277_437,277,437,6.429607754914561
1842,face,FACE_178_86,178,86,6.927195865083155
1843,face,FACE_224_53,224,53,8.37996727120662
1844,face,FACE_284_333,284,333,20.79393763522066
1845,face,FACE_116_111,116,111,10.86284472425128
1846,face,FACE_108_107,108,107,22.92813538267848
1847,face,FACE_415_407,415,407,1.9478409408318826
1848,face,FACE_1_44,1,44,6.2071662965025105
1849,face,FACE_327_294,327,294,5.788710948114467
1850,face,FACE_439_392,439,392,3.273191578375529
1851,face,FACE_57_61,57,61,7.9210105996401206
1852,face,FACE_138_135,138,135,14.37284214850859
1853,face,FACE_109_108,109,108,19.811770053262794
1854,face,FACE_229_24,229,24,8.144514957783668
1855,face,FACE_106_182,106,182,9.644903337552089
1856,face,FACE_277_329,277,329,9.881843814531907
1857,face,FACE_278_294,278,294,3.8525274800588476
1858,face,FACE_274_440,274,440,9.934436690870752
1859,face,FACE_436_322,436,322,15.147924581110274
1860,face,FACE_422_424,422,424,12.146098777322804
1861,face,FACE_286_414,286,414,8.163638807996351
1862,face,FACE_360_363,360,363,8.343187209043476
1863,face,FACE_359_255,359,255,4.236332210264083
1864,face,FACE_85_15,85,15,9.501493914487757
1865,face,FACE_397_367,397,367,11.142487621986934
1866,face,FACE_224_30,224,30,6.883819355664599
1867,face,FACE_27_159,27,159,4.462174550266792
1868,face,FACE_139_71,139,71,15.143300651339032
1869,face,FACE_406_335,406,335,9.639157229335003
1870,face,FACE_344_360,344,360,4.971995511578985
1871,face,FACE_348_330,348,330,8.762428416523093
1872,face,FACE_418_431,418,431,15.00626209763512
1873,face,FACE_269_302,269,302,10.874892526284617
1874,face,FACE_189_193,189,193,6.052636887374732
1875,face,FACE_36_100,36,100,17.307890281862164
1876,face,FACE_230_231,230,231,10.057859906208304
1877,face,FACE_169_135,169,135,15.242974740737514
1878,face,FACE_441_414,441,414,6.7681252733360155
1879,face,FACE_447_345,447,345,9.873621190117674
1880,face,FACE_407_272,407,272,5.5451987918310985
1881,face,FACE_44_220,44,220,9.654138873137061
1882,face,FACE_100_121,100,121,13.304906107250288
1883,face,FACE_200_208,200,208,19.011561306062003
1884,face,FACE_264_372,264,372,8.857908135661456
1885,face,FACE_270_303,270,303,9.217167147364158
1886,face,FACE_271_268,271,268,7.549181894837716
1887,face,FACE_276_383,276,383,12.700178318786197
1888,face,FACE_434_411,434,411,31.4405679761648
1889,face,FACE_198_134,198,134,3.964577120139298
1890,face,FACE_144_163,144,163,4.4348265729658
1891,face,FACE_411_427,411,427,12.455788172008859
1892,face,FACE_349_452,349,452,11.284396130895294
1893,face,FACE_275_274,275,274,8.281492557916263
1894,face,FACE_242_97,242,97,5.467031742551639
1895,face,FACE_307_306,307,306,3.8147506516483505
1896,face,FACE_133_190,133,190,4.474148793865683
1897,face,FACE_234_93,234,93,19.371242631669
1898,face,FACE_5_4,5,4,10.61200091106795
1899,face,FACE_445_276,445,276,8.322989728585465
1900,face,FACE_329_330,329,330,14.383939140584268
1901,face,FACE_374_252,374,252,8.660655214315032
1902,face,FACE_27_28,27,28,7.69544208618498
1903,face,FACE_0_11,0,11,4.089039993394159
1904,face,FACE_437_277,437,277,6.429607754914561
1905,face,FACE_382_341,382,341,3.0011065161295334
1906,face,FACE_140_170,140,170,13.557986724787833
1907,face,FACE_280_330,280,330,21.863489122550003
1908,face,FACE_166_79,166,79,4.346512256041837
1909,face,FACE_111_143,111,143,10.691289839385995
1910,face,FACE_226_130,226,130,6.833779908800079
1911,face,FACE_186_57,186,57,8.41440588700476
1912,face,FACE_391_426,391,426,16.525655611094106
1913,face,FACE_105_69,105,69,23.132730208525878
1914,face,FACE_123_117,123,117,23.187335517490308
1915,face,FACE_256_381,256,381,4.052811314175949
1916,face,FACE_301_389,301,389,16.421465069838693
1917,face,FACE_428_200,428,200,19.722114263461474
1918,face,FACE_167_165,167,165,14.737155383170695
1919,face,FACE_132_58,132,58,21.72285629742597
1920,face,FACE_19_1,19,1,4.720466151819332
1921,face,FACE_125_19,125,19,3.5955226302814585
1922,face,FACE_89_96,89,96,4.152047401825975
1923,face,FACE_418_421,418,421,13.034643044099795
1924,face,FACE_340_352,340,352,25.44991838072177
1925,face,FACE_48_64,48,64,3.7008047126431864
1926,face,FACE_228_31,228,31,5.321240854414798
1927,face,FACE_459_309,459,309,3.0855072623389272
1928,face,FACE_72_12,72,12,9.99153455054537
1929,face,FACE_169_210,169,210,11.687316858291938
1930,face,FACE_215_177,215,177,17.627080222918458
1931,face,FACE_172_215,172,215,27.483380226201113
1932,face,FACE_215_213,215,213,9.799875272653566
1933,face,FACE_455_460,455,460,3.3449079513611695
1934,face,FACE_417_168,417,168,9.70466378436125
1935,face,FACE_461_354,461,354,2.363725599166993
1936,face,FACE_413_463,413,463,7.003022928015517
1937,face,FACE_290_392,290,392,7.759789934215204
1938,face,FACE_43_106,43,106,8.589470006487073
1939,face,FACE_423_327,423,327,11.780335343637717
1940,face,FACE_300_293,300,293,11.975217485340893
1941,face,FACE_34_143,34,143,7.90526515064759
1942,face,FACE_207_214,207,214,24.618869533424085
1943,face,FACE_119_101,119,101,8.64827986989182
1944,face,FACE_299_297,299,297,18.083185865361347
1945,face,FACE_377_396,377,396,7.287830579039972
1946,face,FACE_171_148,171,148,7.258400588400908
1947,face,FACE_40_73,40,73,8.540512304083864
1948,face,FACE_41_38,41,38,7.0415187682305085
1949,face,FACE_273_424,273,424,14.174847327278464
1950,face,FACE_146_91,146,91,5.8112359079797455
1951,face,FACE_141_125,141,125,2.272457873317791
1952,face,FACE_299_333,299,333,19.34456093097626
1953,face,FACE_12_11,12,11,3.057875711506027
1954,face,FACE_218_79,218,79,2.829163205389733
1955,face,FACE_50_123,50,123,18.000814073775093
1956,face,FACE_255_263,255,263,4.682598585776978
1957,face,FACE_180_89,180,89,6.48070555410764
1958,face,FACE_233_244,233,244,6.119803963075845
1959,face,FACE_45_44,45,44,8.360671588635913
1960,face,FACE_217_236,217,236,4.499770227719335
1961,face,FACE_351_465,351,465,5.878768906715405
1962,face,FACE_96_95,96,95,1.5782563181207676
1963,face,FACE_187_213,187,213,14.868030661244191
1964,face,FACE_113_35,113,35,13.84256518525833
1965,face,FACE_352_280,352,280,19.127133128043877
1966,face,FACE_426_266,426,266,19.23318658059716
1967,face,FACE_292_415,292,415,5.422981085380074
1968,face,FACE_65_107,65,107,16.673620054278654
1969,face,FACE_164_0,164,0,12.51662291518419
1970,face,FACE_2_167,2,167,12.364843230868804
1971,face,FACE_22_145,22,145,8.55028145536013
1972,face,FACE_444_283,444,283,8.171939209508915
1973,face,FACE_429_420,429,420,6.935118384542072
1974,face,FACE_34_156,34,156,18.756673453445178
1975,face,FACE_100_101,100,101,13.957801362310086
1976,face,FACE_291_306,291,306,1.8445662644233722
1977,face,FACE_138_213,138,213,24.025834100252183
1978,face,FACE_391_393,391,393,15.752897351673617
1979,face,FACE_43_204,43,204,14.290681960249158
1980,face,FACE_294_460,294,460,6.231209508482327
1981,face,FACE_414_413,414,413,5.165916023835125
1982,face,FACE_319_404,319,404,6.542937547850144
1983,face,FACE_420_456,420,456,8.224261652404294
1984,face,FACE_352_401,352,401,25.430778977957655
1985,face,FACE_413_417,413,417,6.703568893394611
1986,face,FACE_292_307,292,307,2.5455692236236427
1987,face,FACE_175_396,175,396,17.087780200252507
1988,face,FACE_223_27,223,27,4.981125020823913
1989,face,FACE_209_129,209,129,11.248280165044951
1990,face,FACE_422_273,422,273,9.396417780912945
1991,face,FACE_214_207,214,207,24.618869533424085
1992,face,FACE_206_203,206,203,11.677821573580074
1993,face,FACE_131_209,131,209,2.653414615848966
1994,face,FACE_232_112,232,112,6.995596478508592
1995,face,FACE_425_427,425,427,16.139219480175772
1996,face,FACE_392_250,392,250,12.28082581239992
1997,face,FACE_457_459,457,459,1.5760526485189372
1998,face,FACE_444_260,444,260,6.840972106557192
1999,face,FACE_281_4,281,4,11.813718967720773
2000,face,FACE_433_367,433,367,24.323995524114867
2001,face,FACE_199_200,199,200,11.805898492011046
2002,face,FACE_197_419,197,419,7.302770036555929
2003,face,FACE_11_0,11,0,4.089039993394159
2004,face,FACE_344_438,344,438,4.263443576229498
2005,face,FACE_122_245,122,245,5.019363353039946
2006,face,FACE_300_368,300,368,15.113582290132744
2007,face,FACE_86_179,86,179,7.432129787111712
2008,face,FACE_32_208,32,208,14.30680980268093
2009,face,FACE_232_233,232,233,6.008467630763116
2010,face,FACE_446_342,446,342,7.173566071680008
2011,face,FACE_203_206,203,206,11.677821573580074
2012,face,FACE_449_347,449,347,10.135652637211804
2013,face,FACE_202_210,202,210,10.634050233024153
2014,face,FACE_19_354,19,354,3.764451046903662
2015,face,FACE_19_125,19,125,3.5955226302814585
2016,face,FACE_220_115,220,115,5.899888508832922
2017,face,FACE_412_465,412,465,4.7567304518060265
2018,face,FACE_206_216,206,216,12.800625736458105
2019,face,FACE_154_26,154,26,3.987868262484262
2020,face,FACE_452_357,452,357,7.252912712342216
2021,face,FACE_70_63,70,63,11.74270566111123
2022,face,FACE_170_150,170,150,8.967773750055423
2023,face,FACE_135_192,135,192,25.496901619532125
2024,face,FACE_69_67,69,67,17.62547471342339
2025,face,FACE_421_406,421,406,15.879812088714463
2026,face,FACE_367_435,367,435,17.153257904727553
2027,face,FACE_328_327,328,327,11.486041142389789
2028,face,FACE_333_293,333,293,21.334923513464464
2029,face,FACE_139_162,139,162,5.784357555971235
2030,face,FACE_305_460,305,460,3.3676600802599044
2031,face,FACE_97_165,97,165,18.466020916066604
2032,face,FACE_393_164,393,164,10.724092728403022
2033,face,FACE_303_270,303,270,9.217167147364158
2034,face,FACE_268_312,268,312,1.2953467144255149
2035,face,FACE_341_382,341,382,3.0011065161295334
2036,face,FACE_421_262,421,262,17.89075025633033
2037,face,FACE_440_275,440,275,6.712905776774092
2038,face,FACE_25_33,25,33,4.815826288063488
2039,face,FACE_258_384,258,384,8.239931047483015
2040,face,FACE_332_333,332,333,14.767792828235779
2041,face,FACE_364_365,364,365,12.019313590277411
2042,face,FACE_269_393,269,393,16.530015377150605
2043,face,FACE_222_52,222,52,16.590902059196473
2044,face,FACE_437_355,437,355,8.185474282636983
2045,face,FACE_96_62,96,62,3.721150353245338
2046,face,FACE_6_168,6,168,7.955701682639271
2047,face,FACE_440_360,440,360,6.83429324841797
2048,face,FACE_58_215,58,215,10.011543255864991
2049,face,FACE_397_435,397,435,27.53308013254997
2050,face,FACE_465_453,465,453,7.512188937239287
2051,face,FACE_358_327,358,327,9.703020111033823
2052,face,FACE_417_413,417,413,6.703568893394611
2053,face,FACE_135_169,135,169,15.242974740737514
2054,face,FACE_125_241,125,241,2.207856418251972
2055,face,FACE_326_2,326,2,9.513784745667909
2056,face,FACE_291_273,291,273,8.883473187425333
2057,face,FACE_49_102,49,102,3.9991526056141957
2058,face,FACE_75_240,75,240,3.0572393600978534
2059,face,FACE_61_76,61,76,1.8646193495885395
2060,face,FACE_372_383,372,383,14.053371949676686
2061,face,FACE_205_206,205,206,13.845939055773167
2062,face,FACE_184_183,184,183,2.4608599917474785
2063,face,FACE_144_110,144,110,8.315358029960048
2064,face,FACE_23_229,23,229,13.523993449684072
2065,face,FACE_412_419,412,419,6.240208383278185
2066,face,FACE_9_151,9,151,23.876002393413668
2067,face,FACE_62_77,62,77,2.64106134409326
2068,face,FACE_327_460,327,460,2.9491627372654707
2069,face,FACE_325_307,325,307,2.1277363796612394
2070,face,FACE_310_407,310,407,6.908597534041785
2071,face,FACE_329_277,329,277,9.881843814531907
2072,face,FACE_195_197,195,197,7.890910635296577
2073,face,FACE_267_302,267,302,4.91064382682861
2074,face,FACE_10_151,10,151,20.817148384432457
2075,face,FACE_170_140,170,140,13.557986724787833
2076,face,FACE_28_56,28,56,7.051921177582037
2077,face,FACE_288_361,288,361,22.0712405965185
2078,face,FACE_363_275,363,275,8.990695503536523
2079,face,FACE_15_86,15,86,8.60510810037145
2080,face,FACE_463_362,463,362,2.8376039461444815
2081,face,FACE_209_217,209,217,12.913434954813827
2082,face,FACE_106_204,106,204,10.122769498092472
2083,face,FACE_213_187,213,187,14.868030661244191
2084,face,FACE_386_258,386,258,7.9526051058147145
2085,face,FACE_215_147,215,147,24.02530217535746
2086,face,FACE_127_34,127,34,2.6267559359702273
2087,face,FACE_387_259,387,259,4.430191055864723
2088,face,FACE_71_139,71,139,15.143300651339032
2089,face,FACE_240_60,240,60,7.1995692077380165
2090,face,FACE_432_410,432,410,15.5646991819607
2091,face,FACE_241_141,241,141,4.017986334832271
2092,face,FACE_214_187,214,187,31.132023549368196
2093,face,FACE_225_53,225,53,9.371781073538562
2094,face,FACE_111_31,111,31,10.916594051140454
2095,face,FACE_430_422,430,422,11.259895486727043
2096,face,FACE_117_111,117,111,7.2664302168870885
2097,face,FACE_182_91,182,91,13.951347064786937
2098,face,FACE_229_23,229,23,13.523993449684072
2099,face,FACE_134_51,134,51,7.117199097696454
2100,face,FACE_174_236,174,236,6.805012425250657
2101,face,FACE_319_325,319,325,4.288650288574344
2102,face,FACE_419_412,419,412,6.240208383278185
2103,face,FACE_9_285,9,285,17.587230609531623
2104,face,FACE_98_97,98,97,11.915299380664738
2105,face,FACE_282_443,282,443,8.004442484125237
2106,face,FACE_73_40,73,40,8.540512304083864
2107,face,FACE_302_12,302,12,9.911391966398565
2108,face,FACE_318_402,318,402,6.035485737960717
2109,face,FACE_404_405,404,405,4.729835228251467
2110,face,FACE_275_440,275,440,6.712905776774092
2111,face,FACE_34_234,34,234,21.09561315507209
2112,face,FACE_65_221,65,221,15.847503297936568
2113,face,FACE_86_15,86,15,8.60510810037145
2114,face,FACE_405_406,405,406,9.863680308954937
2115,face,FACE_358_294,358,294,3.9924535368661735
2116,face,FACE_225_30,225,30,6.734551424264549
2117,face,FACE_116_123,116,123,17.198515533828974
2118,face,FACE_309_438,309,438,2.7818209871039192
2119,face,FACE_135_136,135,136,11.892931343114064
2120,face,FACE_196_3,196,3,7.328922088285442
2121,face,FACE_440_363,440,363,7.876168553547275
2122,face,FACE_272_407,272,407,5.5451987918310985
2123,face,FACE_467_466,467,466,4.816441919794988
2124,face,FACE_273_335,273,335,8.307534960199416
2125,face,FACE_438_439,438,439,5.711944733278201
2126,face,FACE_226_31,226,31,6.77048654437981
2127,face,FACE_110_228,110,228,8.727160501131825
2128,face,FACE_391_327,391,327,12.63374900451748
2129,face,FACE_449_448,449,448,8.31368029877708
2130,face,FACE_197_196,197,196,7.11411681234983
2131,face,FACE_129_98,129,98,9.507074613841464
2132,face,FACE_61_43,61,43,8.913609934091832
2133,face,FACE_106_194,106,194,15.604233480438214
2134,face,FACE_52_223,52,223,8.360240958808498
2135,face,FACE_237_125,237,125,9.37491595108304
2136,face,FACE_33_246,33,246,2.621140234556103
2137,face,FACE_341_362,341,362,2.9339338251532294
2138,face,FACE_53_224,53,224,8.37996727120662
2139,face,FACE_408_272,408,272,7.688818215745513
2140,face,FACE_45_220,45,220,6.243176514369175
2141,face,FACE_280_352,280,352,19.127133128043877
2142,face,FACE_351_412,351,412,7.329045143228587
2143,face,FACE_271_303,271,303,2.8472606467296906
2144,face,FACE_231_230,231,230,10.057859906208304
2145,face,FACE_267_269,267,269,10.80737691640851
2146,face,FACE_79_218,79,218,2.829163205389733
2147,face,FACE_37_72,37,72,4.872676801593157
2148,face,FACE_390_339,390,339,5.759018020124373
2149,face,FACE_313_421,313,421,10.804990680106572
2150,face,FACE_157_173,157,173,5.038267449721619
2151,face,FACE_437_456,437,456,5.367210321909545
2152,face,FACE_458_250,458,250,1.569381364995909
2153,face,FACE_47_121,47,121,5.443637642179703
2154,face,FACE_60_240,60,240,7.1995692077380165
2155,face,FACE_412_399,412,399,7.547454144388865
2156,face,FACE_39_37,39,37,9.987080148109351
2157,face,FACE_76_184,76,184,2.770678155976829
2158,face,FACE_123_116,123,116,17.198515533828974
2159,face,FACE_362_398,362,398,2.770845460890634
2160,face,FACE_309_392,309,392,4.663267210397446
2161,face,FACE_302_267,302,267,4.91064382682861
2162,face,FACE_293_298,293,298,12.754974215052703
2163,face,FACE_92_165,92,165,9.03439496506724
2164,face,FACE_4_281,4,281,11.813718967720773
2165,face,FACE_186_92,186,92,8.832226048898113
2166,face,FACE_58_172,58,172,17.808039224001444
2167,face,FACE_3_236,3,236,7.123348946383199
2168,face,FACE_105_104,105,104,16.238047945840027
2169,face,FACE_178_88,178,88,5.620363311864712
2170,face,FACE_418_335,418,335,15.446472261883748
2171,face,FACE_395_431,395,431,10.789635065273176
2172,face,FACE_108_109,108,109,19.811770053262794
2173,face,FACE_428_199,428,199,15.962810426840216
2174,face,FACE_194_32,194,32,10.702255996751902
2175,face,FACE_99_60,99,60,2.2580996969700533
2176,face,FACE_250_458,250,458,1.569381364995909
2177,face,FACE_97_99,97,99,2.0434272056803713
2178,face,FACE_83_201,83,201,10.534570546443943
2179,face,FACE_98_64,98,64,5.818966379219133
2180,face,FACE_343_277,343,277,8.022272823975225
2181,face,FACE_35_124,35,124,10.643371363926905
2182,face,FACE_114_188,114,188,8.235151691493256
2183,face,FACE_5_281,5,281,6.914283268464846
2184,face,FACE_440_438,440,438,6.782562410165382
2185,face,FACE_372_340,372,340,11.08645125962094
2186,face,FACE_243_189,243,189,7.0149122285123084
2187,face,FACE_90_96,90,96,3.8700831695620392
2188,face,FACE_419_6,419,6,12.44498708304334
2189,face,FACE_323_447,323,447,22.792443073510317
2190,face,FACE_9_108,9,108,31.642287530455974
2191,face,FACE_289_305,289,305,2.4671060051598164
2192,face,FACE_216_92,216,92,14.081466197121275
2193,face,FACE_433_435,433,435,10.450137065419044
2194,face,FACE_212_207,212,207,23.43180783014873
2195,face,FACE_411_416,411,416,22.15475782839213
2196,face,FACE_130_25,130,25,4.29002655578852
2197,face,FACE_129_209,129,209,11.248280165044951
2198,face,FACE_441_295,441,295,15.394565066918396
2199,face,FACE_392_439,392,439,3.273191578375529
2200,face,FACE_91_182,91,182,13.951347064786937
2201,face,FACE_331_279,331,279,4.171903084321679
2202,face,FACE_270_269,270,269,8.035070314886147
2203,face,FACE_329_355,329,355,9.774000211416285
2204,face,FACE_295_442,295,442,7.325789691731369
2205,face,FACE_241_242,241,242,2.2061319499155676
2206,face,FACE_301_293,301,293,16.29809679033141
2207,face,FACE_18_313,18,313,10.363675039978517
2208,face,FACE_93_227,93,227,22.66666140962039
2209,face,FACE_399_419,399,419,7.35142319936014
2210,face,FACE_419_248,419,248,7.38876193237296
2211,face,FACE_303_302,303,302,8.708770702498901
2212,face,FACE_274_275,274,275,8.281492557916263
2213,face,FACE_41_73,41,73,3.083182690508684
2214,face,FACE_252_256,252,256,6.952380723926565
2215,face,FACE_37_39,37,39,9.987080148109351
2216,face,FACE_304_303,304,303,7.053021628020358
2217,face,FACE_156_139,156,139,7.1377196741456705
2218,face,FACE_296_299,296,299,20.757144212890687
2219,face,FACE_351_6,351,6,7.818133955030203
2220,face,FACE_242_99,242,99,5.4574088376590915
2221,face,FACE_188_128,188,128,5.0838197697008605
2222,face,FACE_467_446,467,446,9.925515660584312
2223,face,FACE_371_329,371,329,9.1961926277084
2224,face,FACE_337_336,337,336,23.26465794192293
2225,face,FACE_402_316,402,316,7.247213499128955
2226,face,FACE_235_59,235,59,3.0358147194702485
2227,face,FACE_67_103,67,103,21.34850887065885
2228,face,FACE_125_44,125,44,5.292110736565937
2229,face,FACE_56_173,56,173,7.571786643523018
2230,face,FACE_145_22,145,22,8.55028145536013
2231,face,FACE_464_413,464,413,7.566604618639048
2232,face,FACE_190_173,190,173,3.919849090087914
2233,face,FACE_267_393,267,393,10.639921902364396
2234,face,FACE_319_403,319,403,6.1768929293214105
2235,face,FACE_72_37,72,37,4.872676801593157
2236,face,FACE_232_26,232,26,4.642501046729377
2237,face,FACE_292_306,292,306,1.7600490911884201
2238,face,FACE_403_402,403,402,2.1387777098402134
2239,face,FACE_320_404,320,404,6.916328065289517
2240,face,FACE_360_440,360,440,6.83429324841797
2241,face,FACE_441_285,441,285,9.170898267919062
2242,face,FACE_368_301,368,301,15.121631357079096
2243,face,FACE_425_426,425,426,14.551602308310411
2244,face,FACE_2_94,2,94,2.7825709521596345
2245,face,FACE_341_463,341,463,3.778459589195804
2246,face,FACE_208_199,208,199,15.843026985561252
2247,face,FACE_215_58,215,58,10.011543255864991
2248,face,FACE_407_408,407,408,2.311448402508778
2249,face,FACE_101_36,101,36,11.242416399887126
2250,face,FACE_455_305,455,305,5.253152454868811
2251,face,FACE_400_369,400,369,8.371800578273382
2252,face,FACE_126_129,126,129,16.65309329472266
2253,face,FACE_233_112,233,112,4.565664422307132
2254,face,FACE_412_343,412,343,8.399851922689384
2255,face,FACE_458_459,458,459,4.961486652574228
2256,face,FACE_63_46,63,46,11.857945183441634
2257,face,FACE_135_214,135,214,17.13585890164709
2258,face,FACE_421_428,421,428,11.742666379975676
2259,face,FACE_86_178,86,178,6.927195865083155
2260,face,FACE_449_346,449,346,17.309405721532784
2261,face,FACE_301_368,301,368,15.121631357079096
2262,face,FACE_137_116,137,116,23.393594000989943
2263,face,FACE_450_347,450,347,18.31187359632931
2264,face,FACE_237_239,237,239,1.6495885930154455
2265,face,FACE_83_181,83,181,15.39889183297622
2266,face,FACE_170_149,170,149,10.422222580211368
2267,face,FACE_243_133,243,133,2.6863990588283717
2268,face,FACE_384_258,384,258,8.239931047483015
2269,face,FACE_370_94,370,94,2.874759470409178
2270,face,FACE_208_32,208,32,14.30680980268093
2271,face,FACE_40_39,40,39,7.314535009915746
2272,face,FACE_155_26,155,26,4.981516727733742
2273,face,FACE_207_216,207,216,12.403535522508767
2274,face,FACE_213_147,213,147,15.099353054851651
2275,face,FACE_453_357,453,357,3.343558304958717
2276,face,FACE_11_12,11,12,3.057875711506027
2277,face,FACE_71_63,71,63,15.0552259169004
2278,face,FACE_290_250,290,250,5.5547554945241915
2279,face,FACE_128_188,128,188,5.0838197697008605
2280,face,FACE_409_287,409,287,11.400222123705326
2281,face,FACE_268_311,268,311,6.28015242439851
2282,face,FACE_334_293,334,293,14.33319515505962
2283,face,FACE_440_274,440,274,9.934436690870752
2284,face,FACE_44_45,44,45,8.360671588635913
2285,face,FACE_98_165,98,165,12.62960556490503
2286,face,FACE_304_270,304,270,3.0689554275700033
2287,face,FACE_22_26,22,26,6.848519152969115
2288,face,FACE_455_439,455,439,2.2907927244900392
2289,face,FACE_74_73,74,73,6.3321249568324625
2290,face,FACE_66_69,66,69,20.309511186307503
2291,face,FACE_31_111,31,111,10.916594051140454
2292,face,FACE_131_198,131,198,6.709417448393526
2293,face,FACE_184_61,184,61,4.4450303971886225
2294,face,FACE_28_222,28,222,4.150062014774883
2295,face,FACE_410_287,410,287,8.87431262311785
2296,face,FACE_436_425,436,425,20.54181193542281
2297,face,FACE_409_408,409,408,2.5636660262643156
2298,face,FACE_223_52,223,52,8.360240958808498
2299,face,FACE_428_421,428,421,11.742666379975676
2300,face,FACE_376_411,376,411,11.344964900860742
2301,face,FACE_141_19,141,19,3.195574653937971
2302,face,FACE_144_24,144,24,5.249754579474603
2303,face,FACE_123_50,123,50,18.000814073775093
2304,face,FACE_142_100,142,100,8.919411698175374
2305,face,FACE_442_441,442,441,12.449961994263742
2306,face,FACE_421_418,421,418,13.034643044099795
2307,face,FACE_448_255,448,255,8.598398643195285
2308,face,FACE_138_215,138,215,16.772348883451834
2309,face,FACE_443_442,443,442,10.622374372622282
2310,face,FACE_62_76,62,76,1.8336909568524453
2311,face,FACE_355_329,355,329,9.774000211416285
2312,face,FACE_375_307,375,307,2.5693130271747315
2313,face,FACE_227_143,227,143,20.915829068584728
2314,face,FACE_20_79,20,79,8.636764534424236
2315,face,FACE_39_92,39,92,13.394801920700672
2316,face,FACE_24_229,24,229,8.144514957783668
2317,face,FACE_250_392,250,392,12.28082581239992
2318,face,FACE_219_59,219,59,3.9522436091293636
2319,face,FACE_36_203,36,203,11.617316121270663
2320,face,FACE_223_29,223,29,7.817198835106758
2321,face,FACE_209_131,209,131,2.653414615848966
2322,face,FACE_328_460,328,460,9.083831581691124
2323,face,FACE_206_205,206,205,13.845939055773167
2324,face,FACE_347_330,347,330,15.521194625764911
2325,face,FACE_306_292,306,292,1.7600490911884201
2326,face,FACE_2_326,2,326,9.513784745667909
2327,face,FACE_184_74,184,74,5.079739491874963
2328,face,FACE_457_461,457,461,7.349786351521976
2329,face,FACE_228_229,228,229,8.108947852219696
2330,face,FACE_368_389,368,389,6.809610617906313
2331,face,FACE_239_238,239,238,4.9006206694388155
2332,face,FACE_85_180,85,180,8.1698543433516
2333,face,FACE_137_227,137,227,18.226204189020848
2334,face,FACE_171_140,171,140,14.685985808553408
2335,face,FACE_210_211,210,211,13.968924461210126
2336,face,FACE_138_192,138,192,14.684862702030966
2337,face,FACE_77_96,77,96,2.0901083077075335
2338,face,FACE_458_462,458,462,3.3733366144462713
2339,face,FACE_344_440,344,440,6.394673825127169
2340,face,FACE_11_267,11,267,11.121712449806209
2341,face,FACE_242_20,242,20,1.9171754119204998
2342,face,FACE_126_217,126,217,7.997812743494243
2343,face,FACE_243_244,243,244,4.364692495378419
2344,face,FACE_324_318,324,318,3.8776999548127313
2345,face,FACE_211_32,211,32,13.000601585042903
2346,face,FACE_55_193,55,193,11.424996052055777
2347,face,FACE_395_378,395,378,10.355200616167833
2348,face,FACE_202_212,202,212,12.590000079713818
2349,face,FACE_360_420,360,420,6.592706333623648
2350,face,FACE_325_319,325,319,4.288650288574344
2351,face,FACE_457_438,457,438,5.5026622179053994
2352,face,FACE_40_186,40,186,12.19055821719993
2353,face,FACE_276_283,276,283,10.372735741676545
2354,face,FACE_294_331,294,331,4.3248307522848615
2355,face,FACE_242_141,242,141,2.26094972520611
2356,face,FACE_187_205,187,205,19.903007512556457
2357,face,FACE_396_199,396,199,19.58266931471108
2358,face,FACE_268_13,268,13,8.609626077559932
2359,face,FACE_292_407,292,407,3.523798455163377
2360,face,FACE_298_301,298,301,15.92724804904452
2361,face,FACE_404_319,404,319,6.542937547850144
2362,face,FACE_9_55,9,55,17.138217253502436
2363,face,FACE_370_326,370,326,7.539104857550994
2364,face,FACE_68_104,68,104,15.956904475606313
2365,face,FACE_281_248,281,248,7.9724366557104895
2366,face,FACE_230_23,230,23,6.45885124417153
2367,face,FACE_74_184,74,184,5.079739491874963
2368,face,FACE_320_325,320,325,3.786449490404887
2369,face,FACE_141_94,141,94,2.8301548164229557
2370,face,FACE_60_20,60,20,5.008968250314504
2371,face,FACE_97_167,97,167,6.979441284103085
2372,face,FACE_104_63,104,63,20.755351390156726
2373,face,FACE_283_443,283,443,15.817961295448914
2374,face,FACE_69_105,69,105,23.132730208525878
2375,face,FACE_300_383,300,383,11.735564737210174
2376,face,FACE_48_131,48,131,9.451195386965047
2377,face,FACE_401_435,401,435,17.91017327993675
2378,face,FACE_74_40,74,40,3.13992642186289
2379,face,FACE_258_386,258,386,7.9526051058147145
2380,face,FACE_86_14,86,14,8.809352326630446
2381,face,FACE_364_367,364,367,14.742715261093899
2382,face,FACE_432_422,432,422,12.544514770463062
2383,face,FACE_424_418,424,418,11.465746516751643
2384,face,FACE_177_132,177,132,6.027366590406886
2385,face,FACE_282_334,282,334,7.588633569695169
2386,face,FACE_329_266,329,266,17.418102515243856
2387,face,FACE_394_395,394,395,13.35626108417425
2388,face,FACE_372_264,372,264,8.857908135661456
2389,face,FACE_430_434,430,434,18.68575376824268
2390,face,FACE_117_123,117,123,23.187335517490308
2391,face,FACE_88_96,88,96,5.222188593833868
2392,face,FACE_180_179,180,179,3.3356449169512934
2393,face,FACE_406_405,406,405,9.863680308954937
2394,face,FACE_45_134,45,134,8.422612555043791
2395,face,FACE_53_223,53,223,15.923293193199287
2396,face,FACE_91_106,91,106,8.789103694210148
2397,face,FACE_271_302,271,302,8.119176124582097
2398,face,FACE_283_276,283,276,10.372735741676545
2399,face,FACE_76_62,76,62,1.8336909568524453
2400,face,FACE_236_51,236,51,6.127692649224649
2401,face,FACE_96_77,96,77,2.0901083077075335
2402,face,FACE_8_193,8,193,13.209492683756025
2403,face,FACE_247_246,247,246,4.90582613500139
2404,face,FACE_368_356,368,356,20.34825818460797
2405,face,FACE_100_47,100,47,9.67991323204767
2406,face,FACE_279_278,279,278,4.111094189826963
2407,face,FACE_452_349,452,349,11.284396130895294
2408,face,FACE_379_365,379,365,16.13481105946281
2409,face,FACE_38_72,38,72,3.5218862626364165
2410,face,FACE_399_343,399,343,5.678963135794843
2411,face,FACE_257_259,257,259,7.364868691454141
2412,face,FACE_377_175,377,175,18.124193712377597
2413,face,FACE_249_255,249,255,4.865763333094647
2414,face,FACE_354_457,354,457,9.496594751895994
2415,face,FACE_239_241,239,241,6.192056785894826
2416,face,FACE_312_311,312,311,6.895932490768603
2417,face,FACE_150_169,150,169,11.564766634206109
2418,face,FACE_157_28,157,28,8.407707509079467
2419,face,FACE_182_201,182,201,16.16976512590317
2420,face,FACE_19_94,19,94,2.1152670821101975
2421,face,FACE_39_72,39,72,10.40951760109946
2422,face,FACE_4_51,4,51,11.449721009293851
2423,face,FACE_97_242,97,242,5.467031742551639
2424,face,FACE_290_328,290,328,2.2980024581970806
2425,face,FACE_336_295,336,295,17.121535329176012
2426,face,FACE_194_211,194,211,13.976120675893393
2427,face,FACE_293_333,293,333,21.334923513464464
2428,face,FACE_340_265,340,265,10.01947685121458
2429,face,FACE_25_110,25,110,4.242443198051366
2430,face,FACE_291_409,291,409,3.944742643542332
2431,face,FACE_445_467,445,467,6.268924786358746
2432,face,FACE_366_323,366,323,4.833426586349203
2433,face,FACE_46_53,46,53,10.247091244152696
2434,face,FACE_278_439,278,439,3.507887059953336
2435,face,FACE_65_66,65,66,7.437913330939813
2436,face,FACE_430_424,430,424,15.54446941664105
2437,face,FACE_68_71,68,71,15.59537274126815
2438,face,FACE_5_51,5,51,6.74705334913661
2439,face,FACE_30_224,30,224,6.883819355664599
2440,face,FACE_186_212,186,212,14.525038848725577
2441,face,FACE_138_172,138,172,11.156520409541754
2442,face,FACE_98_99,98,99,10.685443879063284
2443,face,FACE_85_16,85,16,9.04014561466765
2444,face,FACE_431_424,431,424,10.111388328391246
2445,face,FACE_244_189,244,189,7.67761749753763
2446,face,FACE_290_305,290,305,4.711371171038683
2447,face,FACE_454_264,454,264,21.25899366145004
2448,face,FACE_373_339,373,339,8.4736966481315
2449,face,FACE_240_75,240,75,3.0572393600978534
2450,face,FACE_445_444,445,444,7.832419369064196
2451,face,FACE_112_155,112,155,2.888126789483084
2452,face,FACE_392_438,392,438,3.633437638914395
2453,face,FACE_135_138,135,138,14.37284214850859
2454,face,FACE_216_212,216,212,15.997926036777413
2455,face,FACE_122_168,122,168,12.745717955145079
2456,face,FACE_26_231,26,231,9.275692452944964
2457,face,FACE_129_64,129,64,3.697930433256443
2458,face,FACE_446_265,446,265,8.614583663737326
2459,face,FACE_203_129,203,129,9.435417813438779
2460,face,FACE_143_227,143,227,20.915829068584728
2461,face,FACE_457_274,457,274,5.390306827231943
2462,face,FACE_220_218,220,218,6.672301696737892
2463,face,FACE_18_83,18,83,10.414271431706176
2464,face,FACE_357_452,357,452,7.252912712342216
2465,face,FACE_277_343,277,343,8.022272823975225
2466,face,FACE_270_304,270,304,3.0689554275700033
2467,face,FACE_261_255,261,255,8.990794395572296
2468,face,FACE_41_72,41,72,7.291694417294905
2469,face,FACE_393_2,393,2,12.87704134082809
2470,face,FACE_231_232,231,232,8.199077118339797
2471,face,FACE_16_15,16,15,4.146074172824618
2472,face,FACE_261_340,261,340,11.04807557014227
2473,face,FACE_448_346,448,346,11.23718140692084
2474,face,FACE_381_256,381,256,4.052811314175949
2475,face,FACE_467_445,467,445,6.268924786358746
2476,face,FACE_393_267,393,267,10.639921902364396
2477,face,FACE_17_16,17,16,4.976533483253914
2478,face,FACE_262_421,262,421,17.89075025633033
2479,face,FACE_296_334,296,334,16.298988386589613
2480,face,FACE_49_48,49,48,4.141810977013045
2481,face,FACE_297_299,297,299,18.083185865361347
2482,face,FACE_182_83,182,83,11.029145173194774
2483,face,FACE_227_234,227,234,3.3126138638742426
2484,face,FACE_201_182,201,182,16.16976512590317
2485,face,FACE_374_253,374,253,4.723181296151163
2486,face,FACE_27_29,27,29,7.34936782824791
2487,face,FACE_403_316,403,316,7.832666218804471
2488,face,FACE_148_175,148,175,17.035137268327798
2489,face,FACE_213_192,213,192,11.917534298861472
2490,face,FACE_219_235,219,235,2.228678002864539
2491,face,FACE_63_104,63,104,20.755351390156726
2492,face,FACE_104_105,104,105,16.238047945840027
2493,face,FACE_256_382,256,382,4.89465282650679
2494,face,FACE_128_233,128,233,3.130648646390921
2495,face,FACE_302_269,302,269,10.874892526284617
2496,face,FACE_293_300,293,300,11.975217485340893
2497,face,FACE_59_219,59,219,3.9522436091293636
2498,face,FACE_465_412,465,412,4.7567304518060265
2499,face,FACE_423_266,423,266,12.15582979251358
2500,face,FACE_260_388,260,388,4.236014315837582
2501,face,FACE_307_320,307,320,4.792573930306591
2502,face,FACE_113_226,113,226,7.341856740568058
2503,face,FACE_51_134,51,134,7.117199097696454
2504,face,FACE_446_255,446,255,8.708720969049141
2505,face,FACE_47_100,47,100,9.67991323204767
2506,face,FACE_147_187,147,187,10.515957285515837
2507,face,FACE_460_455,460,455,3.3449079513611695
2508,face,FACE_151_337,151,337,20.65227177177183
2509,face,FACE_165_92,165,92,9.03439496506724
2510,face,FACE_263_255,263,255,4.682598585776978
2511,face,FACE_182_181,182,181,9.51005204338593
2512,face,FACE_442_257,442,257,9.580419769847898
2513,face,FACE_389_251,389,251,17.69734552980896
2514,face,FACE_60_75,60,75,4.561730571938594
2515,face,FACE_57_186,57,186,8.41440588700476
2516,face,FACE_258_441,258,441,13.024997952729388
2517,face,FACE_413_464,413,464,7.566604618639048
2518,face,FACE_339_249,339,249,5.645777984743711
2519,face,FACE_131_220,131,220,6.16049983381917
2520,face,FACE_376_433,376,433,15.325924184777543
2521,face,FACE_235_48,235,48,5.507974012801653
2522,face,FACE_112_243,112,243,3.77492151352982
2523,face,FACE_312_268,312,268,1.2953467144255149
2524,face,FACE_84_181,84,181,8.840711412538347
2525,face,FACE_238_239,238,239,4.9006206694388155
2526,face,FACE_102_49,102,49,3.9991526056141957
2527,face,FACE_456_281,456,281,6.927008317829131
2528,face,FACE_40_74,40,74,3.13992642186289
2529,face,FACE_352_340,352,340,25.44991838072177
2530,face,FACE_299_334,299,334,23.79747455377839
2531,face,FACE_31_25,31,25,9.03364236064482
2532,face,FACE_212_186,212,186,14.525038848725577
2533,face,FACE_271_272,271,272,6.210320359465207
2534,face,FACE_425_330,425,330,21.85802684914369
2535,face,FACE_51_3,51,3,8.0441865702207
2536,face,FACE_303_304,303,304,7.053021628020358
2537,face,FACE_314_313,314,313,10.44661014017683
2538,face,FACE_254_448,254,448,13.604661882248951
2539,face,FACE_360_429,360,429,3.3367405556723244
2540,face,FACE_316_14,316,14,8.980626252027635
2541,face,FACE_180_90,180,90,6.689410538139518
2542,face,FACE_233_245,233,245,7.137970850463176
2543,face,FACE_295_336,295,336,17.121535329176012
2544,face,FACE_336_337,336,337,23.26465794192293
2545,face,FACE_101_205,101,205,21.627334985535438
2546,face,FACE_28_221,28,221,12.869094229832562
2547,face,FACE_315_314,315,314,5.284808052023079
2548,face,FACE_341_452,341,452,6.896199117463691
2549,face,FACE_67_69,67,69,17.62547471342339
2550,face,FACE_318_325,318,325,5.421016945692593
2551,face,FACE_144_23,144,23,8.367496122796133
2552,face,FACE_337_338,337,338,20.00461946570683
2553,face,FACE_348_347,348,347,15.361211516704449
2554,face,FACE_275_363,275,363,8.990695503536523
2555,face,FACE_147_177,147,177,9.11900653893409
2556,face,FACE_181_90,181,90,8.815067009054545
2557,face,FACE_366_401,366,401,19.363658108138285
2558,face,FACE_218_237,218,237,5.041403199413034
2559,face,FACE_63_71,63,71,15.0552259169004
2560,face,FACE_338_10,338,10,24.29659795807394
2561,face,FACE_402_403,402,403,2.1387777098402134
2562,face,FACE_375_306,375,306,3.675120223646142
2563,face,FACE_72_39,72,39,10.40951760109946
2564,face,FACE_24_228,24,228,13.463434613983697
2565,face,FACE_292_308,292,308,0.899715532972672
2566,face,FACE_403_404,403,404,3.3714584638244194
2567,face,FACE_61_146,61,146,4.860035758859785
2568,face,FACE_369_262,369,262,10.126988819916875
2569,face,FACE_395_400,395,400,20.362820751531448
2570,face,FACE_165_203,165,203,14.935767496909788
2571,face,FACE_430_394,430,394,12.217987027850002
2572,face,FACE_75_166,75,166,3.5746699855079114
2573,face,FACE_110_7,110,7,5.800527327696855
2574,face,FACE_281_5,281,5,6.914283268464846
2575,face,FACE_207_205,207,205,15.807794061968796
2576,face,FACE_112_233,112,233,4.565664422307132
2577,face,FACE_198_236,198,236,7.889863592906385
2578,face,FACE_227_34,227,34,17.783218471199937
2579,face,FACE_458_461,458,461,1.4287136757897705
2580,face,FACE_129_142,129,142,10.093323568174133
2581,face,FACE_334_282,334,282,7.588633569695169
2582,face,FACE_201_18,201,18,16.204386569823757
2583,face,FACE_33_25,33,25,4.815826288063488
2584,face,FACE_166_60,166,60,7.729553128137697
2585,face,FACE_251_284,251,284,18.470937269336453
2586,face,FACE_226_111,226,111,15.051301174430755
2587,face,FACE_169_214,169,214,28.25684548076321
2588,face,FACE_325_318,325,318,5.421016945692593
2589,face,FACE_450_349,450,349,11.152780859948402
2590,face,FACE_40_185,40,185,5.2910344941713
2591,left_hand,LEFT_HAND_3_4,3,4,29.841374583116092
2592,left_hand,LEFT_HAND_0_5,0,5,108.76140973087732
2593,left_hand,LEFT_HAND_17_18,17,18,49.22847724745052
2594,left_hand,LEFT_HAND_0_17,0,17,40.13085365828853
2595,left_hand,LEFT_HAND_13_14,13,14,62.1765658184708
2596,left_hand,LEFT_HAND_13_17,13,17,26.715589097842393
2597,left_hand,LEFT_HAND_18_19,18,19,16.050291831163445
2598,left_hand,LEFT_HAND_5_6,5,6,59.02565620018846
2599,left_hand,LEFT_HAND_5_9,5,9,21.40240243521793
2600,left_hand,LEFT_HAND_14_15,14,15,23.07282566034394
2601,left_hand,LEFT_HAND_0_1,0,1,46.98162534524854
2602,left_hand,LEFT_HAND_9_10,9,10,65.5926535100979
2603,left_hand,LEFT_HAND_1_2,1,2,47.21574839941192
2604,left_hand,LEFT_HAND_9_13,9,13,26.293160767675193
2605,left_hand,LEFT_HAND_10_11,10,11,27.396677138608016
2606,left_hand,LEFT_HAND_19_20,19,20,3.680277877658295
2607,left_hand,LEFT_HAND_6_7,6,7,28.699338920623145
2608,left_hand,LEFT_HAND_15_16,15,16,10.705938650131678
2609,left_hand,LEFT_HAND_2_3,2,3,36.905117195394794
2610,left_hand,LEFT_HAND_11_12,11,12,13.102285726517838
2611,left_hand,LEFT_HAND_7_8,7,8,14.325975160609417
