id,category,mediapipe_length_desc,from_landmark_index,to_landmark_index,pixel_length,length_m,ratio,alt_m,notes
0,pose,POSE_15_21,15,21,40.94163940297286
1,pose,POSE_16_20,16,20,69.95083956297385
2,pose,POSE_18_20,18,20,64.472190811704
3,pose,POSE_3_7,3,7,31.044767838258426
4,pose,POSE_14_16,14,16,88.04781450237738
5,pose,POSE_23_25,23,25,524.5001107274286
6,pose,POSE_28_30,28,30,64.9473497834722
7,pose,POSE_11_23,11,23,620.9238674779663
8,pose,POSE_27_31,27,31,153.64274629882786
9,pose,POSE_6_8,6,8,33.27100158843896
10,pose,POSE_15_17,15,17,108.65255533216661
11,pose,POSE_24_26,24,26,517.6236796361216
12,pose,POSE_16_22,16,22,80.12182154519633
13,pose,POSE_4_5,4,5,20.824875739020058
14,pose,POSE_5_6,5,6,20.959975892684458
15,pose,POSE_29_31,29,31,113.8355588626154
16,pose,POSE_12_24,12,24,607.5278455065857
17,pose,POSE_23_24,23,24,300.85976383343456
18,pose,POSE_0_1,0,1,53.11389255109115
19,pose,POSE_9_10,9,10,89.4702061284468
20,pose,POSE_1_2,1,2,19.930656890163657
21,pose,POSE_0_4,0,4,57.59499921965928
22,pose,POSE_11_13,11,13,321.78388234518957
23,pose,POSE_30_32,30,32,96.96915780230178
24,pose,POSE_28_32,28,32,155.12439762835163
25,pose,POSE_15_19,15,19,14.319028318668709
26,pose,POSE_16_18,16,18,13.68611366592628
27,pose,POSE_25_27,25,27,407.33953765970097
28,pose,POSE_26_28,26,28,433.8454464914029
29,pose,POSE_12_14,12,14,367.7118140403902
30,pose,POSE_17_19,17,19,97.68586310745833
31,pose,POSE_2_3,2,3,20.717239076443377
32,pose,POSE_11_12,11,12,453.549347823082
33,pose,POSE_27_29,27,29,63.84087919239825
34,pose,POSE_13_15,13,15,147.295336285367
35,face,FACE_18_17,18,17,9.568104540424898
36,face,FACE_82_38,82,38,1.5966939243112477
37,face,FACE_8_9,8,9,11.854773670130635
38,face,FACE_456_248,456,248,8.273293062195325
39,face,FACE_167_2,167,2,13.845345642863348
40,face,FACE_303_271,303,271,3.2053080592425194
41,face,FACE_69_104,69,104,21.221243951159376
42,face,FACE_253_450,253,450,7.5185072902426215
43,face,FACE_41_42,41,42,6.295911328367634
44,face,FACE_315_16,315,16,11.719511535110026
45,face,FACE_73_74,73,74,7.112793631025618
46,face,FACE_339_373,339,373,10.308211437590447
47,face,FACE_258_385,258,385,5.092570810393618
48,face,FACE_105_63,105,63,15.371872230199251
49,face,FACE_219_48,219,48,4.186882272360122
50,face,FACE_304_272,304,272,3.435479493677237
51,face,FACE_236_217,236,217,5.7046113144283614
52,face,FACE_231_22,231,22,6.138133081653278
53,face,FACE_85_84,85,84,5.689854443242456
54,face,FACE_365_367,365,367,27.64809309340919
55,face,FACE_237_218,237,218,5.925003779609808
56,face,FACE_243_112,243,112,3.663699763239303
57,face,FACE_436_427,436,427,14.278469562503119
58,face,FACE_409_410,409,410,9.460908707027507
59,face,FACE_248_456,248,456,8.273293062195325
60,face,FACE_330_266,330,266,13.406648568428821
61,face,FACE_136_135,136,135,11.774701544472649
62,face,FACE_88_95,88,95,4.523377153209746
63,face,FACE_394_430,394,430,12.822211925154182
64,face,FACE_107_108,107,108,28.47413776753506
65,face,FACE_118_117,118,117,12.283847308287376
66,face,FACE_439_438,439,438,6.781551407515003
67,face,FACE_442_443,442,443,12.34440045921968
68,face,FACE_260_466,260,466,5.38013458738808
69,face,FACE_115_48,115,48,5.940653870567566
70,face,FACE_342_276,342,276,10.117058693600228
71,face,FACE_121_128,121,128,7.851202287788538
72,face,FACE_200_421,200,421,15.50869351237014
73,face,FACE_113_124,113,124,8.133502010644369
74,face,FACE_132_137,132,137,25.94285608465643
75,face,FACE_23_230,23,230,7.740967780530163
76,face,FACE_343_357,343,357,5.859713643068212
77,face,FACE_443_444,443,444,10.79801485575275
78,face,FACE_62_78,62,78,1.2374714733886838
79,face,FACE_26_155,26,155,5.366356528716979
80,face,FACE_228_110,228,110,9.82286119693125
81,face,FACE_432_434,432,434,12.318890118243786
82,face,FACE_364_379,364,379,28.707140264401374
83,face,FACE_325_308,325,308,4.754528253906596
84,face,FACE_424_430,424,430,17.06719499231639
85,face,FACE_36_205,36,205,17.955166595439852
86,face,FACE_363_420,363,420,6.665644099908699
87,face,FACE_21_162,21,162,18.576763003117936
88,face,FACE_328_462,328,462,7.346156450092881
89,face,FACE_419_351,419,351,9.941084451507818
90,face,FACE_366_345,366,345,25.652448479494673
91,face,FACE_193_8,193,8,14.235228831573385
92,face,FACE_363_456,363,456,8.883936332546366
93,face,FACE_183_80,183,80,7.602694569815397
94,face,FACE_307_375,307,375,2.8857299837131323
95,face,FACE_94_2,94,2,2.189539487293249
96,face,FACE_333_284,333,284,25.469724404429424
97,face,FACE_17_313,17,313,15.921680714654507
98,face,FACE_185_40,185,40,6.028327324413176
99,face,FACE_44_1,44,1,7.26052334298786
100,face,FACE_291_287,291,287,8.590468428080385
101,face,FACE_411_352,411,352,27.521078706174446
102,face,FACE_20_238,20,238,1.2223779882811956
103,face,FACE_59_166,59,166,1.181706523239984
104,face,FACE_272_310,272,310,1.781505238804569
105,face,FACE_420_437,420,437,8.380692942431727
106,face,FACE_387_260,387,260,8.185370324767536
107,face,FACE_130_226,130,226,7.529338874728551
108,face,FACE_51_45,51,45,11.632314292700304
109,face,FACE_175_377,175,377,19.948531288487644
110,face,FACE_202_214,202,214,21.535761052677177
111,face,FACE_353_383,353,383,8.261470248285407
112,face,FACE_339_448,339,448,9.945499145011087
113,face,FACE_291_408,291,408,6.3670734645574445
114,face,FACE_466_260,466,260,5.38013458738808
115,face,FACE_264_454,264,454,21.07712727974464
116,face,FACE_457_440,457,440,7.097706118546405
117,face,FACE_355_429,355,429,7.059643872453427
118,face,FACE_96_89,96,89,5.453254973301207
119,face,FACE_128_121,128,121,7.851202287788538
120,face,FACE_187_207,187,207,14.233520486943897
121,face,FACE_360_278,360,278,10.518060693015547
122,face,FACE_306_307,306,307,5.923901545661407
123,face,FACE_446_467,446,467,10.88263100633398
124,face,FACE_165_39,165,39,13.357339126781143
125,face,FACE_337_151,337,151,24.25515735193195
126,face,FACE_168_193,168,193,10.706289831110462
127,face,FACE_73_41,73,41,3.4652095648134114
128,face,FACE_318_403,318,403,6.877253108007952
129,face,FACE_263_467,263,467,4.186450957063177
130,face,FACE_283_445,283,445,9.04345221804412
131,face,FACE_74_42,74,42,3.6059532453744554
132,face,FACE_201_83,201,83,10.256541388687621
133,face,FACE_65_222,65,222,6.678136208760492
134,face,FACE_37_11,37,11,13.630072043955083
135,face,FACE_429_355,429,355,7.059643872453427
136,face,FACE_272_408,272,408,9.478120344116057
137,face,FACE_179_180,179,180,4.115075450983517
138,face,FACE_100_36,100,36,20.3304852958093
139,face,FACE_158_157,158,157,7.5268100458571245
140,face,FACE_438_440,438,440,7.274320665575952
141,face,FACE_358_331,358,331,1.2665302560870144
142,face,FACE_281_456,281,456,9.041399745611056
143,face,FACE_136_138,136,138,27.63552790595166
144,face,FACE_314_404,314,404,12.967474870995435
145,face,FACE_417_8,417,8,14.904266623884412
146,face,FACE_34_127,34,127,2.56876846173321
147,face,FACE_367_416,367,416,16.28411466014368
148,face,FACE_180_181,180,181,5.139393644885926
149,face,FACE_426_322,426,322,13.592016249379512
150,face,FACE_419_197,419,197,8.521416658092784
151,face,FACE_457_309,457,309,3.9425692356470514
152,face,FACE_215_138,215,138,20.31214718651241
153,face,FACE_242_241,242,241,1.9132591007390958
154,face,FACE_33_247,33,247,4.33001145571026
155,face,FACE_53_225,53,225,9.208064453765855
156,face,FACE_126_209,126,209,7.206053525560709
157,face,FACE_467_359,467,359,4.224603029711542
158,face,FACE_224_223,224,223,10.658110699064242
159,face,FACE_271_304,271,304,10.162457419861616
160,face,FACE_97_2,97,2,11.454485092612043
161,face,FACE_183_191,183,191,2.489432557597705
162,face,FACE_202_204,202,204,14.712352616981706
163,face,FACE_95_78,95,78,6.186509064272485
164,face,FACE_246_247,246,247,5.702537008556531
165,face,FACE_177_147,177,147,9.080809839936162
166,face,FACE_357_343,357,343,5.859713643068212
167,face,FACE_65_55,65,55,22.022852155142658
168,face,FACE_116_137,116,137,24.547355059826895
169,face,FACE_135_150,135,150,28.69246501472825
170,face,FACE_382_256,382,256,5.27865906140297
171,face,FACE_199_171,199,171,20.93426689884508
172,face,FACE_298_293,298,293,16.987685719924347
173,face,FACE_16_315,16,315,11.719511535110026
174,face,FACE_204_106,204,106,9.652249149482168
175,face,FACE_149_170,149,170,10.711187510753676
176,face,FACE_150_135,150,135,28.69246501472825
177,face,FACE_403_315,403,315,11.131795261898922
178,face,FACE_61_57,61,57,8.947859534835318
179,face,FACE_205_187,205,187,21.559687145857875
180,face,FACE_44_4,44,4,11.603218586741225
181,face,FACE_358_429,358,429,12.408584959990215
182,face,FACE_277_355,277,355,9.205563912851392
183,face,FACE_438_309,438,309,3.1728981210383504
184,face,FACE_42_80,42,80,1.8648360428595734
185,face,FACE_236_174,236,174,8.490215156121614
186,face,FACE_128_232,128,232,7.167756550796295
187,face,FACE_302_268,302,268,3.570031853974549
188,face,FACE_313_314,313,314,10.004716664282142
189,face,FACE_240_64,240,64,7.209027694047261
190,face,FACE_291_375,291,375,6.964467434884731
191,face,FACE_260_387,260,387,8.185370324767536
192,face,FACE_113_225,113,225,7.2215031241374135
193,face,FACE_107_65,107,65,18.59888245844964
194,face,FACE_247_225,247,225,6.415801156396287
195,face,FACE_346_347,346,347,12.67642033230896
196,face,FACE_44_125,44,125,5.614160749075128
197,face,FACE_378_379,378,379,15.252475286105835
198,face,FACE_466_263,466,263,2.67918598366182
199,face,FACE_250_459,250,459,6.416453304578206
200,face,FACE_50_205,50,205,17.802538768321675
201,face,FACE_111_35,111,35,11.678963863864029
202,face,FACE_76_77,76,77,5.776479876211899
203,face,FACE_122_193,122,193,10.91660946796228
204,face,FACE_209_198,209,198,6.9591369802296255
205,face,FACE_201_194,201,194,15.39918961451177
206,face,FACE_408_407,408,407,2.9141439304348187
207,face,FACE_285_336,285,336,12.572461828431788
208,face,FACE_2_393,2,393,15.285212799707397
209,face,FACE_243_190,243,190,5.427352608892954
210,face,FACE_336_9,336,9,20.183100264797716
211,face,FACE_234_227,234,227,0.7860515027930749
212,face,FACE_293_276,293,276,12.458807326339889
213,face,FACE_221_28,221,28,14.586851109679756
214,face,FACE_57_185,57,185,11.824426125502903
215,face,FACE_217_174,217,174,7.911814610816816
216,face,FACE_131_134,131,134,8.466781668669306
217,face,FACE_344_278,344,278,6.833668047499657
218,face,FACE_343_399,343,399,7.258569373394857
219,face,FACE_28_158,28,158,4.844563051514148
220,face,FACE_128_245,128,245,8.182130185710713
221,face,FACE_463_464,463,464,5.468960381889235
222,face,FACE_443_257,443,257,4.303237038862933
223,face,FACE_394_364,394,364,18.338014940708305
224,face,FACE_164_167,164,167,12.570572528825204
225,face,FACE_10_109,10,109,28.11131743958886
226,face,FACE_196_236,196,236,14.476714806420565
227,face,FACE_429_358,429,358,12.408584959990215
228,face,FACE_174_217,174,217,7.911814610816816
229,face,FACE_452_341,452,341,7.628603713177018
230,face,FACE_2_370,2,370,3.8771140131023984
231,face,FACE_84_180,84,180,12.642189576286325
232,face,FACE_320_307,320,307,6.70963958946716
233,face,FACE_0_37,0,37,12.10402186665393
234,face,FACE_250_328,250,328,5.876151860513505
235,face,FACE_101_119,101,119,10.445692347075573
236,face,FACE_41_74,41,74,9.275069984887596
237,face,FACE_399_456,399,456,8.436413751669724
238,face,FACE_13_12,13,12,1.0338688895628176
239,face,FACE_218_115,218,115,5.211279806867891
240,face,FACE_343_412,343,412,8.99759971072764
241,face,FACE_16_17,16,17,5.490371778845369
242,face,FACE_55_8,55,8,16.409400144322955
243,face,FACE_107_55,107,55,12.659949035594012
244,face,FACE_153_22,153,22,5.468770497606439
245,face,FACE_440_344,440,344,7.525659081670362
246,face,FACE_393_269,393,269,18.968088081258244
247,face,FACE_364_434,364,434,18.896605226842755
248,face,FACE_38_41,38,41,8.538178700206512
249,face,FACE_296_336,296,336,20.361917506422387
250,face,FACE_68_63,68,63,15.103987236779576
251,face,FACE_402_317,402,317,8.914539177716307
252,face,FACE_456_437,456,437,7.134340611714282
253,face,FACE_253_374,253,374,5.2561181298917035
254,face,FACE_254_339,254,339,7.947004327081383
255,face,FACE_67_104,67,104,28.764031010960025
256,face,FACE_392_309,392,309,5.599334888843037
257,face,FACE_145_23,145,23,5.4991319807156325
258,face,FACE_63_70,63,70,12.049067714048103
259,face,FACE_403_318,403,318,6.877253108007952
260,face,FACE_127_234,127,234,21.86376241291818
261,face,FACE_415_292,415,292,6.746971796652988
262,face,FACE_54_21,54,21,18.78856931892854
263,face,FACE_168_6,168,6,9.594816741799391
264,face,FACE_72_38,72,38,3.7862502718695485
265,face,FACE_204_194,204,194,13.947531810720724
266,face,FACE_83_84,83,84,9.908392633653865
267,face,FACE_282_293,282,293,19.61537073645127
268,face,FACE_302_271,302,271,9.63553116984197
269,face,FACE_120_231,120,231,6.884952923179179
270,face,FACE_434_427,434,427,27.560575444504977
271,face,FACE_320_405,320,405,11.251604896646528
272,face,FACE_426_423,426,423,13.594078168636551
273,face,FACE_441_286,441,286,7.497787377477086
274,face,FACE_145_144,145,144,7.676902248284358
275,face,FACE_341_464,341,464,7.710954958975003
276,face,FACE_208_200,208,200,21.075481041521446
277,face,FACE_250_462,250,462,2.4110059338433283
278,face,FACE_112_232,112,232,7.811576065665389
279,face,FACE_258_286,258,286,8.179168411616258
280,face,FACE_418_424,418,424,14.148969141451161
281,face,FACE_160_159,160,159,7.595688705173049
282,face,FACE_286_384,286,384,4.960758090441726
283,face,FACE_421_200,421,200,15.50869351237014
284,face,FACE_274_1,274,1,7.3807502008055135
285,face,FACE_200_201,200,201,15.414671073530785
286,face,FACE_166_59,166,59,1.181706523239984
287,face,FACE_111_123,111,123,27.75409453508218
288,face,FACE_211_210,211,210,16.482584865069807
289,face,FACE_330_347,330,347,17.824120569575605
290,face,FACE_422_430,422,430,11.678914700104874
291,face,FACE_214_135,214,135,17.760877799108247
292,face,FACE_280_346,280,346,23.4498501584445
293,face,FACE_107_9,107,9,19.698357973026965
294,face,FACE_265_446,265,446,10.176845821503257
295,face,FACE_244_243,244,243,5.164485321478077
296,face,FACE_417_351,417,351,10.947559130224462
297,face,FACE_110_163,110,163,6.386933928826255
298,face,FACE_450_348,450,348,8.296569205141807
299,face,FACE_396_377,396,377,7.10345617650208
300,face,FACE_245_244,245,244,2.8813454295747585
301,face,FACE_83_182,83,182,13.46886810605176
302,face,FACE_8_417,8,417,14.904266623884412
303,face,FACE_451_349,451,349,6.629513381749735
304,face,FACE_203_98,203,98,12.291158909005139
305,face,FACE_376_435,376,435,26.55058585657608
306,face,FACE_101_50,101,50,23.752043279174888
307,face,FACE_345_447,345,447,11.367241080173613
308,face,FACE_412_357,412,357,6.228924909047099
309,face,FACE_238_241,238,241,1.70462103056212
310,face,FACE_90_77,90,77,6.309994372207726
311,face,FACE_369_395,369,395,16.429542223526845
312,face,FACE_276_353,276,353,9.643740254439612
313,face,FACE_253_449,253,449,16.382036584126443
314,face,FACE_359_467,359,467,4.224603029711542
315,face,FACE_279_358,279,358,5.163686184227204
316,face,FACE_315_15,315,15,12.347132391184337
317,face,FACE_433_416,433,416,14.506511768470272
318,face,FACE_299_336,299,336,37.279343022385895
319,face,FACE_46_156,46,156,12.698982690935484
320,face,FACE_167_37,167,37,11.254563033563224
321,face,FACE_460_290,460,290,9.331284146030242
322,face,FACE_311_310,311,310,7.306242667481016
323,face,FACE_410_432,410,432,16.62798751472872
324,face,FACE_357_277,357,277,13.363901062574357
325,face,FACE_35_226,35,226,9.539719840338966
326,face,FACE_304_271,304,271,10.162457419861616
327,face,FACE_189_55,189,55,10.20669815455543
328,face,FACE_314_315,314,315,5.742321651585146
329,face,FACE_108_67,108,67,34.10344918592661
330,face,FACE_1_4,1,4,9.489112870492507
331,face,FACE_4_275,4,275,8.522549694378728
332,face,FACE_205_36,205,36,17.955166595439852
333,face,FACE_156_143,156,143,15.46159588013994
334,face,FACE_436_426,436,426,14.461812483739797
335,face,FACE_223_53,223,53,18.29120562512554
336,face,FACE_461_370,461,370,4.052852698546388
337,face,FACE_23_144,23,144,9.77682350950169
338,face,FACE_29_224,29,224,6.256043920582025
339,face,FACE_244_112,244,112,7.171540506610465
340,face,FACE_348_349,348,349,13.615639223292028
341,face,FACE_340_345,340,345,12.907127657789394
342,face,FACE_122_6,122,6,8.436341717416417
343,face,FACE_401_361,401,361,4.298461423765054
344,face,FACE_228_24,228,24,15.541064308605895
345,face,FACE_252_381,252,381,8.312764440038672
346,face,FACE_37_164,37,164,16.067041448838598
347,face,FACE_192_187,192,187,23.850918890613414
348,face,FACE_177_58,177,58,29.589529525652097
349,face,FACE_410_409,410,409,9.460908707027507
350,face,FACE_316_402,316,402,9.085957186539517
351,face,FACE_381_382,381,382,4.0428314950630275
352,face,FACE_429_279,429,279,7.4314900155432255
353,face,FACE_140_176,140,176,8.621050284492815
354,face,FACE_26_154,26,154,4.798986201411958
355,face,FACE_434_394,434,394,31.75177235238341
356,face,FACE_52_63,52,63,19.032087780391258
357,face,FACE_79_166,79,166,4.75081940717035
358,face,FACE_72_41,72,41,8.368234001765094
359,face,FACE_71_162,71,162,15.136555697203168
360,face,FACE_244_233,244,233,6.222047207843977
361,face,FACE_222_65,222,65,6.678136208760492
362,face,FACE_214_210,214,210,21.756841025741643
363,face,FACE_354_370,354,370,1.6312373577075476
364,face,FACE_140_32,140,32,10.352805399558875
365,face,FACE_30_160,30,160,8.527826423667747
366,face,FACE_212_57,212,57,8.466620053624569
367,face,FACE_444_443,444,443,10.79801485575275
368,face,FACE_7_33,7,33,3.8404706601332483
369,face,FACE_301_251,301,251,12.486979078208826
370,face,FACE_213_138,213,138,26.90651181512352
371,face,FACE_170_176,170,176,23.689911514732444
372,face,FACE_17_83,17,83,15.31029217593904
373,face,FACE_268_302,268,302,3.570031853974549
374,face,FACE_32_211,32,211,15.721833133580029
375,face,FACE_331_358,331,358,1.2665302560870144
376,face,FACE_186_40,186,40,14.175264758916425
377,face,FACE_105_52,105,52,8.834517572441715
378,face,FACE_457_354,457,354,10.792045413740087
379,face,FACE_395_379,395,379,10.879576943699663
380,face,FACE_375_321,375,321,8.104986479229304
381,face,FACE_325_320,325,320,5.779508285274332
382,face,FACE_317_316,317,316,3.4012103999605574
383,face,FACE_274_354,274,354,5.216796166756854
384,face,FACE_96_88,96,88,6.567304757094867
385,face,FACE_15_14,15,14,3.9272275112262167
386,face,FACE_467_260,467,260,5.931144506459035
387,face,FACE_232_128,232,128,7.167756550796295
388,face,FACE_404_320,404,320,8.96482265103471
389,face,FACE_350_349,350,349,10.261877992956814
390,face,FACE_342_265,342,265,15.424216018606572
391,face,FACE_74_185,74,185,8.302807055574085
392,face,FACE_314_17,314,17,12.239248669392925
393,face,FACE_146_61,146,61,6.8613404460859675
394,face,FACE_247_113,247,113,6.006829920815814
395,face,FACE_405_321,405,321,10.363080268036414
396,face,FACE_256_341,256,341,4.898192533436312
397,face,FACE_283_444,283,444,8.833008827409875
398,face,FACE_409_291,409,291,4.889923717857836
399,face,FACE_74_41,74,41,9.275069984887596
400,face,FACE_78_191,78,191,4.957438671638641
401,face,FACE_245_188,245,188,6.331346852950604
402,face,FACE_103_104,103,104,17.805263079324366
403,face,FACE_19_370,19,370,4.068604929871475
404,face,FACE_19_141,19,141,3.2562159455562454
405,face,FACE_280_411,280,411,23.415110074363536
406,face,FACE_220_131,220,131,8.040039844657985
407,face,FACE_85_86,85,86,4.962405968718956
408,face,FACE_372_265,372,265,9.263170166263937
409,face,FACE_237_220,237,220,7.2174355468285105
410,face,FACE_204_43,204,43,15.506484352549785
411,face,FACE_118_119,118,119,17.367335303231485
412,face,FACE_210_202,210,202,10.91862679118828
413,face,FACE_290_460,290,460,9.331284146030242
414,face,FACE_450_449,450,449,12.527820249302213
415,face,FACE_83_18,83,18,12.819810683020096
416,face,FACE_197_3,197,3,13.312855123023366
417,face,FACE_315_404,315,404,10.625344370817404
418,face,FACE_461_458,461,458,1.921082192891248
419,face,FACE_169_170,169,170,15.78135089271051
420,face,FACE_246_161,246,161,3.3327216137431037
421,face,FACE_32_201,32,201,18.52640586530392
422,face,FACE_236_196,236,196,14.476714806420565
423,face,FACE_409_304,409,304,9.3718796930629
424,face,FACE_295_282,295,282,17.38810801240768
425,face,FACE_395_369,395,369,16.429542223526845
426,face,FACE_181_180,181,180,5.139393644885926
427,face,FACE_353_372,353,372,17.432717604471158
428,face,FACE_139_34,139,34,19.184442277609364
429,face,FACE_432_436,432,436,18.096741907723526
430,face,FACE_370_461,370,461,4.052852698546388
431,face,FACE_184_42,184,42,8.535956074207801
432,face,FACE_96_78,96,78,4.665124282328101
433,face,FACE_113_247,113,247,6.006829920815814
434,face,FACE_326_391,326,391,22.88460722018786
435,face,FACE_147_123,147,123,19.690599323891142
436,face,FACE_126_100,126,100,10.091800619744458
437,face,FACE_205_101,205,101,25.06934144773908
438,face,FACE_452_350,452,350,5.559361094658312
439,face,FACE_71_21,71,21,10.746165383413082
440,face,FACE_16_85,16,85,11.395818924123894
441,face,FACE_297_333,297,333,29.842358221935587
442,face,FACE_136_150,136,150,18.978666583262246
443,face,FACE_260_445,260,445,7.331503691828679
444,face,FACE_34_139,34,139,19.184442277609364
445,face,FACE_46_113,46,113,10.659404564264827
446,face,FACE_17_315,17,315,13.290867098365041
447,face,FACE_104_54,104,54,22.204106596021173
448,face,FACE_383_372,383,372,15.27638145944697
449,face,FACE_417_285,417,285,11.817288781109593
450,face,FACE_150_170,150,170,9.8092054796182
451,face,FACE_20_60,20,60,5.750427848498248
452,face,FACE_39_73,39,73,5.14300143582755
453,face,FACE_45_4,45,4,8.170758231562601
454,face,FACE_438_344,438,344,5.214235305569496
455,face,FACE_37_0,37,0,12.10402186665393
456,face,FACE_177_123,177,123,25.96934655171001
457,face,FACE_336_296,336,296,20.361917506422387
458,face,FACE_102_129,102,129,0.7835665143549498
459,face,FACE_134_198,134,198,5.295178518197699
460,face,FACE_175_199,175,199,10.373474706106453
461,face,FACE_302_303,302,303,10.836222513340285
462,face,FACE_293_334,293,334,16.197161986476466
463,face,FACE_87_86,87,86,3.3115721431625484
464,face,FACE_99_240,99,240,10.352321666310182
465,face,FACE_240_99,240,99,10.352321666310182
466,face,FACE_364_394,364,394,18.338014940708305
467,face,FACE_64_102,64,102,5.094421265771315
468,face,FACE_256_452,256,452,5.333284840524148
469,face,FACE_337_297,337,297,35.22822385027858
470,face,FACE_383_264,383,264,20.649954991632242
471,face,FACE_141_242,141,242,2.85791204166507
472,face,FACE_188_174,188,174,9.453212594580897
473,face,FACE_120_119,120,119,12.983009989813405
474,face,FACE_207_187,207,187,14.233520486943897
475,face,FACE_467_263,467,263,4.186450957063177
476,face,FACE_30_225,30,225,7.442094103353419
477,face,FACE_131_48,131,48,10.232596696193758
478,face,FACE_425_266,425,266,19.31526089671967
479,face,FACE_121_120,121,120,9.766771891664055
480,face,FACE_85_17,85,17,13.30102018901292
481,face,FACE_28_157,28,157,9.704504455409676
482,face,FACE_337_9,337,9,38.36670328684739
483,face,FACE_342_353,342,353,8.88175982574527
484,face,FACE_154_153,154,153,6.641796594593364
485,face,FACE_361_366,361,366,25.99929451874555
486,face,FACE_227_137,227,137,20.6754631037494
487,face,FACE_52_105,52,105,8.834517572441715
488,face,FACE_118_50,118,50,20.70618035367212
489,face,FACE_217_209,217,209,14.4342996284202
490,face,FACE_424_422,424,422,14.627387901651394
491,face,FACE_249_390,249,390,4.227104830591868
492,face,FACE_196_6,196,6,14.624728791520369
493,face,FACE_26_232,26,232,5.540322360373971
494,face,FACE_287_273,287,273,12.384521640484248
495,face,FACE_210_169,210,169,12.019559324225256
496,face,FACE_350_329,350,329,15.257047547916198
497,face,FACE_62_191,62,191,6.175131923642391
498,face,FACE_276_300,276,300,8.238709851666014
499,face,FACE_248_281,248,281,9.775775795979254
500,face,FACE_368_383,368,383,10.594062750987595
501,face,FACE_427_432,427,432,26.006464084796
502,face,FACE_453_341,453,341,5.414625923937136
503,face,FACE_372_353,372,353,17.432717604471158
504,face,FACE_357_453,357,453,4.173720782594258
505,face,FACE_101_118,101,118,17.559776730502282
506,face,FACE_321_307,321,307,7.960468328891835
507,face,FACE_407_310,407,310,8.433509218308481
508,face,FACE_266_371,266,371,13.642634703069085
509,face,FACE_420_429,420,429,7.632665490778168
510,face,FACE_306_407,306,407,6.6593544299260214
511,face,FACE_253_252,253,252,8.877383457235808
512,face,FACE_224_225,224,225,8.287171005755786
513,face,FACE_112_133,112,133,3.280365401271342
514,face,FACE_356_264,356,264,4.458198794127697
515,face,FACE_370_19,370,19,4.068604929871475
516,face,FACE_254_253,254,253,9.03173503240556
517,face,FACE_219_115,219,115,6.41328016144476
518,face,FACE_225_46,225,46,9.399650587339337
519,face,FACE_124_143,124,143,16.69937235155243
520,face,FACE_289_439,289,439,4.283651252738584
521,face,FACE_13_312,13,312,9.951874237796213
522,face,FACE_253_373,253,373,9.467206597881459
523,face,FACE_154_22,154,22,8.205330081336854
524,face,FACE_319_318,319,318,2.0065416299503855
525,face,FACE_363_281,363,281,8.657037863921238
526,face,FACE_169_150,169,150,11.855113903746162
527,face,FACE_355_277,355,277,9.205563912851392
528,face,FACE_354_461,354,461,2.8567514561800342
529,face,FACE_267_164,267,164,17.49783258885291
530,face,FACE_320_319,320,319,3.4584663330577397
531,face,FACE_39_40,39,40,7.955778675785812
532,face,FACE_277_357,277,357,13.363901062574357
533,face,FACE_63_105,63,105,15.371872230199251
534,face,FACE_189_244,189,244,8.403203018351292
535,face,FACE_34_227,34,227,20.147977958366496
536,face,FACE_120_230,120,230,12.227543513537686
537,face,FACE_293_301,293,301,19.875082513125683
538,face,FACE_60_99,60,99,2.5879167379583423
539,face,FACE_72_73,72,73,9.749023621168043
540,face,FACE_283_293,283,293,8.683118065994668
541,face,FACE_307_321,307,321,7.960468328891835
542,face,FACE_321_405,321,405,10.363080268036414
543,face,FACE_93_132,93,132,23.78675980463497
544,face,FACE_183_62,183,62,3.718882721656072
545,face,FACE_408_409,408,409,3.0090102205501426
546,face,FACE_151_338,151,338,37.892325951588816
547,face,FACE_186_216,186,216,11.156585713104384
548,face,FACE_151_109,151,109,37.28929162976349
549,face,FACE_245_122,245,122,5.7215628297983105
550,face,FACE_189_221,189,221,8.61844461870596
551,face,FACE_335_424,335,424,10.10352459438964
552,face,FACE_442_258,442,258,3.5421496442890943
553,face,FACE_441_442,441,442,14.36832543188279
554,face,FACE_114_47,114,47,8.259705308128865
555,face,FACE_173_133,173,133,3.1263787071237528
556,face,FACE_452_451,452,451,8.98957047828557
557,face,FACE_106_43,106,43,10.785517473200379
558,face,FACE_305_289,305,289,2.525071041047468
559,face,FACE_362_414,362,414,4.692018335052948
560,face,FACE_443_259,443,259,8.383583582949466
561,face,FACE_294_279,294,279,8.532633804668425
562,face,FACE_258_442,258,442,3.5421496442890943
563,face,FACE_57_43,57,43,12.503621181711472
564,face,FACE_256_252,256,252,7.49409812219002
565,face,FACE_259_443,259,443,8.383583582949466
566,face,FACE_46_70,46,70,7.43881361202967
567,face,FACE_420_360,420,360,8.189794940432835
568,face,FACE_126_142,126,142,10.042661034919066
569,face,FACE_371_355,371,355,10.649109257464929
570,face,FACE_112_244,112,244,7.171540506610465
571,face,FACE_431_369,431,369,23.083118285466806
572,face,FACE_47_114,47,114,8.259705308128865
573,face,FACE_100_126,100,126,10.091800619744458
574,face,FACE_12_13,12,13,1.0338688895628176
575,face,FACE_91_77,91,77,7.594500331218788
576,face,FACE_23_22,23,22,8.695051549748545
577,face,FACE_51_4,51,4,13.818299727313251
578,face,FACE_48_115,48,115,5.940653870567566
579,face,FACE_254_449,254,449,9.348489931839614
580,face,FACE_160_27,160,27,8.319245991678093
581,face,FACE_353_342,353,342,8.88175982574527
582,face,FACE_434_416,434,416,15.925973271610784
583,face,FACE_266_423,266,423,13.397310243000435
584,face,FACE_4_274,4,274,11.985703709328837
585,face,FACE_316_15,316,15,10.931301522830895
586,face,FACE_4_45,4,45,8.170758231562601
587,face,FACE_24_23,24,23,8.689445229002054
588,face,FACE_80_183,80,183,7.602694569815397
589,face,FACE_341_453,341,453,5.414625923937136
590,face,FACE_109_67,109,67,24.037507930951417
591,face,FACE_174_196,174,196,7.334828971010354
592,face,FACE_66_105,66,105,18.59764845541096
593,face,FACE_89_88,89,88,1.9431836696368463
594,face,FACE_29_223,29,223,7.8921965560160645
595,face,FACE_164_2,164,2,6.413919798508713
596,face,FACE_462_370,462,370,2.9329997035358555
597,face,FACE_328_290,328,290,2.5409158237900815
598,face,FACE_400_395,400,395,23.513247179337124
599,face,FACE_181_91,181,91,9.9114703517964
600,face,FACE_252_380,252,380,5.312304467144479
601,face,FACE_24_144,24,144,6.051988424165955
602,face,FACE_313_18,313,18,12.828586137130387
603,face,FACE_354_19,354,19,4.5534773964993995
604,face,FACE_185_61,185,61,4.415037332516376
605,face,FACE_90_89,90,89,3.2922198235972724
606,face,FACE_116_227,116,227,9.191956899522069
607,face,FACE_168_417,168,417,11.573221521418057
608,face,FACE_329_371,329,371,10.711689955350966
609,face,FACE_156_34,156,34,19.247637860996264
610,face,FACE_450_252,450,252,13.550989894860832
611,face,FACE_8_285,8,285,17.15689165961098
612,face,FACE_164_267,164,267,17.49783258885291
613,face,FACE_168_8,168,8,8.122600167502634
614,face,FACE_153_145,153,145,7.143682429439546
615,face,FACE_361_323,361,323,24.002838081566477
616,face,FACE_285_413,285,413,10.209877780504428
617,face,FACE_346_280,346,280,23.4498501584445
618,face,FACE_117_228,117,228,12.81027331186141
619,face,FACE_130_247,130,247,4.312677563637742
620,face,FACE_140_211,140,211,23.06785862166396
621,face,FACE_426_425,426,425,16.156468259838693
622,face,FACE_53_63,53,63,8.578872895006487
623,face,FACE_245_233,245,233,6.945626431626134
624,face,FACE_2_97,2,97,11.454485092612043
625,face,FACE_216_206,216,206,13.651957686205836
626,face,FACE_195_3,195,3,7.35087851911096
627,face,FACE_459_458,459,458,5.5648020166655225
628,face,FACE_178_179,178,179,2.727371354554229
629,face,FACE_276_342,276,342,10.117058693600228
630,face,FACE_235_75,235,75,5.977939847757157
631,face,FACE_399_412,399,412,9.345252222988567
632,face,FACE_185_74,185,74,8.302807055574085
633,face,FACE_170_211,170,211,10.696575740970653
634,face,FACE_465_357,465,357,8.407058151649752
635,face,FACE_222_221,222,221,14.358123253790568
636,face,FACE_75_59,75,59,2.6359543992879266
637,face,FACE_229_117,229,117,19.507312272646804
638,face,FACE_422_432,422,432,14.633592538928857
639,face,FACE_327_423,327,423,13.607722548434241
640,face,FACE_275_4,275,4,8.522549694378728
641,face,FACE_12_268,12,268,11.074905974386617
642,face,FACE_267_0,267,0,12.397217704102406
643,face,FACE_64_49,64,49,8.623096888269457
644,face,FACE_244_245,244,245,2.8813454295747585
645,face,FACE_115_131,115,131,6.243667769677077
646,face,FACE_376_401,376,401,10.963699649198235
647,face,FACE_171_32,171,32,22.54847030914913
648,face,FACE_161_247,161,247,8.219438783496816
649,face,FACE_26_22,26,22,7.251719521947002
650,face,FACE_454_356,454,356,21.96473371781172
651,face,FACE_166_218,166,218,3.0023879540464313
652,face,FACE_420_363,420,363,6.665644099908699
653,face,FACE_233_128,233,128,4.194644860848438
654,face,FACE_193_55,193,55,12.169215413673438
655,face,FACE_278_279,278,279,5.096693770532583
656,face,FACE_405_320,405,320,11.251604896646528
657,face,FACE_334_296,334,296,18.900274577259864
658,face,FACE_279_360,279,360,7.439020184437076
659,face,FACE_201_32,201,32,18.52640586530392
660,face,FACE_220_45,220,45,7.100483351403405
661,face,FACE_315_17,315,17,13.290867098365041
662,face,FACE_354_274,354,274,5.216796166756854
663,face,FACE_167_39,167,39,17.216918479044267
664,face,FACE_51_236,51,236,8.101183051997568
665,face,FACE_3_196,3,196,9.100363587763363
666,face,FACE_108_69,108,69,20.891844044339575
667,face,FACE_128_47,128,47,13.286566487864658
668,face,FACE_266_426,266,426,21.75791600948622
669,face,FACE_99_20,99,20,4.923377325649467
670,face,FACE_259_387,259,387,5.135803112471419
671,face,FACE_137_132,137,132,25.94285608465643
672,face,FACE_273_321,273,321,11.778023919500393
673,face,FACE_394_431,394,431,15.170767077895801
674,face,FACE_285_295,285,295,22.13196617175371
675,face,FACE_437_429,437,429,14.496046939021227
676,face,FACE_83_17,83,17,15.31029217593904
677,face,FACE_315_403,315,403,11.131795261898922
678,face,FACE_449_254,449,254,9.348489931839614
679,face,FACE_461_457,461,457,8.150372734859774
680,face,FACE_260_467,260,467,5.931144506459035
681,face,FACE_359_446,359,446,8.038400178063624
682,face,FACE_184_185,184,185,3.0808737729407296
683,face,FACE_411_376,411,376,13.531335080030956
684,face,FACE_263_249,263,249,3.888194084484548
685,face,FACE_462_458,462,458,3.358020899420487
686,face,FACE_215_172,215,172,30.569400911115054
687,face,FACE_52_65,52,65,17.13732758470746
688,face,FACE_247_161,247,161,8.219438783496816
689,face,FACE_191_80,191,80,5.3068321312311015
690,face,FACE_424_431,424,431,10.396031318196101
691,face,FACE_36_206,36,206,21.69583175779652
692,face,FACE_262_369,262,369,10.710048085973208
693,face,FACE_296_282,296,282,16.997166729385267
694,face,FACE_396_369,396,369,17.699851895743635
695,face,FACE_134_220,134,220,9.471432436355515
696,face,FACE_335_273,335,273,11.012063682619052
697,face,FACE_214_212,214,212,11.638034408835443
698,face,FACE_193_189,193,189,6.706588024811759
699,face,FACE_364_416,364,416,28.899039311938086
700,face,FACE_270_409,270,409,7.169217512745695
701,face,FACE_444_445,444,445,8.69926585521982
702,face,FACE_229_228,229,228,9.721576288009642
703,face,FACE_330_280,330,280,25.14010381378821
704,face,FACE_456_419,456,419,14.526059812173328
705,face,FACE_260_444,260,444,6.742289067730663
706,face,FACE_188_196,188,196,7.133841149900154
707,face,FACE_406_418,406,418,10.625939112741476
708,face,FACE_30_247,30,247,5.631968030624904
709,face,FACE_398_414,398,414,4.462923180535545
710,face,FACE_17_314,17,314,12.239248669392925
711,face,FACE_210_214,210,214,21.756841025741643
712,face,FACE_17_85,17,85,13.30102018901292
713,face,FACE_423_358,423,358,11.055279770144878
714,face,FACE_63_52,63,52,19.032087780391258
715,face,FACE_19_274,19,274,8.616250062422209
716,face,FACE_272_311,272,311,8.965200096233916
717,face,FACE_50_118,50,118,20.70618035367212
718,face,FACE_14_15,14,15,3.9272275112262167
719,face,FACE_180_84,180,84,12.642189576286325
720,face,FACE_5_195,5,195,10.350260854888472
721,face,FACE_240_98,240,98,2.9159637635175044
722,face,FACE_439_344,439,344,6.762578211921304
723,face,FACE_256_451,256,451,10.348746198069644
724,face,FACE_123_187,123,187,27.653258929429256
725,face,FACE_15_16,15,16,4.936169549651548
726,face,FACE_96_90,96,90,5.493276207924873
727,face,FACE_141_241,141,241,4.506420778485117
728,face,FACE_6_196,6,196,14.624728791520369
729,face,FACE_360_279,360,279,7.439020184437076
730,face,FACE_347_346,347,346,12.67642033230896
731,face,FACE_198_217,198,217,8.48522294631201
732,face,FACE_318_319,318,319,2.0065416299503855
733,face,FACE_358_355,358,355,18.81130482104704
734,face,FACE_418_406,418,406,10.625939112741476
735,face,FACE_115_219,115,219,6.41328016144476
736,face,FACE_190_133,190,133,4.585335694164357
737,face,FACE_77_76,77,76,5.776479876211899
738,face,FACE_110_24,110,24,7.745198797023871
739,face,FACE_48_49,48,49,5.113611067244315
740,face,FACE_80_81,80,81,6.398965205814662
741,face,FACE_333_298,333,298,18.331884669034604
742,face,FACE_353_276,353,276,9.643740254439612
743,face,FACE_141_97,141,97,7.759923583154347
744,face,FACE_373_254,373,254,5.8125330369233525
745,face,FACE_69_108,69,108,20.891844044339575
746,face,FACE_418_262,418,262,11.281466794820812
747,face,FACE_463_413,463,413,7.093019913273467
748,face,FACE_294_455,294,455,3.9929535087961825
749,face,FACE_21_68,21,68,17.140453650925288
750,face,FACE_81_82,81,82,7.896575782175157
751,face,FACE_118_229,118,229,11.764818087720013
752,face,FACE_284_298,284,298,15.849662391140354
753,face,FACE_371_266,371,266,13.642634703069085
754,face,FACE_384_385,384,385,7.671635042412389
755,face,FACE_231_26,231,26,10.294138803683147
756,face,FACE_395_394,395,394,15.834211518279892
757,face,FACE_322_410,322,410,10.54498114907757
758,face,FACE_248_195,248,195,7.722311571172482
759,face,FACE_361_401,361,401,4.298461423765054
760,face,FACE_214_202,214,202,21.535761052677177
761,face,FACE_119_230,119,230,8.55885085556139
762,face,FACE_111_226,111,226,16.87785561677206
763,face,FACE_43_91,43,91,11.50343162837431
764,face,FACE_383_276,383,276,14.085028206469184
765,face,FACE_168_351,168,351,14.746112097425703
766,face,FACE_449_450,449,450,12.527820249302213
767,face,FACE_314_405,314,405,11.444084017194648
768,face,FACE_55_65,55,65,22.022852155142658
769,face,FACE_182_106,182,106,11.855946897263031
770,face,FACE_394_434,394,434,31.75177235238341
771,face,FACE_393_326,393,326,7.401059421322132
772,face,FACE_210_204,210,204,16.948122397582004
773,face,FACE_211_169,211,169,14.479588524214755
774,face,FACE_450_451,450,451,11.768949980740576
775,face,FACE_203_165,203,165,17.572742267847165
776,face,FACE_22_153,22,153,5.468770497606439
777,face,FACE_143_34,143,34,8.992054053185157
778,face,FACE_409_270,409,270,7.169217512745695
779,face,FACE_7_110,7,110,6.644202301049897
780,face,FACE_448_261,448,261,6.755189808755721
781,face,FACE_213_215,213,215,9.713918245808895
782,face,FACE_371_423,371,423,19.91926535895708
783,face,FACE_64_235,64,235,3.7445012475728285
784,face,FACE_9_336,9,336,20.183100264797716
785,face,FACE_278_344,278,344,6.833668047499657
786,face,FACE_89_179,89,179,7.117723674863321
787,face,FACE_236_198,236,198,8.152972863783527
788,face,FACE_336_285,336,285,12.572461828431788
789,face,FACE_181_182,181,182,8.85140033013726
790,face,FACE_194_201,194,201,15.39918961451177
791,face,FACE_66_52,66,52,16.301779830801276
792,face,FACE_151_10,151,10,25.445376873761024
793,face,FACE_123_177,123,177,25.96934655171001
794,face,FACE_341_256,341,256,4.898192533436312
795,face,FACE_455_278,455,278,5.793348653425306
796,face,FACE_326_393,326,393,7.401059421322132
797,face,FACE_257_442,257,442,11.040906242889719
798,face,FACE_269_267,269,267,13.329025451544481
799,face,FACE_203_142,203,142,19.95740857314823
800,face,FACE_238_20,238,20,1.2223779882811956
801,face,FACE_268_271,268,271,9.375193067487546
802,face,FACE_254_373,254,373,5.8125330369233525
803,face,FACE_414_362,414,362,4.692018335052948
804,face,FACE_305_455,305,455,6.084892717497158
805,face,FACE_357_465,357,465,8.407058151649752
806,face,FACE_189_243,189,243,6.819928670053333
807,face,FACE_42_81,42,81,8.188898960628515
808,face,FACE_286_441,286,441,7.497787377477086
809,face,FACE_179_86,179,86,9.007937766186448
810,face,FACE_217_198,217,198,8.48522294631201
811,face,FACE_84_83,84,83,9.908392633653865
812,face,FACE_456_363,456,363,8.883936332546366
813,face,FACE_214_192,214,192,15.92262368377655
814,face,FACE_326_370,326,370,9.06506227238261
815,face,FACE_107_66,107,66,20.090821434869657
816,face,FACE_247_226,247,226,10.457468555840352
817,face,FACE_88_89,88,89,1.9431836696368463
818,face,FACE_27_222,27,222,10.335397914702574
819,face,FACE_120_121,120,121,9.766771891664055
820,face,FACE_99_98,99,98,12.798803512892912
821,face,FACE_279_294,279,294,8.532633804668425
822,face,FACE_151_108,151,108,23.962644750947728
823,face,FACE_75_235,75,235,5.977939847757157
824,face,FACE_150_149,150,149,14.930959910028749
825,face,FACE_388_466,388,466,3.452214068165929
826,face,FACE_129_126,129,126,19.098310220688372
827,face,FACE_447_372,447,372,22.91730501834274
828,face,FACE_366_447,366,447,20.75196348589751
829,face,FACE_70_156,70,156,12.292845513959497
830,face,FACE_56_221,56,221,6.708073584137227
831,face,FACE_171_208,171,208,9.919799505020547
832,face,FACE_190_221,190,221,6.815545068942097
833,face,FACE_28_159,28,159,8.69353717503232
834,face,FACE_435_397,435,397,30.404998038439235
835,face,FACE_54_68,54,68,14.183866043837945
836,face,FACE_368_264,368,264,19.38754670993574
837,face,FACE_214_169,214,169,31.378769026277357
838,face,FACE_294_278,294,278,3.600657887809869
839,face,FACE_221_65,221,65,17.480082408485693
840,face,FACE_206_165,206,165,17.256284813477027
841,face,FACE_29_160,29,160,5.314162022790039
842,face,FACE_281_195,281,195,13.689842465787713
843,face,FACE_33_130,33,130,3.3973841760550254
844,face,FACE_447_264,447,264,20.3266894433718
845,face,FACE_298_284,298,284,15.849662391140354
846,face,FACE_278_455,278,455,5.793348653425306
847,face,FACE_201_208,201,208,12.02991173362334
848,face,FACE_427_434,427,434,27.560575444504977
849,face,FACE_360_344,360,344,6.28920303804317
850,face,FACE_321_273,321,273,11.778023919500393
851,face,FACE_379_394,379,394,12.106884023729354
852,face,FACE_265_372,265,372,9.263170166263937
853,face,FACE_274_457,274,457,6.624027792975296
854,face,FACE_101_120,101,120,20.119405931459088
855,face,FACE_182_194,182,194,10.077733233511756
856,face,FACE_227_116,227,116,9.191956899522069
857,face,FACE_253_254,253,254,9.03173503240556
858,face,FACE_352_376,352,376,19.872657836288738
859,face,FACE_4_44,4,44,11.603218586741225
860,face,FACE_351_417,351,417,10.947559130224462
861,face,FACE_350_452,350,452,5.559361094658312
862,face,FACE_283_282,283,282,13.627233099247048
863,face,FACE_194_204,194,204,13.947531810720724
864,face,FACE_55_9,55,9,19.38404063917255
865,face,FACE_106_91,106,91,8.052927926419132
866,face,FACE_410_322,410,322,10.54498114907757
867,face,FACE_48_235,48,235,6.041881363000143
868,face,FACE_316_315,316,315,5.011715884111287
869,face,FACE_367_397,367,397,10.77080582830693
870,face,FACE_427_411,427,411,14.548345314793199
871,face,FACE_319_320,319,320,3.4584663330577397
872,face,FACE_193_244,193,244,9.53251749719782
873,face,FACE_398_384,398,384,5.87895585200013
874,face,FACE_331_294,331,294,5.1461105477335884
875,face,FACE_313_17,313,17,15.921680714654507
876,face,FACE_297_338,297,338,24.808257584917815
877,face,FACE_164_37,164,37,16.067041448838598
878,face,FACE_403_319,403,319,7.807169972485958
879,face,FACE_349_348,349,348,13.615639223292028
880,face,FACE_47_126,47,126,9.24872391864076
881,face,FACE_8_55,8,55,16.409400144322955
882,face,FACE_147_213,147,213,17.072962190237796
883,face,FACE_320_321,320,321,3.7848262173518066
884,face,FACE_227_93,227,93,22.832393656788152
885,face,FACE_134_131,134,131,8.466781668669306
886,face,FACE_44_237,44,237,5.987805243031561
887,face,FACE_393_391,393,391,18.95287479972741
888,face,FACE_439_278,439,278,4.22807111759201
889,face,FACE_451_252,451,252,5.779765546440925
890,face,FACE_120_232,120,232,12.673690519470172
891,face,FACE_287_409,287,409,12.409008851705911
892,face,FACE_221_55,221,55,8.325630117640996
893,face,FACE_385_386,385,386,7.2862659722307965
894,face,FACE_347_280,347,280,21.049650833442165
895,face,FACE_57_212,57,212,8.466620053624569
896,face,FACE_58_177,58,177,29.589529525652097
897,face,FACE_257_386,257,386,5.015446807218624
898,face,FACE_216_205,216,205,23.029292399323136
899,face,FACE_208_201,208,201,12.02991173362334
900,face,FACE_386_387,386,387,7.586685265260289
901,face,FACE_459_457,459,457,1.3274545310647516
902,face,FACE_137_177,137,177,21.786745227293093
903,face,FACE_391_322,391,322,10.88617099079811
904,face,FACE_49_64,49,64,8.623096888269457
905,face,FACE_55_107,55,107,12.659949035594012
906,face,FACE_308_324,308,324,6.344589924583436
907,face,FACE_372_345,372,345,16.495461852223208
908,face,FACE_11_37,11,37,13.630072043955083
909,face,FACE_431_394,431,394,15.170767077895801
910,face,FACE_171_175,171,175,19.585996802062393
911,face,FACE_330_348,330,348,10.389086509984274
912,face,FACE_156_46,156,46,12.698982690935484
913,face,FACE_11_302,11,302,11.942346407471701
914,face,FACE_280_347,280,347,21.049650833442165
915,face,FACE_452_453,452,453,6.447285317074509
916,face,FACE_352_366,352,366,11.589958500449242
917,face,FACE_12_38,12,38,10.484165263342843
918,face,FACE_64_48,64,48,3.5372088497051135
919,face,FACE_22_231,22,231,6.138133081653278
920,face,FACE_414_463,414,463,5.398098813821789
921,face,FACE_448_339,448,339,9.945499145011087
922,face,FACE_422_287,422,287,15.150868533244587
923,face,FACE_59_235,59,235,3.611929004542286
924,face,FACE_13_268,13,268,10.85385509001704
925,face,FACE_298_251,298,251,20.174123691744114
926,face,FACE_237_241,237,241,8.393060365366145
927,face,FACE_68_54,68,54,14.183866043837945
928,face,FACE_120_101,120,101,20.119405931459088
929,face,FACE_92_39,92,39,15.9487750583945
930,face,FACE_43_146,43,146,7.401458632980371
931,face,FACE_377_400,377,400,15.808746743094185
932,face,FACE_238_242,238,242,3.564460240195306
933,face,FACE_91_43,91,43,11.50343162837431
934,face,FACE_369_396,369,396,17.699851895743635
935,face,FACE_301_298,301,298,16.998422479377975
936,face,FACE_286_398,286,398,8.775184884886432
937,face,FACE_346_449,346,449,20.244536471025107
938,face,FACE_220_44,220,44,11.672780632421242
939,face,FACE_299_337,299,337,21.575336403487835
940,face,FACE_358_423,358,423,11.055279770144878
941,face,FACE_131_115,131,115,6.243667769677077
942,face,FACE_3_195,3,195,7.35087851911096
943,face,FACE_23_24,23,24,8.689445229002054
944,face,FACE_416_364,416,364,28.899039311938086
945,face,FACE_123_111,123,111,27.75409453508218
946,face,FACE_160_29,160,29,5.314162022790039
947,face,FACE_326_327,326,327,15.727560679311935
948,face,FACE_266_425,266,425,19.31526089671967
949,face,FACE_345_340,345,340,12.907127657789394
950,face,FACE_53_52,53,52,13.195957332734151
951,face,FACE_98_203,98,203,12.291158909005139
952,face,FACE_411_434,411,434,35.60222348437664
953,face,FACE_358_279,358,279,5.163686184227204
954,face,FACE_3_51,3,51,9.871631031860824
955,face,FACE_261_346,261,346,12.820195275861515
956,face,FACE_367_364,367,364,17.64002387109514
957,face,FACE_66_107,66,107,20.090821434869657
958,face,FACE_86_85,86,85,4.962405968718956
959,face,FACE_445_283,445,283,9.04345221804412
960,face,FACE_24_110,24,110,7.745198797023871
961,face,FACE_23_145,23,145,5.4991319807156325
962,face,FACE_89_90,89,90,3.2922198235972724
963,face,FACE_449_253,449,253,16.382036584126443
964,face,FACE_340_346,340,346,9.236307636665238
965,face,FACE_235_64,235,64,3.7445012475728285
966,face,FACE_67_108,67,108,34.10344918592661
967,face,FACE_228_25,228,25,10.305345059451403
968,face,FACE_119_118,119,118,17.367335303231485
969,face,FACE_250_309,250,309,9.92043175014776
970,face,FACE_90_91,90,91,3.629854516060774
971,face,FACE_269_322,269,322,16.159232543389336
972,face,FACE_264_356,264,356,4.458198794127697
973,face,FACE_84_17,84,17,12.032705441002957
974,face,FACE_316_403,316,403,9.689645697842808
975,face,FACE_407_292,407,292,4.342443677690092
976,face,FACE_426_391,426,391,18.315786253363196
977,face,FACE_399_437,399,437,8.479066428018154
978,face,FACE_212_202,212,202,14.645744972889252
979,face,FACE_175_171,175,171,19.585996802062393
980,face,FACE_117_50,117,50,23.815119494361706
981,face,FACE_374_380,374,380,7.112098165615533
982,face,FACE_165_206,165,206,17.256284813477027
983,face,FACE_205_50,205,50,17.802538768321675
984,face,FACE_185_184,185,184,3.0808737729407296
985,face,FACE_30_161,30,161,5.210994546991934
986,face,FACE_445_260,445,260,7.331503691828679
987,face,FACE_184_76,184,76,3.6966754137198703
988,face,FACE_195_5,195,5,10.350260854888472
989,face,FACE_186_185,186,185,10.373295492256348
990,face,FACE_446_261,446,261,7.486525362463563
991,face,FACE_357_412,357,412,6.228924909047099
992,face,FACE_392_290,392,290,8.492834192990022
993,face,FACE_225_113,225,113,7.2215031241374135
994,face,FACE_17_84,17,84,12.032705441002957
995,face,FACE_189_190,189,190,5.323001325411033
996,face,FACE_384_286,384,286,4.960758090441726
997,face,FACE_329_350,329,350,15.257047547916198
998,face,FACE_429_437,429,437,14.496046939021227
999,face,FACE_241_237,241,237,8.393060365366145
1000,face,FACE_19_44,19,44,9.045864555224322
1001,face,FACE_165_98,165,98,13.696053856939727
1002,face,FACE_219_218,219,218,5.744633408799061
1003,face,FACE_4_1,4,1,9.489112870492507
1004,face,FACE_50_117,50,117,23.815119494361706
1005,face,FACE_222_223,222,223,12.471242484786922
1006,face,FACE_422_434,422,434,21.461682164775862
1007,face,FACE_175_148,175,148,19.22212074852921
1008,face,FACE_198_131,198,131,8.413534178713995
1009,face,FACE_204_211,204,211,9.642950859982268
1010,face,FACE_68_21,68,21,17.140453650925288
1011,face,FACE_381_252,381,252,8.312764440038672
1012,face,FACE_462_326,462,326,6.565206740889086
1013,face,FACE_60_166,60,166,8.707138524817505
1014,face,FACE_174_188,174,188,9.453212594580897
1015,face,FACE_414_286,414,286,9.6132987865527
1016,face,FACE_339_255,339,255,5.321776393735605
1017,face,FACE_115_218,115,218,5.211279806867891
1018,face,FACE_411_280,411,280,23.415110074363536
1019,face,FACE_181_83,181,83,16.825983132194928
1020,face,FACE_401_352,401,352,27.342820572836516
1021,face,FACE_333_297,333,297,29.842358221935587
1022,face,FACE_46_124,46,124,9.775851223350662
1023,face,FACE_373_253,373,253,9.467206597881459
1024,face,FACE_71_68,71,68,16.094078553687666
1025,face,FACE_424_335,424,335,10.10352459438964
1026,face,FACE_76_146,76,146,5.78982250548293
1027,face,FACE_49_129,49,129,4.616969610289393
1028,face,FACE_69_107,69,107,36.87334261074109
1029,face,FACE_335_406,335,406,12.172716191078498
1030,face,FACE_148_171,148,171,7.09509357076123
1031,face,FACE_460_294,460,294,7.1086364010579945
1032,face,FACE_192_214,192,214,15.92262368377655
1033,face,FACE_446_359,446,359,8.038400178063624
1034,face,FACE_391_423,391,423,17.22309641532527
1035,face,FACE_105_66,105,66,18.59764845541096
1036,face,FACE_410_436,410,436,10.599650145141123
1037,face,FACE_110_144,110,144,9.75907938415785
1038,face,FACE_249_339,249,339,6.157153718936124
1039,face,FACE_163_7,163,7,4.044891191327714
1040,face,FACE_273_287,273,287,12.384521640484248
1041,face,FACE_45_51,45,51,11.632314292700304
1042,face,FACE_225_247,225,247,6.415801156396287
1043,face,FACE_373_374,373,374,7.861239738219225
1044,face,FACE_38_12,38,12,10.484165263342843
1045,face,FACE_263_359,263,359,3.5334827832769222
1046,face,FACE_173_56,173,56,8.634618083870855
1047,face,FACE_159_158,159,158,7.23014646872765
1048,face,FACE_461_459,461,459,7.485593922123773
1049,face,FACE_111_117,111,117,8.975364178300413
1050,face,FACE_211_204,211,204,9.642950859982268
1051,face,FACE_225_224,225,224,8.287171005755786
1052,face,FACE_151_9,151,9,29.662597391683438
1053,face,FACE_370_462,370,462,2.9329997035358555
1054,face,FACE_55_221,55,221,8.325630117640996
1055,face,FACE_156_124,156,124,7.291488990329054
1056,face,FACE_196_197,196,197,8.056137239672655
1057,face,FACE_47_217,47,217,6.732887903309284
1058,face,FACE_285_9,285,9,20.453602368077593
1059,face,FACE_208_171,208,171,9.919799505020547
1060,face,FACE_280_425,280,425,17.917057720073473
1061,face,FACE_164_393,164,393,13.193003689924653
1062,face,FACE_258_257,258,257,9.036914303606576
1063,face,FACE_229_230,229,230,12.076961388280363
1064,face,FACE_389_368,389,368,9.626875189628299
1065,face,FACE_139_156,139,156,8.801471846103025
1066,face,FACE_353_265,353,265,10.957440044442766
1067,face,FACE_412_351,412,351,7.983972808845616
1068,face,FACE_218_220,218,220,6.844794343190486
1069,face,FACE_304_409,304,409,9.3718796930629
1070,face,FACE_311_268,311,268,7.72739467497783
1071,face,FACE_370_354,370,354,1.6312373577075476
1072,face,FACE_288_401,288,401,29.405473661749213
1073,face,FACE_179_85,179,85,10.791554878228515
1074,face,FACE_159_27,159,27,4.929041966848609
1075,face,FACE_190_243,190,243,5.427352608892954
1076,face,FACE_196_174,196,174,7.334828971010354
1077,face,FACE_295_296,295,296,8.455847390760118
1078,face,FACE_142_203,142,203,19.95740857314823
1079,face,FACE_173_190,173,190,4.179165134178192
1080,face,FACE_193_168,193,168,10.706289831110462
1081,face,FACE_325_324,325,324,2.286386908638334
1082,face,FACE_425_411,425,411,23.317671313583027
1083,face,FACE_391_269,391,269,12.576593727386411
1084,face,FACE_99_97,99,97,2.428829838129666
1085,face,FACE_347_348,347,348,17.981179152848732
1086,face,FACE_366_361,366,361,25.99929451874555
1087,face,FACE_2_164,2,164,6.413919798508713
1088,face,FACE_131_49,131,49,6.6951964441702305
1089,face,FACE_26_112,26,112,4.744408089463578
1090,face,FACE_380_381,380,381,6.745976178852491
1091,face,FACE_211_194,211,194,15.707394464943965
1092,face,FACE_104_68,104,68,16.997853298903635
1093,face,FACE_124_46,124,46,9.775851223350662
1094,face,FACE_234_34,234,34,20.93066819889487
1095,face,FACE_413_414,413,414,5.797981395810006
1096,face,FACE_432_427,432,427,26.006464084796
1097,face,FACE_452_256,452,256,5.333284840524148
1098,face,FACE_177_137,177,137,21.786745227293093
1099,face,FACE_43_57,43,57,12.503621181711472
1100,face,FACE_276_445,276,445,9.642061329244358
1101,face,FACE_248_197,248,197,13.319308904505148
1102,face,FACE_209_126,209,126,7.206053525560709
1103,face,FACE_142_36,142,36,12.800493446430766
1104,face,FACE_226_35,226,35,9.539719840338966
1105,face,FACE_2_141,2,141,4.687250543732964
1106,face,FACE_237_44,237,44,5.987805243031561
1107,face,FACE_435_288,435,288,8.79726931983666
1108,face,FACE_129_102,129,102,0.7835665143549498
1109,face,FACE_273_375,273,375,7.548879653540744
1110,face,FACE_166_20,166,20,13.930344101019264
1111,face,FACE_425_280,425,280,17.917057720073473
1112,face,FACE_77_91,77,91,7.594500331218788
1113,face,FACE_461_462,461,462,1.6526486694440556
1114,face,FACE_306_408,306,408,4.29134581715135
1115,face,FACE_247_130,247,130,4.312677563637742
1116,face,FACE_206_92,206,92,14.222889662355803
1117,face,FACE_193_122,193,122,10.91660946796228
1118,face,FACE_200_18,200,18,10.346453792712827
1119,face,FACE_157_56,157,56,4.701962070105448
1120,face,FACE_352_411,352,411,27.521078706174446
1121,face,FACE_46_225,46,225,9.399650587339337
1122,face,FACE_345_372,345,372,16.495461852223208
1123,face,FACE_264_447,264,447,20.3266894433718
1124,face,FACE_436_410,436,410,10.599650145141123
1125,face,FACE_17_18,17,18,9.568104540424898
1126,face,FACE_28_27,28,27,9.047241607658416
1127,face,FACE_235_240,235,240,3.571664566763079
1128,face,FACE_128_114,128,114,5.966594059219381
1129,face,FACE_134_45,134,45,10.829622669644204
1130,face,FACE_198_209,198,209,6.9591369802296255
1131,face,FACE_64_129,64,129,5.082550410868754
1132,face,FACE_459_250,459,250,6.416453304578206
1133,face,FACE_192_135,192,135,28.718376350064602
1134,face,FACE_112_26,112,26,4.744408089463578
1135,face,FACE_404_314,404,314,12.967474870995435
1136,face,FACE_297_337,297,337,35.22822385027858
1137,face,FACE_428_262,428,262,17.319401708514874
1138,face,FACE_81_38,81,38,6.6232738121892645
1139,face,FACE_51_195,51,195,13.788570960039955
1140,face,FACE_311_271,311,271,1.6587242659853567
1141,face,FACE_442_282,442,282,17.994773368711602
1142,face,FACE_179_88,179,88,6.3540146114525236
1143,face,FACE_252_450,252,450,13.550989894860832
1144,face,FACE_191_62,191,62,6.175131923642391
1145,face,FACE_84_85,84,85,5.689854443242456
1146,face,FACE_203_36,203,36,13.474782413356554
1147,face,FACE_443_283,443,283,18.038422228840524
1148,face,FACE_121_232,121,232,5.7366873258080515
1149,face,FACE_321_406,321,406,15.578546908987404
1150,face,FACE_226_25,226,25,9.858679128943244
1151,face,FACE_323_366,323,366,3.000956784952281
1152,face,FACE_117_118,117,118,12.283847308287376
1153,face,FACE_122_196,122,196,9.923120140705972
1154,face,FACE_191_183,191,183,2.489432557597705
1155,face,FACE_397_288,397,288,22.14135018883529
1156,face,FACE_383_353,383,353,8.261470248285407
1157,face,FACE_161_160,161,160,5.289564278178585
1158,face,FACE_25_7,25,7,5.2694433526081115
1159,face,FACE_11_72,11,72,11.452742689133414
1160,face,FACE_239_79,239,79,3.337655163603966
1161,face,FACE_305_290,305,290,5.712811652916651
1162,face,FACE_464_463,464,463,5.468960381889235
1163,face,FACE_22_230,22,230,13.283880622153191
1164,face,FACE_183_184,183,184,2.9704319807958606
1165,face,FACE_143_111,143,111,13.142265004459176
1166,face,FACE_442_295,442,295,6.505544100483973
1167,face,FACE_241_125,241,125,2.715923306797196
1168,face,FACE_12_302,12,302,12.25622275914016
1169,face,FACE_426_436,426,436,14.461812483739797
1170,face,FACE_13_38,13,38,10.838820741054992
1171,face,FACE_428_396,428,396,10.19579208694646
1172,face,FACE_127_139,127,139,19.10455114830809
1173,face,FACE_120_100,120,100,7.826661270309965
1174,face,FACE_259_444,259,444,5.886327458750049
1175,face,FACE_378_395,378,395,10.760547534252867
1176,face,FACE_183_76,183,76,5.941677908329988
1177,face,FACE_260_259,260,259,6.286399279571154
1178,face,FACE_427_436,427,436,14.278469562503119
1179,face,FACE_346_448,346,448,12.887482088296982
1180,face,FACE_306_375,306,375,6.003764669340611
1181,face,FACE_255_446,255,446,10.54263287670641
1182,face,FACE_36_142,36,142,12.800493446430766
1183,face,FACE_369_431,369,431,23.083118285466806
1184,face,FACE_51_5,51,5,7.783501595799172
1185,face,FACE_435_376,435,376,26.55058585657608
1186,face,FACE_282_283,282,283,13.627233099247048
1187,face,FACE_462_250,462,250,2.4110059338433283
1188,face,FACE_347_449,347,449,11.702184289576735
1189,face,FACE_205_216,205,216,23.029292399323136
1190,face,FACE_64_240,64,240,7.209027694047261
1191,face,FACE_267_11,267,11,13.487719949188318
1192,face,FACE_351_419,351,419,9.941084451507818
1193,face,FACE_431_262,431,262,15.89954667098013
1194,face,FACE_411_433,411,433,16.988048018853753
1195,face,FACE_143_124,143,124,16.69937235155243
1196,face,FACE_190_56,190,56,9.230327162485974
1197,face,FACE_315_316,315,316,5.011715884111287
1198,face,FACE_346_340,346,340,9.236307636665238
1199,face,FACE_116_143,116,143,16.765421986533358
1200,face,FACE_316_317,316,317,3.4012103999605574
1201,face,FACE_327_326,327,326,15.727560679311935
1202,face,FACE_206_36,206,36,21.69583175779652
1203,face,FACE_192_138,192,138,15.213192396336538
1204,face,FACE_464_417,464,417,10.377761838279488
1205,face,FACE_149_176,149,176,14.847652382817389
1206,face,FACE_356_389,356,389,23.209406083305065
1207,face,FACE_349_350,349,350,10.261877992956814
1208,face,FACE_102_64,102,64,5.094421265771315
1209,face,FACE_47_128,47,128,13.286566487864658
1210,face,FACE_81_41,81,41,1.9299126907035977
1211,face,FACE_147_215,147,215,25.558054837265146
1212,face,FACE_450_253,450,253,7.5185072902426215
1213,face,FACE_25_226,25,226,9.858679128943244
1214,face,FACE_467_342,467,342,6.352711680342942
1215,face,FACE_332_297,332,297,25.048641799955067
1216,face,FACE_464_453,464,453,6.486379260909368
1217,face,FACE_270_322,270,322,11.317898917390401
1218,face,FACE_117_229,117,229,19.507312272646804
1219,face,FACE_282_296,282,296,16.997166729385267
1220,face,FACE_129_203,129,203,10.100372647565157
1221,face,FACE_155_112,155,112,3.5033733389687525
1222,face,FACE_434_430,434,430,21.698390378905884
1223,face,FACE_345_352,345,352,19.578827293950347
1224,face,FACE_465_417,465,417,10.38372963161448
1225,face,FACE_248_419,248,419,9.088116655662335
1226,face,FACE_61_184,61,184,5.6463172384737135
1227,face,FACE_216_207,216,207,14.53870299609161
1228,face,FACE_307_325,307,325,2.672931940564035
1229,face,FACE_202_43,202,43,8.927501892115439
1230,face,FACE_313_405,313,405,16.932329368701698
1231,face,FACE_79_238,79,238,8.852118221513233
1232,face,FACE_39_165,39,165,13.357339126781143
1233,face,FACE_177_215,177,215,20.512786523516198
1234,face,FACE_392_289,392,289,1.1074606422020972
1235,face,FACE_329_349,329,349,7.727093809186539
1236,face,FACE_201_200,201,200,15.414671073530785
1237,face,FACE_87_178,87,178,8.240114637539307
1238,face,FACE_448_449,448,449,9.921649955374178
1239,face,FACE_172_136,172,136,17.84777627964387
1240,face,FACE_266_329,266,329,20.5897586722734
1241,face,FACE_274_4,274,4,11.985703709328837
1242,face,FACE_165_97,165,97,20.37660450418275
1243,face,FACE_226_113,226,113,7.612666183787298
1244,face,FACE_56_190,56,190,9.230327162485974
1245,face,FACE_323_454,323,454,22.432690561448908
1246,face,FACE_264_368,264,368,19.38754670993574
1247,face,FACE_229_118,229,118,11.764818087720013
1248,face,FACE_75_60,75,60,5.458011209677083
1249,face,FACE_88_179,88,179,6.3540146114525236
1250,face,FACE_415_308,415,308,5.474563770909323
1251,face,FACE_293_282,293,282,19.61537073645127
1252,face,FACE_212_214,212,214,11.638034408835443
1253,face,FACE_204_210,204,210,16.948122397582004
1254,face,FACE_230_119,230,119,8.55885085556139
1255,face,FACE_176_148,176,148,15.641194522789927
1256,face,FACE_188_122,188,122,7.2980742957493545
1257,face,FACE_339_254,339,254,7.947004327081383
1258,face,FACE_42_184,42,184,8.535956074207801
1259,face,FACE_342_445,342,445,7.509020501223374
1260,face,FACE_199_396,199,396,21.442433401859162
1261,face,FACE_166_219,166,219,3.8600339764034874
1262,face,FACE_419_399,419,399,8.141408759299857
1263,face,FACE_30_29,30,29,6.1926551047412675
1264,face,FACE_15_315,15,315,12.347132391184337
1265,face,FACE_236_134,236,134,9.00282663800516
1266,face,FACE_301_300,301,300,12.379290357656005
1267,face,FACE_333_332,333,332,19.386243466622123
1268,face,FACE_352_345,352,345,19.578827293950347
1269,face,FACE_52_53,52,53,13.195957332734151
1270,face,FACE_166_75,166,75,3.591793648643938
1271,face,FACE_192_213,192,213,14.579324375290506
1272,face,FACE_3_197,3,197,13.312855123023366
1273,face,FACE_77_146,77,146,2.7719371717016266
1274,face,FACE_363_360,363,360,9.412614811519113
1275,face,FACE_334_333,334,333,21.37913675441998
1276,face,FACE_6_351,6,351,9.179425570388863
1277,face,FACE_6_122,6,122,8.436341717416417
1278,face,FACE_406_321,406,321,15.578546908987404
1279,face,FACE_284_332,284,332,20.91569905117633
1280,face,FACE_350_277,350,277,6.7766079784588795
1281,face,FACE_8_168,8,168,8.122600167502634
1282,face,FACE_129_49,129,49,4.616969610289393
1283,face,FACE_0_164,0,164,13.125932706430206
1284,face,FACE_300_276,300,276,8.238709851666014
1285,face,FACE_86_87,86,87,3.3115721431625484
1286,face,FACE_226_247,226,247,10.457468555840352
1287,face,FACE_119_120,119,120,12.983009989813405
1288,face,FACE_37_167,37,167,11.254563033563224
1289,face,FACE_111_116,111,116,11.868568278750342
1290,face,FACE_451_450,451,450,11.768949980740576
1291,face,FACE_335_418,335,418,17.64372413455628
1292,face,FACE_40_92,40,92,12.327342255532834
1293,face,FACE_52_66,52,66,16.301779830801276
1294,face,FACE_285_417,285,417,11.817288781109593
1295,face,FACE_224_29,224,29,6.256043920582025
1296,face,FACE_330_425,330,425,25.624226447985432
1297,face,FACE_285_8,285,8,17.15689165961098
1298,face,FACE_236_3,236,3,7.601128491299052
1299,face,FACE_307_292,307,292,4.756203658189766
1300,face,FACE_187_147,187,147,12.904289968265958
1301,face,FACE_139_70,139,70,14.485979398112558
1302,face,FACE_185_186,185,186,10.373295492256348
1303,face,FACE_270_410,270,410,14.54788717315131
1304,face,FACE_456_420,456,420,9.002995664540828
1305,face,FACE_407_415,407,415,2.4457562333067706
1306,face,FACE_294_358,294,358,5.505863445219752
1307,face,FACE_78_96,78,96,4.665124282328101
1308,face,FACE_259_257,259,257,8.38989911982544
1309,face,FACE_218_219,218,219,5.744633408799061
1310,face,FACE_417_465,417,465,10.38372963161448
1311,face,FACE_304_408,304,408,6.967561027868699
1312,face,FACE_56_157,56,157,4.701962070105448
1313,face,FACE_63_53,63,53,8.578872895006487
1314,face,FACE_349_330,349,330,20.75281232769674
1315,face,FACE_241_239,241,239,7.3558176867386225
1316,face,FACE_261_446,261,446,7.486525362463563
1317,face,FACE_281_275,281,275,11.58731746878095
1318,face,FACE_396_262,396,262,22.420190784670226
1319,face,FACE_441_413,441,413,8.561309400470273
1320,face,FACE_327_391,327,391,14.167814383698456
1321,face,FACE_100_120,100,120,7.826661270309965
1322,face,FACE_346_261,346,261,12.820195275861515
1323,face,FACE_348_450,348,450,8.296569205141807
1324,face,FACE_340_446,340,446,16.5337333576065
1325,face,FACE_180_85,180,85,10.070060214661517
1326,face,FACE_252_253,252,253,8.877383457235808
1327,face,FACE_137_123,137,123,9.389880596600443
1328,face,FACE_349_451,349,451,6.629513381749735
1329,face,FACE_462_328,462,328,7.346156450092881
1330,face,FACE_455_289,455,289,3.866972586029
1331,face,FACE_6_197,6,197,10.308793660778182
1332,face,FACE_377_369,377,369,21.531335731909795
1333,face,FACE_115_220,115,220,6.531072562749197
1334,face,FACE_35_111,35,111,11.678963863864029
1335,face,FACE_383_300,383,300,12.28674403372783
1336,face,FACE_110_25,110,25,5.447383141849656
1337,face,FACE_437_420,437,420,8.380692942431727
1338,face,FACE_333_299,333,299,22.198934087704632
1339,face,FACE_252_374,252,374,9.636529878223255
1340,face,FACE_31_226,31,226,8.023344064685519
1341,face,FACE_71_70,71,70,10.468070399503654
1342,face,FACE_104_67,104,67,28.764031010960025
1343,face,FACE_49_131,49,131,6.6951964441702305
1344,face,FACE_463_414,463,414,5.398098813821789
1345,face,FACE_118_230,118,230,21.01587229093184
1346,face,FACE_104_103,104,103,17.805263079324366
1347,face,FACE_155_154,155,154,3.9457497173379066
1348,face,FACE_220_134,220,134,9.471432436355515
1349,face,FACE_262_396,262,396,22.420190784670226
1350,face,FACE_70_46,70,46,7.43881361202967
1351,face,FACE_436_432,436,432,18.096741907723526
1352,face,FACE_167_164,167,164,12.570572528825204
1353,face,FACE_170_169,170,169,15.78135089271051
1354,face,FACE_211_170,211,170,10.696575740970653
1355,face,FACE_77_90,77,90,6.309994372207726
1356,face,FACE_22_154,22,154,8.205330081336854
1357,face,FACE_237_79,237,79,3.051120466495672
1358,face,FACE_197_6,197,6,10.308793660778182
1359,face,FACE_143_35,143,35,8.282763127068936
1360,face,FACE_146_77,146,77,2.7719371717016266
1361,face,FACE_434_364,434,364,18.896605226842755
1362,face,FACE_72_11,72,11,11.452742689133414
1363,face,FACE_9_337,9,337,38.36670328684739
1364,face,FACE_465_351,465,351,7.151563558581571
1365,face,FACE_89_180,89,180,8.295090027416588
1366,face,FACE_255_249,255,249,5.494249222116881
1367,face,FACE_295_285,295,285,22.13196617175371
1368,face,FACE_90_181,90,181,10.88850872986783
1369,face,FACE_91_146,91,146,7.678122280637707
1370,face,FACE_143_156,143,156,15.46159588013994
1371,face,FACE_18_421,18,421,18.268590793421573
1372,face,FACE_232_121,232,121,5.7366873258080515
1373,face,FACE_425_436,425,436,22.35563501167229
1374,face,FACE_257_443,257,443,4.303237038862933
1375,face,FACE_29_27,29,27,8.54248370944319
1376,face,FACE_327_358,327,358,11.28470014702443
1377,face,FACE_433_376,433,376,17.166544354390357
1378,face,FACE_299_296,299,296,25.763136522046143
1379,face,FACE_259_260,259,260,6.286399279571154
1380,face,FACE_405_314,405,314,11.444084017194648
1381,face,FACE_158_28,158,28,4.844563051514148
1382,face,FACE_217_114,217,114,8.898790808819694
1383,face,FACE_197_248,197,248,13.319308904505148
1384,face,FACE_124_35,124,35,11.340603159288417
1385,face,FACE_375_291,375,291,6.964467434884731
1386,face,FACE_321_320,321,320,3.7848262173518066
1387,face,FACE_324_325,324,325,2.286386908638334
1388,face,FACE_336_299,336,299,37.279343022385895
1389,face,FACE_62_96,62,96,5.354300100560073
1390,face,FACE_22_23,22,23,8.695051549748545
1391,face,FACE_281_363,281,363,8.657037863921238
1392,face,FACE_443_282,443,282,7.930291190684453
1393,face,FACE_20_99,20,99,4.923377325649467
1394,face,FACE_124_156,124,156,7.291488990329054
1395,face,FACE_464_341,464,341,7.710954958975003
1396,face,FACE_27_223,27,223,4.851276113208988
1397,face,FACE_125_237,125,237,10.920243197223405
1398,face,FACE_148_140,148,140,21.88360501240614
1399,face,FACE_279_331,279,331,4.2564739346647515
1400,face,FACE_32_194,32,194,10.887231272087467
1401,face,FACE_44_19,44,19,9.045864555224322
1402,face,FACE_244_193,244,193,9.53251749719782
1403,face,FACE_439_289,439,289,4.283651252738584
1404,face,FACE_453_452,453,452,6.447285317074509
1405,face,FACE_12_72,12,72,12.297067127222698
1406,face,FACE_343_437,343,437,8.841437766303356
1407,face,FACE_94_370,94,370,3.5187381748226483
1408,face,FACE_94_141,94,141,3.4555713488523536
1409,face,FACE_429_360,429,360,5.04636728030278
1410,face,FACE_444_259,444,259,5.886327458750049
1411,face,FACE_322_270,322,270,11.317898917390401
1412,face,FACE_121_100,121,100,15.008506185544457
1413,face,FACE_199_428,199,428,18.223683847276252
1414,face,FACE_379_395,379,395,10.879576943699663
1415,face,FACE_32_171,32,171,22.54847030914913
1416,face,FACE_322_391,322,391,10.88617099079811
1417,face,FACE_389_301,389,301,16.955527222008257
1418,face,FACE_279_429,279,429,7.4314900155432255
1419,face,FACE_394_379,394,379,12.106884023729354
1420,face,FACE_453_465,453,465,7.7792679900424275
1421,face,FACE_380_252,380,252,5.312304467144479
1422,face,FACE_416_434,416,434,15.925973271610784
1423,face,FACE_362_463,362,463,3.2601565323669046
1424,face,FACE_309_457,309,457,3.9425692356470514
1425,face,FACE_6_419,6,419,14.788516714976959
1426,face,FACE_193_245,193,245,10.11744883940327
1427,face,FACE_413_285,413,285,10.209877780504428
1428,face,FACE_310_272,310,272,1.781505238804569
1429,face,FACE_163_110,163,110,6.386933928826255
1430,face,FACE_29_30,29,30,6.1926551047412675
1431,face,FACE_69_66,69,66,24.96444689826542
1432,face,FACE_114_217,114,217,8.898790808819694
1433,face,FACE_328_326,328,326,2.330647059969681
1434,face,FACE_431_418,431,418,16.380238338974404
1435,face,FACE_98_129,98,129,11.291028818561864
1436,face,FACE_171_199,171,199,20.93426689884508
1437,face,FACE_303_269,303,269,4.8220314425200534
1438,face,FACE_91_90,91,90,3.629854516060774
1439,face,FACE_156_70,156,70,12.292845513959497
1440,face,FACE_282_295,282,295,17.38810801240768
1441,face,FACE_287_410,287,410,9.889790951344352
1442,face,FACE_73_72,73,72,9.749023621168043
1443,face,FACE_194_182,194,182,10.077733233511756
1444,face,FACE_408_291,408,291,6.3670734645574445
1445,face,FACE_221_56,221,56,6.708073584137227
1446,face,FACE_126_47,126,47,9.24872391864076
1447,face,FACE_137_93,137,93,2.158064509070561
1448,face,FACE_49_209,49,209,7.686557536703222
1449,face,FACE_257_387,257,387,8.656660342973083
1450,face,FACE_416_411,416,411,24.359151513607777
1451,face,FACE_176_170,176,170,23.689911514732444
1452,face,FACE_95_96,95,96,2.1819086903894074
1453,face,FACE_235_219,235,219,2.028570403354921
1454,face,FACE_401_288,401,288,29.405473661749213
1455,face,FACE_346_352,346,352,26.774011707959595
1456,face,FACE_79_237,79,237,3.051120466495672
1457,face,FACE_218_166,218,166,3.0023879540464313
1458,face,FACE_430_431,430,431,16.419855137152314
1459,face,FACE_289_455,289,455,3.866972586029
1460,face,FACE_82_13,82,13,9.483794838881991
1461,face,FACE_108_151,108,151,23.962644750947728
1462,face,FACE_355_437,355,437,8.966492865982628
1463,face,FACE_342_467,342,467,6.352711680342942
1464,face,FACE_276_293,276,293,12.458807326339889
1465,face,FACE_308_325,308,325,4.754528253906596
1466,face,FACE_427_425,427,425,17.71149432019984
1467,face,FACE_97_141,97,141,7.759923583154347
1468,face,FACE_431_395,431,395,11.30432075781489
1469,face,FACE_423_391,423,391,17.22309641532527
1470,face,FACE_190_189,190,189,5.323001325411033
1471,face,FACE_330_349,330,349,20.75281232769674
1472,face,FACE_162_127,162,127,22.94465035400108
1473,face,FACE_359_263,359,263,3.5334827832769222
1474,face,FACE_464_465,464,465,3.1730279285699923
1475,face,FACE_376_352,376,352,19.872657836288738
1476,face,FACE_223_222,223,222,12.471242484786922
1477,face,FACE_435_401,435,401,20.703661889362024
1478,face,FACE_230_118,230,118,21.01587229093184
1479,face,FACE_222_28,222,28,3.4531136752337748
1480,face,FACE_408_304,408,304,6.967561027868699
1481,face,FACE_50_187,50,187,22.54536732642872
1482,face,FACE_42_183,42,183,5.763802685558192
1483,face,FACE_183_42,183,42,5.763802685558192
1484,face,FACE_187_192,187,192,23.850918890613414
1485,face,FACE_25_130,25,130,5.20260811085429
1486,face,FACE_265_340,265,340,11.314254477741844
1487,face,FACE_92_40,92,40,12.327342255532834
1488,face,FACE_371_358,371,358,11.944440008292075
1489,face,FACE_211_140,211,140,23.06785862166396
1490,face,FACE_35_143,35,143,8.282763127068936
1491,face,FACE_15_85,15,85,11.833173781348117
1492,face,FACE_142_126,142,126,10.042661034919066
1493,face,FACE_195_281,195,281,13.689842465787713
1494,face,FACE_440_457,440,457,7.097706118546405
1495,face,FACE_221_190,221,190,6.815545068942097
1496,face,FACE_386_257,386,257,5.015446807218624
1497,face,FACE_277_350,277,350,6.7766079784588795
1498,face,FACE_251_298,251,298,20.174123691744114
1499,face,FACE_383_368,383,368,10.594062750987595
1500,face,FACE_255_448,255,448,9.752307555025453
1501,face,FACE_290_289,290,289,8.098105384003485
1502,face,FACE_317_14,317,14,10.039963058846903
1503,face,FACE_103_54,103,54,19.481339240574258
1504,face,FACE_414_441,414,441,6.549491979974033
1505,face,FACE_160_30,160,30,8.527826423667747
1506,face,FACE_174_114,174,114,6.118138247521664
1507,face,FACE_326_328,326,328,2.330647059969681
1508,face,FACE_460_328,460,328,11.064801839819687
1509,face,FACE_152_175,152,175,7.161781362011085
1510,face,FACE_124_113,124,113,8.133502010644369
1511,face,FACE_367_365,367,365,27.64809309340919
1512,face,FACE_98_240,98,240,2.9159637635175044
1513,face,FACE_64_98,64,98,6.213083740317
1514,face,FACE_262_428,262,428,17.319401708514874
1515,face,FACE_396_428,396,428,10.19579208694646
1516,face,FACE_122_188,122,188,7.2980742957493545
1517,face,FACE_327_328,327,328,14.085198625419913
1518,face,FACE_80_42,80,42,1.8648360428595734
1519,face,FACE_265_353,265,353,10.957440044442766
1520,face,FACE_38_82,38,82,1.5966939243112477
1521,face,FACE_282_442,282,442,17.994773368711602
1522,face,FACE_209_49,209,49,7.686557536703222
1523,face,FACE_73_39,73,39,5.14300143582755
1524,face,FACE_25_228,25,228,10.305345059451403
1525,face,FACE_302_11,302,11,11.942346407471701
1526,face,FACE_100_142,100,142,10.872694087352942
1527,face,FACE_447_366,447,366,20.75196348589751
1528,face,FACE_460_305,460,305,3.9115664829864816
1529,face,FACE_451_256,451,256,10.348746198069644
1530,face,FACE_1_19,1,19,4.715280380373006
1531,face,FACE_421_313,421,313,10.599360842796122
1532,face,FACE_370_2,370,2,3.8771140131023984
1533,face,FACE_434_432,434,432,12.318890118243786
1534,face,FACE_321_375,321,375,8.104986479229304
1535,face,FACE_308_292,308,292,1.29374449125776
1536,face,FACE_179_178,179,178,2.727371354554229
1537,face,FACE_39_167,39,167,17.216918479044267
1538,face,FACE_459_461,459,461,7.485593922123773
1539,face,FACE_46_63,46,63,12.394207901926347
1540,face,FACE_391_326,391,326,22.88460722018786
1541,face,FACE_417_464,417,464,10.377761838279488
1542,face,FACE_197_195,197,195,9.631379641473291
1543,face,FACE_230_229,230,229,12.076961388280363
1544,face,FACE_356_368,356,368,20.10862621815762
1545,face,FACE_349_329,349,329,7.727093809186539
1546,face,FACE_241_238,241,238,1.70462103056212
1547,face,FACE_326_462,326,462,6.565206740889086
1548,face,FACE_52_222,52,222,18.909050698096003
1549,face,FACE_401_376,401,376,10.963699649198235
1550,face,FACE_172_138,172,138,10.649204685257462
1551,face,FACE_245_128,245,128,8.182130185710713
1552,face,FACE_288_435,288,435,8.79726931983666
1553,face,FACE_382_362,382,362,1.8680822731236735
1554,face,FACE_407_306,407,306,6.6593544299260214
1555,face,FACE_187_123,187,123,27.653258929429256
1556,face,FACE_292_325,292,325,5.501612011775574
1557,face,FACE_212_216,212,216,17.614854711211258
1558,face,FACE_411_425,411,425,23.317671313583027
1559,face,FACE_143_116,143,116,16.765421986533358
1560,face,FACE_349_450,349,450,12.475292014100697
1561,face,FACE_216_186,216,186,11.156585713104384
1562,face,FACE_296_295,296,295,8.455847390760118
1563,face,FACE_18_201,18,201,17.940227844220658
1564,face,FACE_247_30,247,30,5.631968030624904
1565,face,FACE_262_418,262,418,11.281466794820812
1566,face,FACE_14_316,14,316,11.323331519335886
1567,face,FACE_14_87,14,87,9.73840125275277
1568,face,FACE_114_174,114,174,6.118138247521664
1569,face,FACE_195_248,195,248,7.722311571172482
1570,face,FACE_300_301,300,301,12.379290357656005
1571,face,FACE_162_71,162,71,15.136555697203168
1572,face,FACE_181_84,181,84,10.94333309967353
1573,face,FACE_423_371,423,371,19.91926535895708
1574,face,FACE_369_400,369,400,8.58642009315246
1575,face,FACE_330_329,330,329,16.464031931428472
1576,face,FACE_142_129,142,129,12.098969990065289
1577,face,FACE_188_245,188,245,6.331346852950604
1578,face,FACE_333_334,333,334,21.37913675441998
1579,face,FACE_334_299,334,299,27.746537914914455
1580,face,FACE_274_19,274,19,8.616250062422209
1581,face,FACE_251_301,251,301,12.486979078208826
1582,face,FACE_264_383,264,383,20.649954991632242
1583,face,FACE_76_183,76,183,5.941677908329988
1584,face,FACE_355_358,355,358,18.81130482104704
1585,face,FACE_434_422,434,422,21.461682164775862
1586,face,FACE_286_258,286,258,8.179168411616258
1587,face,FACE_372_447,372,447,22.91730501834274
1588,face,FACE_31_117,31,117,13.246587840049164
1589,face,FACE_438_392,438,392,3.631923864112974
1590,face,FACE_38_13,38,13,10.838820741054992
1591,face,FACE_1_274,1,274,7.3807502008055135
1592,face,FACE_168_122,168,122,14.610240216728817
1593,face,FACE_121_47,121,47,6.928849582360494
1594,face,FACE_7_25,7,25,5.2694433526081115
1595,face,FACE_138_136,138,136,27.63552790595166
1596,face,FACE_262_431,262,431,15.89954667098013
1597,face,FACE_97_98,97,98,14.575974251209974
1598,face,FACE_369_377,369,377,21.531335731909795
1599,face,FACE_463_341,463,341,3.741121078848184
1600,face,FACE_401_366,401,366,21.993822359769084
1601,face,FACE_146_76,146,76,5.78982250548293
1602,face,FACE_9_107,9,107,19.698357973026965
1603,face,FACE_451_452,451,452,8.98957047828557
1604,face,FACE_238_79,238,79,8.852118221513233
1605,face,FACE_462_461,462,461,1.6526486694440556
1606,face,FACE_132_177,132,177,4.156755921101468
1607,face,FACE_441_258,441,258,15.390383722780394
1608,face,FACE_339_390,339,390,6.50274775675751
1609,face,FACE_204_202,204,202,14.712352616981706
1610,face,FACE_90_180,90,180,8.414453387053044
1611,face,FACE_410_270,410,270,14.54788717315131
1612,face,FACE_355_371,355,371,10.649109257464929
1613,face,FACE_176_140,176,140,8.621050284492815
1614,face,FACE_27_160,27,160,8.319245991678093
1615,face,FACE_447_454,447,454,2.2095453345216267
1616,face,FACE_114_128,114,128,5.966594059219381
1617,face,FACE_466_467,466,467,5.594737586915181
1618,face,FACE_188_114,188,114,8.452370042258124
1619,face,FACE_141_2,141,2,4.687250543732964
1620,face,FACE_91_181,91,181,9.9114703517964
1621,face,FACE_78_62,78,62,1.2374714733886838
1622,face,FACE_232_120,232,120,12.673690519470172
1623,face,FACE_48_219,48,219,4.186882272360122
1624,face,FACE_400_378,400,378,15.117370947498715
1625,face,FACE_207_212,207,212,26.863322402345222
1626,face,FACE_406_421,406,421,18.344533666459885
1627,face,FACE_199_208,199,208,18.42840961487808
1628,face,FACE_439_455,439,455,1.9328225145337348
1629,face,FACE_250_290,250,290,6.836211000020619
1630,face,FACE_405_313,405,313,16.932329368701698
1631,face,FACE_269_303,269,303,4.8220314425200534
1632,face,FACE_295_441,295,441,16.41884746357614
1633,face,FACE_36_101,36,101,13.464730174984838
1634,face,FACE_261_448,261,448,6.755189808755721
1635,face,FACE_388_260,388,260,4.966841054203354
1636,face,FACE_20_242,20,242,2.386157952944669
1637,face,FACE_414_398,414,398,4.462923180535545
1638,face,FACE_273_422,273,422,9.044914696505934
1639,face,FACE_433_411,433,411,16.988048018853753
1640,face,FACE_4_5,4,5,12.417006050670091
1641,face,FACE_159_28,159,28,8.69353717503232
1642,face,FACE_255_261,255,261,10.407478022297775
1643,face,FACE_175_152,175,152,7.161781362011085
1644,face,FACE_117_31,117,31,13.246587840049164
1645,face,FACE_99_242,99,242,6.215703679706898
1646,face,FACE_133_155,133,155,1.8173092343012032
1647,face,FACE_53_46,53,46,10.600734347702454
1648,face,FACE_66_65,66,65,8.379243095462064
1649,face,FACE_406_313,406,313,13.748339171432745
1650,face,FACE_322_436,322,436,16.463020461261333
1651,face,FACE_337_299,337,299,21.575336403487835
1652,face,FACE_134_236,134,236,9.00282663800516
1653,face,FACE_456_399,456,399,8.436413751669724
1654,face,FACE_328_250,328,250,5.876151860513505
1655,face,FACE_247_33,247,33,4.33001145571026
1656,face,FACE_365_397,365,397,18.279271520304377
1657,face,FACE_70_71,70,71,10.468070399503654
1658,face,FACE_338_151,338,151,37.892325951588816
1659,face,FACE_35_113,35,113,14.898039365611783
1660,face,FACE_94_19,94,19,1.5935978549682057
1661,face,FACE_194_106,194,106,17.081093115690443
1662,face,FACE_447_323,447,323,22.922668406657774
1663,face,FACE_31_228,31,228,6.536744238191561
1664,face,FACE_185_57,185,57,11.824426125502903
1665,face,FACE_63_68,63,68,15.103987236779576
1666,face,FACE_104_69,104,69,21.221243951159376
1667,face,FACE_43_202,43,202,8.927501892115439
1668,face,FACE_217_126,217,126,8.302987014329183
1669,face,FACE_21_71,21,71,10.746165383413082
1670,face,FACE_454_447,454,447,2.2095453345216267
1671,face,FACE_140_171,140,171,17.332708224071215
1672,face,FACE_398_286,398,286,8.775184884886432
1673,face,FACE_245_193,245,193,10.11744883940327
1674,face,FACE_56_28,56,28,8.256483584579227
1675,face,FACE_196_188,196,188,7.133841149900154
1676,face,FACE_435_433,435,433,10.957015775159734
1677,face,FACE_54_104,54,104,22.204106596021173
1678,face,FACE_368_300,368,300,16.65589601332872
1679,face,FACE_273_291,273,291,10.530486049549184
1680,face,FACE_92_216,92,216,15.135351653140626
1681,face,FACE_255_359,255,359,4.907890849706014
1682,face,FACE_437_399,437,399,8.479066428018154
1683,face,FACE_309_250,309,250,9.92043175014776
1684,face,FACE_322_269,322,269,16.159232543389336
1685,face,FACE_113_46,113,46,10.659404564264827
1686,face,FACE_59_75,59,75,2.6359543992879266
1687,face,FACE_146_43,146,43,7.401458632980371
1688,face,FACE_358_371,358,371,11.944440008292075
1689,face,FACE_362_341,362,341,3.2102792796536312
1690,face,FACE_148_152,148,152,19.00260254749391
1691,face,FACE_200_428,200,428,21.42585661361084
1692,face,FACE_140_148,140,148,21.88360501240614
1693,face,FACE_221_222,221,222,14.358123253790568
1694,face,FACE_200_199,200,199,12.349313194578626
1695,face,FACE_240_235,240,235,3.571664566763079
1696,face,FACE_272_304,272,304,3.435479493677237
1697,face,FACE_232_231,232,231,8.647616607398142
1698,face,FACE_421_18,421,18,18.268590793421573
1699,face,FACE_446_340,446,340,16.5337333576065
1700,face,FACE_55_189,55,189,10.20669815455543
1701,face,FACE_169_211,169,211,14.479588524214755
1702,face,FACE_287_432,287,432,8.399808893182039
1703,face,FACE_228_117,228,117,12.81027331186141
1704,face,FACE_233_232,233,232,6.151412722797334
1705,face,FACE_125_141,125,141,2.034066608726639
1706,face,FACE_453_464,453,464,6.486379260909368
1707,face,FACE_310_415,310,415,6.175061953034743
1708,face,FACE_289_392,289,392,1.1074606422020972
1709,face,FACE_416_433,416,433,14.506511768470272
1710,face,FACE_322_426,322,426,13.592016249379512
1711,face,FACE_294_327,294,327,5.808893855317816
1712,face,FACE_118_101,118,101,17.559776730502282
1713,face,FACE_199_175,199,175,10.373474706106453
1714,face,FACE_438_457,438,457,6.727392438952866
1715,face,FACE_366_352,366,352,11.589958500449242
1716,face,FACE_404_315,404,315,10.625344370817404
1717,face,FACE_269_270,269,270,9.246436193496029
1718,face,FACE_367_433,367,433,27.150190944814813
1719,face,FACE_298_333,298,333,18.331884669034604
1720,face,FACE_311_272,311,272,8.965200096233916
1721,face,FACE_0_267,0,267,12.397217704102406
1722,face,FACE_252_451,252,451,5.779765546440925
1723,face,FACE_179_89,179,89,7.117723674863321
1724,face,FACE_25_31,25,31,10.225116967912523
1725,face,FACE_278_360,278,360,10.518060693015547
1726,face,FACE_269_391,269,391,12.576593727386411
1727,face,FACE_325_292,325,292,5.501612011775574
1728,face,FACE_413_441,413,441,8.561309400470273
1729,face,FACE_107_69,107,69,36.87334261074109
1730,face,FACE_92_206,92,206,14.222889662355803
1731,face,FACE_365_364,365,364,12.183966277493468
1732,face,FACE_363_440,363,440,9.474434513881901
1733,face,FACE_62_183,62,183,3.718882721656072
1734,face,FACE_187_214,187,214,35.893672914412505
1735,face,FACE_455_294,455,294,3.9929535087961825
1736,face,FACE_133_243,133,243,3.1224861588779187
1737,face,FACE_387_388,387,388,5.335681172249865
1738,face,FACE_219_166,219,166,3.8600339764034874
1739,face,FACE_350_357,350,357,8.345278043925713
1740,face,FACE_109_151,109,151,37.28929162976349
1741,face,FACE_448_254,448,254,16.19169719628806
1742,face,FACE_419_456,419,456,14.526059812173328
1743,face,FACE_431_430,431,430,16.419855137152314
1744,face,FACE_50_101,50,101,23.752043279174888
1745,face,FACE_423_426,423,426,13.594078168636551
1746,face,FACE_222_27,222,27,10.335397914702574
1747,face,FACE_287_422,287,422,15.150868533244587
1748,face,FACE_321_335,321,335,8.446929096350793
1749,face,FACE_152_377,152,377,18.964067118877885
1750,face,FACE_165_167,165,167,17.539087421427674
1751,face,FACE_167_97,167,97,7.184307921021801
1752,face,FACE_43_61,43,61,9.992799157952701
1753,face,FACE_306_291,306,291,2.2612051849033086
1754,face,FACE_79_20,79,20,9.900471190315073
1755,face,FACE_465_464,465,464,3.1730279285699923
1756,face,FACE_432_287,432,287,8.399808893182039
1757,face,FACE_195_51,195,51,13.788570960039955
1758,face,FACE_221_189,221,189,8.61844461870596
1759,face,FACE_239_237,239,237,1.381369476249894
1760,face,FACE_85_179,85,179,10.791554878228515
1761,face,FACE_272_271,272,271,7.330651200770207
1762,face,FACE_445_342,445,342,7.509020501223374
1763,face,FACE_344_439,344,439,6.762578211921304
1764,face,FACE_42_74,42,74,3.6059532453744554
1765,face,FACE_162_139,162,139,7.956512049626324
1766,face,FACE_347_450,347,450,21.609188237804627
1767,face,FACE_133_112,133,112,3.280365401271342
1768,face,FACE_387_257,387,257,8.656660342973083
1769,face,FACE_460_327,460,327,3.393428632913013
1770,face,FACE_57_202,57,202,14.327238076537604
1771,face,FACE_271_311,271,311,1.6587242659853567
1772,face,FACE_123_147,123,147,19.690599323891142
1773,face,FACE_437_343,437,343,8.841437766303356
1774,face,FACE_275_281,275,281,11.58731746878095
1775,face,FACE_340_261,340,261,12.716172509773054
1776,face,FACE_161_30,161,30,5.210994546991934
1777,face,FACE_338_337,338,337,24.98038491169143
1778,face,FACE_357_350,357,350,8.345278043925713
1779,face,FACE_217_47,217,47,6.732887903309284
1780,face,FACE_309_459,309,459,3.805562184151368
1781,face,FACE_255_339,255,339,5.321776393735605
1782,face,FACE_287_291,287,291,8.590468428080385
1783,face,FACE_139_127,139,127,19.10455114830809
1784,face,FACE_268_12,268,12,11.074905974386617
1785,face,FACE_38_81,38,81,6.6232738121892645
1786,face,FACE_230_22,230,22,13.283880622153191
1787,face,FACE_101_100,101,100,15.556342846448654
1788,face,FACE_81_42,81,42,8.188898960628515
1789,face,FACE_220_237,220,237,7.2174355468285105
1790,face,FACE_404_403,404,403,4.243783055527043
1791,face,FACE_351_168,351,168,14.746112097425703
1792,face,FACE_405_404,405,404,5.274166167903993
1793,face,FACE_61_185,61,185,4.415037332516376
1794,face,FACE_396_175,396,175,19.408971157177717
1795,face,FACE_93_137,93,137,2.158064509070561
1796,face,FACE_79_239,79,239,3.337655163603966
1797,face,FACE_313_406,313,406,13.748339171432745
1798,face,FACE_424_273,424,273,16.289778421991727
1799,face,FACE_266_330,266,330,13.406648568428821
1800,face,FACE_196_122,196,122,9.923120140705972
1801,face,FACE_435_367,435,367,20.345937096707228
1802,face,FACE_108_9,108,9,38.382806990078585
1803,face,FACE_242_238,242,238,3.564460240195306
1804,face,FACE_375_273,375,273,7.548879653540744
1805,face,FACE_293_283,293,283,8.683118065994668
1806,face,FACE_205_207,205,207,16.98161220890304
1807,face,FACE_123_137,123,137,9.389880596600443
1808,face,FACE_130_33,130,33,3.3973841760550254
1809,face,FACE_223_224,223,224,10.658110699064242
1810,face,FACE_230_120,230,120,12.227543513537686
1811,face,FACE_408_306,408,306,4.29134581715135
1812,face,FACE_92_186,92,186,9.362429522646323
1813,face,FACE_345_366,345,366,25.652448479494673
1814,face,FACE_18_200,18,200,10.346453792712827
1815,face,FACE_65_52,65,52,17.13732758470746
1816,face,FACE_76_61,76,61,2.2443758794418427
1817,face,FACE_9_8,9,8,11.854773670130635
1818,face,FACE_342_446,342,446,7.380369272091445
1819,face,FACE_14_86,14,86,10.897750727704159
1820,face,FACE_202_57,202,57,14.327238076537604
1821,face,FACE_335_321,335,321,8.446929096350793
1822,face,FACE_20_166,20,166,13.930344101019264
1823,face,FACE_379_364,379,364,28.707140264401374
1824,face,FACE_265_342,265,342,15.424216018606572
1825,face,FACE_32_140,32,140,10.352805399558875
1826,face,FACE_385_258,385,258,5.092570810393618
1827,face,FACE_390_373,390,373,5.5664043259199065
1828,face,FACE_231_120,231,120,6.884952923179179
1829,face,FACE_77_62,77,62,4.604436057383304
1830,face,FACE_257_258,257,258,9.036914303606576
1831,face,FACE_15_316,15,316,10.931301522830895
1832,face,FACE_42_41,42,41,6.295911328367634
1833,face,FACE_289_290,289,290,8.098105384003485
1834,face,FACE_340_372,340,372,13.644242253559051
1835,face,FACE_187_50,187,50,22.54536732642872
1836,face,FACE_352_346,352,346,26.774011707959595
1837,face,FACE_70_139,70,139,14.485979398112558
1838,face,FACE_416_367,416,367,16.28411466014368
1839,face,FACE_41_81,41,81,1.9299126907035977
1840,face,FACE_285_441,285,441,9.470817605022672
1841,face,FACE_277_437,277,437,7.751704084654265
1842,face,FACE_178_86,178,86,8.548345736872509
1843,face,FACE_224_53,224,53,9.240675723437457
1844,face,FACE_284_333,284,333,25.469724404429424
1845,face,FACE_116_111,116,111,11.868568278750342
1846,face,FACE_108_107,108,107,28.47413776753506
1847,face,FACE_415_407,415,407,2.4457562333067706
1848,face,FACE_1_44,1,44,7.26052334298786
1849,face,FACE_327_294,327,294,5.808893855317816
1850,face,FACE_439_392,439,392,3.9734102080918077
1851,face,FACE_57_61,57,61,8.947859534835318
1852,face,FACE_138_135,138,135,17.43763080639539
1853,face,FACE_109_108,109,108,24.52020460558009
1854,face,FACE_229_24,229,24,9.41120803124249
1855,face,FACE_106_182,106,182,11.855946897263031
1856,face,FACE_277_329,277,329,10.950295262460303
1857,face,FACE_278_294,278,294,3.600657887809869
1858,face,FACE_274_440,274,440,11.968200062786465
1859,face,FACE_436_322,436,322,16.463020461261333
1860,face,FACE_422_424,422,424,14.627387901651394
1861,face,FACE_286_414,286,414,9.6132987865527
1862,face,FACE_360_363,360,363,9.412614811519113
1863,face,FACE_359_255,359,255,4.907890849706014
1864,face,FACE_85_15,85,15,11.833173781348117
1865,face,FACE_397_367,397,367,10.77080582830693
1866,face,FACE_224_30,224,30,6.612441684056841
1867,face,FACE_27_159,27,159,4.929041966848609
1868,face,FACE_139_71,139,71,16.05304306380742
1869,face,FACE_406_335,406,335,12.172716191078498
1870,face,FACE_344_360,344,360,6.28920303804317
1871,face,FACE_348_330,348,330,10.389086509984274
1872,face,FACE_418_431,418,431,16.380238338974404
1873,face,FACE_269_302,269,302,13.479307062417538
1874,face,FACE_189_193,189,193,6.706588024811759
1875,face,FACE_36_100,36,100,20.3304852958093
1876,face,FACE_230_231,230,231,11.324145048668944
1877,face,FACE_169_135,169,135,18.090912295666207
1878,face,FACE_441_414,441,414,6.549491979974033
1879,face,FACE_447_345,447,345,11.367241080173613
1880,face,FACE_407_272,407,272,6.711646003925485
1881,face,FACE_44_220,44,220,11.672780632421242
1882,face,FACE_100_121,100,121,15.008506185544457
1883,face,FACE_200_208,200,208,21.075481041521446
1884,face,FACE_264_372,264,372,10.871817094342543
1885,face,FACE_270_303,270,303,11.026658914756043
1886,face,FACE_271_268,271,268,9.375193067487546
1887,face,FACE_276_383,276,383,14.085028206469184
1888,face,FACE_434_411,434,411,35.60222348437664
1889,face,FACE_198_134,198,134,5.295178518197699
1890,face,FACE_144_163,144,163,5.490852149888576
1891,face,FACE_411_427,411,427,14.548345314793199
1892,face,FACE_349_452,349,452,12.772321281814774
1893,face,FACE_275_274,275,274,9.171060946312874
1894,face,FACE_242_97,242,97,5.519206688916788
1895,face,FACE_307_306,307,306,5.923901545661407
1896,face,FACE_133_190,133,190,4.585335694164357
1897,face,FACE_234_93,234,93,22.064308181351084
1898,face,FACE_5_4,5,4,12.417006050670091
1899,face,FACE_445_276,445,276,9.642061329244358
1900,face,FACE_329_330,329,330,16.464031931428472
1901,face,FACE_374_252,374,252,9.636529878223255
1902,face,FACE_27_28,27,28,9.047241607658416
1903,face,FACE_0_11,0,11,4.473444984484757
1904,face,FACE_437_277,437,277,7.751704084654265
1905,face,FACE_382_341,382,341,3.5213332036981613
1906,face,FACE_140_170,140,170,16.221133274833022
1907,face,FACE_280_330,280,330,25.14010381378821
1908,face,FACE_166_79,166,79,4.75081940717035
1909,face,FACE_111_143,111,143,13.142265004459176
1910,face,FACE_226_130,226,130,7.529338874728551
1911,face,FACE_186_57,186,57,9.37519346608539
1912,face,FACE_391_426,391,426,18.315786253363196
1913,face,FACE_105_69,105,69,26.558181046556445
1914,face,FACE_123_117,123,117,25.363817410734136
1915,face,FACE_256_381,256,381,4.693192035680181
1916,face,FACE_301_389,301,389,16.955527222008257
1917,face,FACE_428_200,428,200,21.42585661361084
1918,face,FACE_167_165,167,165,17.539087421427674
1919,face,FACE_132_58,132,58,25.45782948755736
1920,face,FACE_19_1,19,1,4.715280380373006
1921,face,FACE_125_19,125,19,4.293431243476854
1922,face,FACE_89_96,89,96,5.453254973301207
1923,face,FACE_418_421,418,421,15.652277791212086
1924,face,FACE_340_352,340,352,28.24067065649148
1925,face,FACE_48_64,48,64,3.5372088497051135
1926,face,FACE_228_31,228,31,6.536744238191561
1927,face,FACE_459_309,459,309,3.805562184151368
1928,face,FACE_72_12,72,12,12.297067127222698
1929,face,FACE_169_210,169,210,12.019559324225256
1930,face,FACE_215_177,215,177,20.512786523516198
1931,face,FACE_172_215,172,215,30.569400911115054
1932,face,FACE_215_213,215,213,9.713918245808895
1933,face,FACE_455_460,455,460,3.307337970851498
1934,face,FACE_417_168,417,168,11.573221521418057
1935,face,FACE_461_354,461,354,2.8567514561800342
1936,face,FACE_413_463,413,463,7.093019913273467
1937,face,FACE_290_392,290,392,8.492834192990022
1938,face,FACE_43_106,43,106,10.785517473200379
1939,face,FACE_423_327,423,327,13.607722548434241
1940,face,FACE_300_293,300,293,12.985546361069371
1941,face,FACE_34_143,34,143,8.992054053185157
1942,face,FACE_207_214,207,214,27.03198081219506
1943,face,FACE_119_101,119,101,10.445692347075573
1944,face,FACE_299_297,299,297,22.94289667657172
1945,face,FACE_377_396,377,396,7.10345617650208
1946,face,FACE_171_148,171,148,7.09509357076123
1947,face,FACE_40_73,40,73,9.9859195958044
1948,face,FACE_41_38,41,38,8.538178700206512
1949,face,FACE_273_424,273,424,16.289778421991727
1950,face,FACE_146_91,146,91,7.678122280637707
1951,face,FACE_141_125,141,125,2.034066608726639
1952,face,FACE_299_333,299,333,22.198934087704632
1953,face,FACE_12_11,12,11,3.1299953340041298
1954,face,FACE_218_79,218,79,3.283772917138214
1955,face,FACE_50_123,50,123,21.06899980873004
1956,face,FACE_255_263,255,263,4.792057646577097
1957,face,FACE_180_89,180,89,8.295090027416588
1958,face,FACE_233_244,233,244,6.222047207843977
1959,face,FACE_45_44,45,44,9.262821382692469
1960,face,FACE_217_236,217,236,5.7046113144283614
1961,face,FACE_351_465,351,465,7.151563558581571
1962,face,FACE_96_95,96,95,2.1819086903894074
1963,face,FACE_187_213,187,213,15.509962957574789
1964,face,FACE_113_35,113,35,14.898039365611783
1965,face,FACE_352_280,352,280,22.404128407813687
1966,face,FACE_426_266,426,266,21.75791600948622
1967,face,FACE_292_415,292,415,6.746971796652988
1968,face,FACE_65_107,65,107,18.59888245844964
1969,face,FACE_164_0,164,0,13.125932706430206
1970,face,FACE_2_167,2,167,13.845345642863348
1971,face,FACE_22_145,22,145,9.873575338073856
1972,face,FACE_444_283,444,283,8.833008827409875
1973,face,FACE_429_420,429,420,7.632665490778168
1974,face,FACE_34_156,34,156,19.247637860996264
1975,face,FACE_100_101,100,101,15.556342846448654
1976,face,FACE_291_306,291,306,2.2612051849033086
1977,face,FACE_138_213,138,213,26.90651181512352
1978,face,FACE_391_393,391,393,18.95287479972741
1979,face,FACE_43_204,43,204,15.506484352549785
1980,face,FACE_294_460,294,460,7.1086364010579945
1981,face,FACE_414_413,414,413,5.797981395810006
1982,face,FACE_319_404,319,404,8.73221649279043
1983,face,FACE_420_456,420,456,9.002995664540828
1984,face,FACE_352_401,352,401,27.342820572836516
1985,face,FACE_413_417,413,417,7.840728758025682
1986,face,FACE_292_307,292,307,4.756203658189766
1987,face,FACE_175_396,175,396,19.408971157177717
1988,face,FACE_223_27,223,27,4.851276113208988
1989,face,FACE_209_129,209,129,12.2973657770981
1990,face,FACE_422_273,422,273,9.044914696505934
1991,face,FACE_214_207,214,207,27.03198081219506
1992,face,FACE_206_203,206,203,12.41911033915427
1993,face,FACE_131_209,131,209,4.043959358662435
1994,face,FACE_232_112,232,112,7.811576065665389
1995,face,FACE_425_427,425,427,17.71149432019984
1996,face,FACE_392_250,392,250,14.782551423743758
1997,face,FACE_457_459,457,459,1.3274545310647516
1998,face,FACE_444_260,444,260,6.742289067730663
1999,face,FACE_281_4,281,4,14.091097584117229
2000,face,FACE_433_367,433,367,27.150190944814813
2001,face,FACE_199_200,199,200,12.349313194578626
2002,face,FACE_197_419,197,419,8.521416658092784
2003,face,FACE_11_0,11,0,4.473444984484757
2004,face,FACE_344_438,344,438,5.214235305569496
2005,face,FACE_122_245,122,245,5.7215628297983105
2006,face,FACE_300_368,300,368,16.65589601332872
2007,face,FACE_86_179,86,179,9.007937766186448
2008,face,FACE_32_208,32,208,17.006520304970664
2009,face,FACE_232_233,232,233,6.151412722797334
2010,face,FACE_446_342,446,342,7.380369272091445
2011,face,FACE_203_206,203,206,12.41911033915427
2012,face,FACE_449_347,449,347,11.702184289576735
2013,face,FACE_202_210,202,210,10.91862679118828
2014,face,FACE_19_354,19,354,4.5534773964993995
2015,face,FACE_19_125,19,125,4.293431243476854
2016,face,FACE_220_115,220,115,6.531072562749197
2017,face,FACE_412_465,412,465,6.317729462534441
2018,face,FACE_206_216,206,216,13.651957686205836
2019,face,FACE_154_26,154,26,4.798986201411958
2020,face,FACE_452_357,452,357,7.869470530862205
2021,face,FACE_70_63,70,63,12.049067714048103
2022,face,FACE_170_150,170,150,9.8092054796182
2023,face,FACE_135_192,135,192,28.718376350064602
2024,face,FACE_69_67,69,67,22.106177982529882
2025,face,FACE_421_406,421,406,18.344533666459885
2026,face,FACE_367_435,367,435,20.345937096707228
2027,face,FACE_328_327,328,327,14.085198625419913
2028,face,FACE_333_293,333,293,24.92551598481906
2029,face,FACE_139_162,139,162,7.956512049626324
2030,face,FACE_305_460,305,460,3.9115664829864816
2031,face,FACE_97_165,97,165,20.37660450418275
2032,face,FACE_393_164,393,164,13.193003689924653
2033,face,FACE_303_270,303,270,11.026658914756043
2034,face,FACE_268_312,268,312,1.207214282716064
2035,face,FACE_341_382,341,382,3.5213332036981613
2036,face,FACE_421_262,421,262,19.28520188814053
2037,face,FACE_440_275,440,275,7.983891599323984
2038,face,FACE_25_33,25,33,5.226112223108041
2039,face,FACE_258_384,258,384,9.705521723102523
2040,face,FACE_332_333,332,333,19.386243466622123
2041,face,FACE_364_365,364,365,12.183966277493468
2042,face,FACE_269_393,269,393,18.968088081258244
2043,face,FACE_222_52,222,52,18.909050698096003
2044,face,FACE_437_355,437,355,8.966492865982628
2045,face,FACE_96_62,96,62,5.354300100560073
2046,face,FACE_6_168,6,168,9.594816741799391
2047,face,FACE_440_360,440,360,9.195135437659959
2048,face,FACE_58_215,58,215,9.079015200508644
2049,face,FACE_397_435,397,435,30.404998038439235
2050,face,FACE_465_453,465,453,7.7792679900424275
2051,face,FACE_358_327,358,327,11.28470014702443
2052,face,FACE_417_413,417,413,7.840728758025682
2053,face,FACE_135_169,135,169,18.090912295666207
2054,face,FACE_125_241,125,241,2.715923306797196
2055,face,FACE_326_2,326,2,11.759079194038991
2056,face,FACE_291_273,291,273,10.530486049549184
2057,face,FACE_49_102,49,102,4.0380791067893185
2058,face,FACE_75_240,75,240,3.443002047214112
2059,face,FACE_61_76,61,76,2.2443758794418427
2060,face,FACE_372_383,372,383,15.27638145944697
2061,face,FACE_205_206,205,206,16.05391960852984
2062,face,FACE_184_183,184,183,2.9704319807958606
2063,face,FACE_144_110,144,110,9.75907938415785
2064,face,FACE_23_229,23,229,15.829660259222047
2065,face,FACE_412_419,412,419,8.237366303350267
2066,face,FACE_9_151,9,151,29.662597391683438
2067,face,FACE_62_77,62,77,4.604436057383304
2068,face,FACE_327_460,327,460,3.393428632913013
2069,face,FACE_325_307,325,307,2.672931940564035
2070,face,FACE_310_407,310,407,8.433509218308481
2071,face,FACE_329_277,329,277,10.950295262460303
2072,face,FACE_195_197,195,197,9.631379641473291
2073,face,FACE_267_302,267,302,5.363525574905879
2074,face,FACE_10_151,10,151,25.445376873761024
2075,face,FACE_170_140,170,140,16.221133274833022
2076,face,FACE_28_56,28,56,8.256483584579227
2077,face,FACE_288_361,288,361,25.688749778751742
2078,face,FACE_363_275,363,275,11.454438441130703
2079,face,FACE_15_86,15,86,10.735281790216348
2080,face,FACE_463_362,463,362,3.2601565323669046
2081,face,FACE_209_217,209,217,14.4342996284202
2082,face,FACE_106_204,106,204,9.652249149482168
2083,face,FACE_213_187,213,187,15.509962957574789
2084,face,FACE_386_258,386,258,9.147239267689505
2085,face,FACE_215_147,215,147,25.558054837265146
2086,face,FACE_127_34,127,34,2.56876846173321
2087,face,FACE_387_259,387,259,5.135803112471419
2088,face,FACE_71_139,71,139,16.05304306380742
2089,face,FACE_240_60,240,60,8.560045259683164
2090,face,FACE_432_410,432,410,16.62798751472872
2091,face,FACE_241_141,241,141,4.506420778485117
2092,face,FACE_214_187,214,187,35.893672914412505
2093,face,FACE_225_53,225,53,9.208064453765855
2094,face,FACE_111_31,111,31,12.245973401380427
2095,face,FACE_430_422,430,422,11.678914700104874
2096,face,FACE_117_111,117,111,8.975364178300413
2097,face,FACE_182_91,182,91,15.209622785971488
2098,face,FACE_229_23,229,23,15.829660259222047
2099,face,FACE_134_51,134,51,7.831448644394623
2100,face,FACE_174_236,174,236,8.490215156121614
2101,face,FACE_319_325,319,325,5.807579367162332
2102,face,FACE_419_412,419,412,8.237366303350267
2103,face,FACE_9_285,9,285,20.453602368077593
2104,face,FACE_98_97,98,97,14.575974251209974
2105,face,FACE_282_443,282,443,7.930291190684453
2106,face,FACE_73_40,73,40,9.9859195958044
2107,face,FACE_302_12,302,12,12.25622275914016
2108,face,FACE_318_402,318,402,7.444577872951219
2109,face,FACE_404_405,404,405,5.274166167903993
2110,face,FACE_275_440,275,440,7.983891599323984
2111,face,FACE_34_234,34,234,20.93066819889487
2112,face,FACE_65_221,65,221,17.480082408485693
2113,face,FACE_86_15,86,15,10.735281790216348
2114,face,FACE_405_406,405,406,9.203818965445928
2115,face,FACE_358_294,358,294,5.505863445219752
2116,face,FACE_225_30,225,30,7.442094103353419
2117,face,FACE_116_123,116,123,19.663999743029358
2118,face,FACE_309_438,309,438,3.1728981210383504
2119,face,FACE_135_136,135,136,11.774701544472649
2120,face,FACE_196_3,196,3,9.100363587763363
2121,face,FACE_440_363,440,363,9.474434513881901
2122,face,FACE_272_407,272,407,6.711646003925485
2123,face,FACE_467_466,467,466,5.594737586915181
2124,face,FACE_273_335,273,335,11.012063682619052
2125,face,FACE_438_439,438,439,6.781551407515003
2126,face,FACE_226_31,226,31,8.023344064685519
2127,face,FACE_110_228,110,228,9.82286119693125
2128,face,FACE_391_327,391,327,14.167814383698456
2129,face,FACE_449_448,449,448,9.921649955374178
2130,face,FACE_197_196,197,196,8.056137239672655
2131,face,FACE_129_98,129,98,11.291028818561864
2132,face,FACE_61_43,61,43,9.992799157952701
2133,face,FACE_106_194,106,194,17.081093115690443
2134,face,FACE_52_223,52,223,8.51275498719005
2135,face,FACE_237_125,237,125,10.920243197223405
2136,face,FACE_33_246,33,246,2.613266891692209
2137,face,FACE_341_362,341,362,3.2102792796536312
2138,face,FACE_53_224,53,224,9.240675723437457
2139,face,FACE_408_272,408,272,9.478120344116057
2140,face,FACE_45_220,45,220,7.100483351403405
2141,face,FACE_280_352,280,352,22.404128407813687
2142,face,FACE_351_412,351,412,7.983972808845616
2143,face,FACE_271_303,271,303,3.2053080592425194
2144,face,FACE_231_230,231,230,11.324145048668944
2145,face,FACE_267_269,267,269,13.329025451544481
2146,face,FACE_79_218,79,218,3.283772917138214
2147,face,FACE_37_72,37,72,5.390906173259597
2148,face,FACE_390_339,390,339,6.50274775675751
2149,face,FACE_313_421,313,421,10.599360842796122
2150,face,FACE_157_173,157,173,5.779759710423779
2151,face,FACE_437_456,437,456,7.134340611714282
2152,face,FACE_458_250,458,250,1.1091610155040714
2153,face,FACE_47_121,47,121,6.928849582360494
2154,face,FACE_60_240,60,240,8.560045259683164
2155,face,FACE_412_399,412,399,9.345252222988567
2156,face,FACE_39_37,39,37,12.030936093767247
2157,face,FACE_76_184,76,184,3.6966754137198703
2158,face,FACE_123_116,123,116,19.663999743029358
2159,face,FACE_362_398,362,398,3.1573986837253503
2160,face,FACE_309_392,309,392,5.599334888843037
2161,face,FACE_302_267,302,267,5.363525574905879
2162,face,FACE_293_298,293,298,16.987685719924347
2163,face,FACE_92_165,92,165,9.51424643692787
2164,face,FACE_4_281,4,281,14.091097584117229
2165,face,FACE_186_92,186,92,9.362429522646323
2166,face,FACE_58_172,58,172,21.660360098009228
2167,face,FACE_3_236,3,236,7.601128491299052
2168,face,FACE_105_104,105,104,20.239992486709394
2169,face,FACE_178_88,178,88,6.732441040849921
2170,face,FACE_418_335,418,335,17.64372413455628
2171,face,FACE_395_431,395,431,11.30432075781489
2172,face,FACE_108_109,108,109,24.52020460558009
2173,face,FACE_428_199,428,199,18.223683847276252
2174,face,FACE_194_32,194,32,10.887231272087467
2175,face,FACE_99_60,99,60,2.5879167379583423
2176,face,FACE_250_458,250,458,1.1091610155040714
2177,face,FACE_97_99,97,99,2.428829838129666
2178,face,FACE_83_201,83,201,10.256541388687621
2179,face,FACE_98_64,98,64,6.213083740317
2180,face,FACE_343_277,343,277,8.70391961090069
2181,face,FACE_35_124,35,124,11.340603159288417
2182,face,FACE_114_188,114,188,8.452370042258124
2183,face,FACE_5_281,5,281,8.088029843649668
2184,face,FACE_440_438,440,438,7.274320665575952
2185,face,FACE_372_340,372,340,13.644242253559051
2186,face,FACE_243_189,243,189,6.819928670053333
2187,face,FACE_90_96,90,96,5.493276207924873
2188,face,FACE_419_6,419,6,14.788516714976959
2189,face,FACE_323_447,323,447,22.922668406657774
2190,face,FACE_9_108,9,108,38.382806990078585
2191,face,FACE_289_305,289,305,2.525071041047468
2192,face,FACE_216_92,216,92,15.135351653140626
2193,face,FACE_433_435,433,435,10.957015775159734
2194,face,FACE_212_207,212,207,26.863322402345222
2195,face,FACE_411_416,411,416,24.359151513607777
2196,face,FACE_130_25,130,25,5.20260811085429
2197,face,FACE_129_209,129,209,12.2973657770981
2198,face,FACE_441_295,441,295,16.41884746357614
2199,face,FACE_392_439,392,439,3.9734102080918077
2200,face,FACE_91_182,91,182,15.209622785971488
2201,face,FACE_331_279,331,279,4.2564739346647515
2202,face,FACE_270_269,270,269,9.246436193496029
2203,face,FACE_329_355,329,355,10.949139640201667
2204,face,FACE_295_442,295,442,6.505544100483973
2205,face,FACE_241_242,241,242,1.9132591007390958
2206,face,FACE_301_293,301,293,19.875082513125683
2207,face,FACE_18_313,18,313,12.828586137130387
2208,face,FACE_93_227,93,227,22.832393656788152
2209,face,FACE_399_419,399,419,8.141408759299857
2210,face,FACE_419_248,419,248,9.088116655662335
2211,face,FACE_303_302,303,302,10.836222513340285
2212,face,FACE_274_275,274,275,9.171060946312874
2213,face,FACE_41_73,41,73,3.4652095648134114
2214,face,FACE_252_256,252,256,7.49409812219002
2215,face,FACE_37_39,37,39,12.030936093767247
2216,face,FACE_304_303,304,303,8.31117450081716
2217,face,FACE_156_139,156,139,8.801471846103025
2218,face,FACE_296_299,296,299,25.763136522046143
2219,face,FACE_351_6,351,6,9.179425570388863
2220,face,FACE_242_99,242,99,6.215703679706898
2221,face,FACE_188_128,188,128,5.153332410686897
2222,face,FACE_467_446,467,446,10.88263100633398
2223,face,FACE_371_329,371,329,10.711689955350966
2224,face,FACE_337_336,337,336,29.002555861946647
2225,face,FACE_402_316,402,316,9.085957186539517
2226,face,FACE_235_59,235,59,3.611929004542286
2227,face,FACE_67_103,67,103,23.52375122083524
2228,face,FACE_125_44,125,44,5.614160749075128
2229,face,FACE_56_173,56,173,8.634618083870855
2230,face,FACE_145_22,145,22,9.873575338073856
2231,face,FACE_464_413,464,413,8.223697267908493
2232,face,FACE_190_173,190,173,4.179165134178192
2233,face,FACE_267_393,267,393,11.130488528662156
2234,face,FACE_319_403,319,403,7.807169972485958
2235,face,FACE_72_37,72,37,5.390906173259597
2236,face,FACE_232_26,232,26,5.540322360373971
2237,face,FACE_292_306,292,306,2.3446379112933284
2238,face,FACE_403_402,403,402,2.821450191001938
2239,face,FACE_320_404,320,404,8.96482265103471
2240,face,FACE_360_440,360,440,9.195135437659959
2241,face,FACE_441_285,441,285,9.470817605022672
2242,face,FACE_368_301,368,301,16.12290542115818
2243,face,FACE_425_426,425,426,16.156468259838693
2244,face,FACE_2_94,2,94,2.189539487293249
2245,face,FACE_341_463,341,463,3.741121078848184
2246,face,FACE_208_199,208,199,18.42840961487808
2247,face,FACE_215_58,215,58,9.079015200508644
2248,face,FACE_407_408,407,408,2.9141439304348187
2249,face,FACE_101_36,101,36,13.464730174984838
2250,face,FACE_455_305,455,305,6.084892717497158
2251,face,FACE_400_369,400,369,8.58642009315246
2252,face,FACE_126_129,126,129,19.098310220688372
2253,face,FACE_233_112,233,112,5.515725736860661
2254,face,FACE_412_343,412,343,8.99759971072764
2255,face,FACE_458_459,458,459,5.5648020166655225
2256,face,FACE_63_46,63,46,12.394207901926347
2257,face,FACE_135_214,135,214,17.760877799108247
2258,face,FACE_421_428,421,428,12.136266999891392
2259,face,FACE_86_178,86,178,8.548345736872509
2260,face,FACE_449_346,449,346,20.244536471025107
2261,face,FACE_301_368,301,368,16.12290542115818
2262,face,FACE_137_116,137,116,24.547355059826895
2263,face,FACE_450_347,450,347,21.609188237804627
2264,face,FACE_237_239,237,239,1.381369476249894
2265,face,FACE_83_181,83,181,16.825983132194928
2266,face,FACE_170_149,170,149,10.711187510753676
2267,face,FACE_243_133,243,133,3.1224861588779187
2268,face,FACE_384_258,384,258,9.705521723102523
2269,face,FACE_370_94,370,94,3.5187381748226483
2270,face,FACE_208_32,208,32,17.006520304970664
2271,face,FACE_40_39,40,39,7.955778675785812
2272,face,FACE_155_26,155,26,5.366356528716979
2273,face,FACE_207_216,207,216,14.53870299609161
2274,face,FACE_213_147,213,147,17.072962190237796
2275,face,FACE_453_357,453,357,4.173720782594258
2276,face,FACE_11_12,11,12,3.1299953340041298
2277,face,FACE_71_63,71,63,16.49831537575023
2278,face,FACE_290_250,290,250,6.836211000020619
2279,face,FACE_128_188,128,188,5.153332410686897
2280,face,FACE_409_287,409,287,12.409008851705911
2281,face,FACE_268_311,268,311,7.72739467497783
2282,face,FACE_334_293,334,293,16.197161986476466
2283,face,FACE_440_274,440,274,11.968200062786465
2284,face,FACE_44_45,44,45,9.262821382692469
2285,face,FACE_98_165,98,165,13.696053856939727
2286,face,FACE_304_270,304,270,3.6066520932925097
2287,face,FACE_22_26,22,26,7.251719521947002
2288,face,FACE_455_439,455,439,1.9328225145337348
2289,face,FACE_74_73,74,73,7.112793631025618
2290,face,FACE_66_69,66,69,24.96444689826542
2291,face,FACE_31_111,31,111,12.245973401380427
2292,face,FACE_131_198,131,198,8.413534178713995
2293,face,FACE_184_61,184,61,5.6463172384737135
2294,face,FACE_28_222,28,222,3.4531136752337748
2295,face,FACE_410_287,410,287,9.889790951344352
2296,face,FACE_436_425,436,425,22.35563501167229
2297,face,FACE_409_408,409,408,3.0090102205501426
2298,face,FACE_223_52,223,52,8.51275498719005
2299,face,FACE_428_421,428,421,12.136266999891392
2300,face,FACE_376_411,376,411,13.531335080030956
2301,face,FACE_141_19,141,19,3.2562159455562454
2302,face,FACE_144_24,144,24,6.051988424165955
2303,face,FACE_123_50,123,50,21.06899980873004
2304,face,FACE_142_100,142,100,10.872694087352942
2305,face,FACE_442_441,442,441,14.36832543188279
2306,face,FACE_421_418,421,418,15.652277791212086
2307,face,FACE_448_255,448,255,9.752307555025453
2308,face,FACE_138_215,138,215,20.31214718651241
2309,face,FACE_443_442,443,442,12.34440045921968
2310,face,FACE_62_76,62,76,2.2584243912149313
2311,face,FACE_355_329,355,329,10.949139640201667
2312,face,FACE_375_307,375,307,2.8857299837131323
2313,face,FACE_227_143,227,143,21.877580002706868
2314,face,FACE_20_79,20,79,9.900471190315073
2315,face,FACE_39_92,39,92,15.9487750583945
2316,face,FACE_24_229,24,229,9.41120803124249
2317,face,FACE_250_392,250,392,14.782551423743758
2318,face,FACE_219_59,219,59,4.492518783722093
2319,face,FACE_36_203,36,203,13.474782413356554
2320,face,FACE_223_29,223,29,7.8921965560160645
2321,face,FACE_209_131,209,131,4.043959358662435
2322,face,FACE_328_460,328,460,11.064801839819687
2323,face,FACE_206_205,206,205,16.05391960852984
2324,face,FACE_347_330,347,330,17.824120569575605
2325,face,FACE_306_292,306,292,2.3446379112933284
2326,face,FACE_2_326,2,326,11.759079194038991
2327,face,FACE_184_74,184,74,5.916660274080501
2328,face,FACE_457_461,457,461,8.150372734859774
2329,face,FACE_228_229,228,229,9.721576288009642
2330,face,FACE_368_389,368,389,9.626875189628299
2331,face,FACE_239_238,239,238,5.652187097848079
2332,face,FACE_85_180,85,180,10.070060214661517
2333,face,FACE_137_227,137,227,20.6754631037494
2334,face,FACE_171_140,171,140,17.332708224071215
2335,face,FACE_210_211,210,211,16.482584865069807
2336,face,FACE_138_192,138,192,15.213192396336538
2337,face,FACE_77_96,77,96,2.537217868551122
2338,face,FACE_458_462,458,462,3.358020899420487
2339,face,FACE_344_440,344,440,7.525659081670362
2340,face,FACE_11_267,11,267,13.487719949188318
2341,face,FACE_242_20,242,20,2.386157952944669
2342,face,FACE_126_217,126,217,8.302987014329183
2343,face,FACE_243_244,243,244,5.164485321478077
2344,face,FACE_324_318,324,318,4.890404297896911
2345,face,FACE_211_32,211,32,15.721833133580029
2346,face,FACE_55_193,55,193,12.169215413673438
2347,face,FACE_395_378,395,378,10.760547534252867
2348,face,FACE_202_212,202,212,14.645744972889252
2349,face,FACE_360_420,360,420,8.189794940432835
2350,face,FACE_325_319,325,319,5.807579367162332
2351,face,FACE_457_438,457,438,6.727392438952866
2352,face,FACE_40_186,40,186,14.175264758916425
2353,face,FACE_276_283,276,283,11.39888862889883
2354,face,FACE_294_331,294,331,5.1461105477335884
2355,face,FACE_242_141,242,141,2.85791204166507
2356,face,FACE_187_205,187,205,21.559687145857875
2357,face,FACE_396_199,396,199,21.442433401859162
2358,face,FACE_268_13,268,13,10.85385509001704
2359,face,FACE_292_407,292,407,4.342443677690092
2360,face,FACE_298_301,298,301,16.998422479377975
2361,face,FACE_404_319,404,319,8.73221649279043
2362,face,FACE_9_55,9,55,19.38404063917255
2363,face,FACE_370_326,370,326,9.06506227238261
2364,face,FACE_68_104,68,104,16.997853298903635
2365,face,FACE_281_248,281,248,9.775775795979254
2366,face,FACE_230_23,230,23,7.740967780530163
2367,face,FACE_74_184,74,184,5.916660274080501
2368,face,FACE_320_325,320,325,5.779508285274332
2369,face,FACE_141_94,141,94,3.4555713488523536
2370,face,FACE_60_20,60,20,5.750427848498248
2371,face,FACE_97_167,97,167,7.184307921021801
2372,face,FACE_104_63,104,63,23.760177530253568
2373,face,FACE_283_443,283,443,18.038422228840524
2374,face,FACE_69_105,69,105,26.558181046556445
2375,face,FACE_300_383,300,383,12.28674403372783
2376,face,FACE_48_131,48,131,10.232596696193758
2377,face,FACE_401_435,401,435,20.703661889362024
2378,face,FACE_74_40,74,40,3.7946073771869657
2379,face,FACE_258_386,258,386,9.147239267689505
2380,face,FACE_86_14,86,14,10.897750727704159
2381,face,FACE_364_367,364,367,17.64002387109514
2382,face,FACE_432_422,432,422,14.633592538928857
2383,face,FACE_424_418,424,418,14.148969141451161
2384,face,FACE_177_132,177,132,4.156755921101468
2385,face,FACE_282_334,282,334,8.903602574559573
2386,face,FACE_329_266,329,266,20.5897586722734
2387,face,FACE_394_395,394,395,15.834211518279892
2388,face,FACE_372_264,372,264,10.871817094342543
2389,face,FACE_430_434,430,434,21.698390378905884
2390,face,FACE_117_123,117,123,25.363817410734136
2391,face,FACE_88_96,88,96,6.567304757094867
2392,face,FACE_180_179,180,179,4.115075450983517
2393,face,FACE_406_405,406,405,9.203818965445928
2394,face,FACE_45_134,45,134,10.829622669644204
2395,face,FACE_53_223,53,223,18.29120562512554
2396,face,FACE_91_106,91,106,8.052927926419132
2397,face,FACE_271_302,271,302,9.63553116984197
2398,face,FACE_283_276,283,276,11.39888862889883
2399,face,FACE_76_62,76,62,2.2584243912149313
2400,face,FACE_236_51,236,51,8.101183051997568
2401,face,FACE_96_77,96,77,2.537217868551122
2402,face,FACE_8_193,8,193,14.235228831573385
2403,face,FACE_247_246,247,246,5.702537008556531
2404,face,FACE_368_356,368,356,20.10862621815762
2405,face,FACE_100_47,100,47,10.264261907107388
2406,face,FACE_279_278,279,278,5.096693770532583
2407,face,FACE_452_349,452,349,12.772321281814774
2408,face,FACE_379_365,379,365,19.346123230141686
2409,face,FACE_38_72,38,72,3.7862502718695485
2410,face,FACE_399_343,399,343,7.258569373394857
2411,face,FACE_257_259,257,259,8.38989911982544
2412,face,FACE_377_175,377,175,19.948531288487644
2413,face,FACE_249_255,249,255,5.494249222116881
2414,face,FACE_354_457,354,457,10.792045413740087
2415,face,FACE_239_241,239,241,7.3558176867386225
2416,face,FACE_312_311,312,311,8.551157675346301
2417,face,FACE_150_169,150,169,11.855113903746162
2418,face,FACE_157_28,157,28,9.704504455409676
2419,face,FACE_182_201,182,201,18.07668422943441
2420,face,FACE_19_94,19,94,1.5935978549682057
2421,face,FACE_39_72,39,72,12.843422350353418
2422,face,FACE_4_51,4,51,13.818299727313251
2423,face,FACE_97_242,97,242,5.519206688916788
2424,face,FACE_290_328,290,328,2.5409158237900815
2425,face,FACE_336_295,336,295,19.374783392272978
2426,face,FACE_194_211,194,211,15.707394464943965
2427,face,FACE_293_333,293,333,24.92551598481906
2428,face,FACE_340_265,340,265,11.314254477741844
2429,face,FACE_25_110,25,110,5.447383141849656
2430,face,FACE_291_409,291,409,4.889923717857836
2431,face,FACE_445_467,445,467,6.206655692690789
2432,face,FACE_366_323,366,323,3.000956784952281
2433,face,FACE_46_53,46,53,10.600734347702454
2434,face,FACE_278_439,278,439,4.22807111759201
2435,face,FACE_65_66,65,66,8.379243095462064
2436,face,FACE_430_424,430,424,17.06719499231639
2437,face,FACE_68_71,68,71,16.094078553687666
2438,face,FACE_5_51,5,51,7.783501595799172
2439,face,FACE_30_224,30,224,6.612441684056841
2440,face,FACE_186_212,186,212,15.338529182206049
2441,face,FACE_138_172,138,172,10.649204685257462
2442,face,FACE_98_99,98,99,12.798803512892912
2443,face,FACE_85_16,85,16,11.395818924123894
2444,face,FACE_431_424,431,424,10.396031318196101
2445,face,FACE_244_189,244,189,8.403203018351292
2446,face,FACE_290_305,290,305,5.712811652916651
2447,face,FACE_454_264,454,264,21.07712727974464
2448,face,FACE_373_339,373,339,10.308211437590447
2449,face,FACE_240_75,240,75,3.443002047214112
2450,face,FACE_445_444,445,444,8.69926585521982
2451,face,FACE_112_155,112,155,3.5033733389687525
2452,face,FACE_392_438,392,438,3.631923864112974
2453,face,FACE_135_138,135,138,17.43763080639539
2454,face,FACE_216_212,216,212,17.614854711211258
2455,face,FACE_122_168,122,168,14.610240216728817
2456,face,FACE_26_231,26,231,10.294138803683147
2457,face,FACE_129_64,129,64,5.082550410868754
2458,face,FACE_446_265,446,265,10.176845821503257
2459,face,FACE_203_129,203,129,10.100372647565157
2460,face,FACE_143_227,143,227,21.877580002706868
2461,face,FACE_457_274,457,274,6.624027792975296
2462,face,FACE_220_218,220,218,6.844794343190486
2463,face,FACE_18_83,18,83,12.819810683020096
2464,face,FACE_357_452,357,452,7.869470530862205
2465,face,FACE_277_343,277,343,8.70391961090069
2466,face,FACE_270_304,270,304,3.6066520932925097
2467,face,FACE_261_255,261,255,10.407478022297775
2468,face,FACE_41_72,41,72,8.368234001765094
2469,face,FACE_393_2,393,2,15.285212799707397
2470,face,FACE_231_232,231,232,8.647616607398142
2471,face,FACE_16_15,16,15,4.936169549651548
2472,face,FACE_261_340,261,340,12.716172509773054
2473,face,FACE_448_346,448,346,12.887482088296982
2474,face,FACE_381_256,381,256,4.693192035680181
2475,face,FACE_467_445,467,445,6.206655692690789
2476,face,FACE_393_267,393,267,11.130488528662156
2477,face,FACE_17_16,17,16,5.490371778845369
2478,face,FACE_262_421,262,421,19.28520188814053
2479,face,FACE_296_334,296,334,18.900274577259864
2480,face,FACE_49_48,49,48,5.113611067244315
2481,face,FACE_297_299,297,299,22.94289667657172
2482,face,FACE_182_83,182,83,13.46886810605176
2483,face,FACE_227_234,227,234,0.7860515027930749
2484,face,FACE_201_182,201,182,18.07668422943441
2485,face,FACE_374_253,374,253,5.2561181298917035
2486,face,FACE_27_29,27,29,8.54248370944319
2487,face,FACE_403_316,403,316,9.689645697842808
2488,face,FACE_148_175,148,175,19.22212074852921
2489,face,FACE_213_192,213,192,14.579324375290506
2490,face,FACE_219_235,219,235,2.028570403354921
2491,face,FACE_63_104,63,104,23.760177530253568
2492,face,FACE_104_105,104,105,20.239992486709394
2493,face,FACE_256_382,256,382,5.27865906140297
2494,face,FACE_128_233,128,233,4.194644860848438
2495,face,FACE_302_269,302,269,13.479307062417538
2496,face,FACE_293_300,293,300,12.985546361069371
2497,face,FACE_59_219,59,219,4.492518783722093
2498,face,FACE_465_412,465,412,6.317729462534441
2499,face,FACE_423_266,423,266,13.397310243000435
2500,face,FACE_260_388,260,388,4.966841054203354
2501,face,FACE_307_320,307,320,6.70963958946716
2502,face,FACE_113_226,113,226,7.612666183787298
2503,face,FACE_51_134,51,134,7.831448644394623
2504,face,FACE_446_255,446,255,10.54263287670641
2505,face,FACE_47_100,47,100,10.264261907107388
2506,face,FACE_147_187,147,187,12.904289968265958
2507,face,FACE_460_455,460,455,3.307337970851498
2508,face,FACE_151_337,151,337,24.25515735193195
2509,face,FACE_165_92,165,92,9.51424643692787
2510,face,FACE_263_255,263,255,4.792057646577097
2511,face,FACE_182_181,182,181,8.85140033013726
2512,face,FACE_442_257,442,257,11.040906242889719
2513,face,FACE_389_251,389,251,18.77216614616231
2514,face,FACE_60_75,60,75,5.458011209677083
2515,face,FACE_57_186,57,186,9.37519346608539
2516,face,FACE_258_441,258,441,15.390383722780394
2517,face,FACE_413_464,413,464,8.223697267908493
2518,face,FACE_339_249,339,249,6.157153718936124
2519,face,FACE_131_220,131,220,8.040039844657985
2520,face,FACE_376_433,376,433,17.166544354390357
2521,face,FACE_235_48,235,48,6.041881363000143
2522,face,FACE_112_243,112,243,3.663699763239303
2523,face,FACE_312_268,312,268,1.207214282716064
2524,face,FACE_84_181,84,181,10.94333309967353
2525,face,FACE_238_239,238,239,5.652187097848079
2526,face,FACE_102_49,102,49,4.0380791067893185
2527,face,FACE_456_281,456,281,9.041399745611056
2528,face,FACE_40_74,40,74,3.7946073771869657
2529,face,FACE_352_340,352,340,28.24067065649148
2530,face,FACE_299_334,299,334,27.746537914914455
2531,face,FACE_31_25,31,25,10.225116967912523
2532,face,FACE_212_186,212,186,15.338529182206049
2533,face,FACE_271_272,271,272,7.330651200770207
2534,face,FACE_425_330,425,330,25.624226447985432
2535,face,FACE_51_3,51,3,9.871631031860824
2536,face,FACE_303_304,303,304,8.31117450081716
2537,face,FACE_314_313,314,313,10.004716664282142
2538,face,FACE_254_448,254,448,16.19169719628806
2539,face,FACE_360_429,360,429,5.04636728030278
2540,face,FACE_316_14,316,14,11.323331519335886
2541,face,FACE_180_90,180,90,8.414453387053044
2542,face,FACE_233_245,233,245,6.945626431626134
2543,face,FACE_295_336,295,336,19.374783392272978
2544,face,FACE_336_337,336,337,29.002555861946647
2545,face,FACE_101_205,101,205,25.06934144773908
2546,face,FACE_28_221,28,221,14.586851109679756
2547,face,FACE_315_314,315,314,5.742321651585146
2548,face,FACE_341_452,341,452,7.628603713177018
2549,face,FACE_67_69,67,69,22.106177982529882
2550,face,FACE_318_325,318,325,7.043464543290653
2551,face,FACE_144_23,144,23,9.77682350950169
2552,face,FACE_337_338,337,338,24.98038491169143
2553,face,FACE_348_347,348,347,17.981179152848732
2554,face,FACE_275_363,275,363,11.454438441130703
2555,face,FACE_147_177,147,177,9.080809839936162
2556,face,FACE_181_90,181,90,10.88850872986783
2557,face,FACE_366_401,366,401,21.993822359769084
2558,face,FACE_218_237,218,237,5.925003779609808
2559,face,FACE_63_71,63,71,16.49831537575023
2560,face,FACE_338_10,338,10,28.835784444109354
2561,face,FACE_402_403,402,403,2.821450191001938
2562,face,FACE_375_306,375,306,6.003764669340611
2563,face,FACE_72_39,72,39,12.843422350353418
2564,face,FACE_24_228,24,228,15.541064308605895
2565,face,FACE_292_308,292,308,1.29374449125776
2566,face,FACE_403_404,403,404,4.243783055527043
2567,face,FACE_61_146,61,146,6.8613404460859675
2568,face,FACE_369_262,369,262,10.710048085973208
2569,face,FACE_395_400,395,400,23.513247179337124
2570,face,FACE_165_203,165,203,17.572742267847165
2571,face,FACE_430_394,430,394,12.822211925154182
2572,face,FACE_75_166,75,166,3.591793648643938
2573,face,FACE_110_7,110,7,6.644202301049897
2574,face,FACE_281_5,281,5,8.088029843649668
2575,face,FACE_207_205,207,205,16.98161220890304
2576,face,FACE_112_233,112,233,5.515725736860661
2577,face,FACE_198_236,198,236,8.152972863783527
2578,face,FACE_227_34,227,34,20.147977958366496
2579,face,FACE_458_461,458,461,1.921082192891248
2580,face,FACE_129_142,129,142,12.098969990065289
2581,face,FACE_334_282,334,282,8.903602574559573
2582,face,FACE_201_18,201,18,17.940227844220658
2583,face,FACE_33_25,33,25,5.226112223108041
2584,face,FACE_166_60,166,60,8.707138524817505
2585,face,FACE_251_284,251,284,19.59386914770954
2586,face,FACE_226_111,226,111,16.87785561677206
2587,face,FACE_169_214,169,214,31.378769026277357
2588,face,FACE_325_318,325,318,7.043464543290653
2589,face,FACE_450_349,450,349,12.475292014100697
2590,face,FACE_40_185,40,185,6.028327324413176
2591,right_hand,RIGHT_HAND_3_4,3,4,22.85168597362532
2592,right_hand,RIGHT_HAND_0_5,0,5,33.08913027753551
2593,right_hand,RIGHT_HAND_17_18,17,18,33.63684954306771
2594,right_hand,RIGHT_HAND_0_17,0,17,63.97077398182981
2595,right_hand,RIGHT_HAND_13_14,13,14,44.13537167744913
2596,right_hand,RIGHT_HAND_13_17,13,17,11.382589065741673
2597,right_hand,RIGHT_HAND_18_19,18,19,27.91283325970753
2598,right_hand,RIGHT_HAND_5_6,5,6,37.13149371909152
2599,right_hand,RIGHT_HAND_5_9,5,9,32.490449013766614
2600,right_hand,RIGHT_HAND_14_15,14,15,38.085868316257624
2601,right_hand,RIGHT_HAND_0_1,0,1,35.28706440191279
2602,right_hand,RIGHT_HAND_9_10,9,10,43.49919967448345
2603,right_hand,RIGHT_HAND_1_2,1,2,32.67638489456132
2604,right_hand,RIGHT_HAND_9_13,9,13,20.36308453924437
2605,right_hand,RIGHT_HAND_10_11,10,11,40.163301459346194
2606,right_hand,RIGHT_HAND_19_20,19,20,21.82180118343462
2607,right_hand,RIGHT_HAND_6_7,6,7,35.95899016399584
2608,right_hand,RIGHT_HAND_15_16,15,16,25.935328410343004
2609,right_hand,RIGHT_HAND_2_3,2,3,29.71724164866679
2610,right_hand,RIGHT_HAND_11_12,11,12,28.603064023818085
2611,right_hand,RIGHT_HAND_7_8,7,8,29.081241126566606
