id,category,mediapipe_length_desc,from_landmark_index,to_landmark_index,pixel_length,length_m,ratio,alt_m,notes
0,pose,POSE_15_21,15,21,26.937578804477276
1,pose,POSE_16_20,16,20,31.187899777367914
2,pose,POSE_18_20,18,20,22.329642162310833
3,pose,POSE_3_7,3,7,18.924112947909343
4,pose,POSE_14_16,14,16,64.67282243089149
5,pose,POSE_23_25,23,25,172.37225071346595
6,pose,POSE_28_30,28,30,16.875805239013662
7,pose,POSE_11_23,11,23,235.55322094137776
8,pose,POSE_27_31,27,31,82.1295368858265
9,pose,POSE_6_8,6,8,10.34037435504075
10,pose,POSE_15_17,15,17,27.96451719949025
11,pose,POSE_24_26,24,26,182.091220545942
12,pose,POSE_16_22,16,22,17.980193016817843
13,pose,POSE_4_5,4,5,5.0801208649448295
14,pose,POSE_5_6,5,6,4.259822895395993
15,pose,POSE_29_31,29,31,87.03749604690516
16,pose,POSE_12_24,12,24,247.23463928659237
17,pose,POSE_23_24,23,24,83.72542341996302
18,pose,POSE_0_1,0,1,19.39006476082038
19,pose,POSE_9_10,9,10,16.731942023738547
20,pose,POSE_1_2,1,2,6.193406484117072
21,pose,POSE_0_4,0,4,13.777051671577853
22,pose,POSE_11_13,11,13,116.47392677840627
23,pose,POSE_30_32,30,32,51.609822810892545
24,pose,POSE_28_32,28,32,67.94565588877079
25,pose,POSE_15_19,15,19,28.3578404282663
26,pose,POSE_16_18,16,18,35.81138008519197
27,pose,POSE_25_27,25,27,77.48764949110189
28,pose,POSE_26_28,26,28,150.75659945090288
29,pose,POSE_12_14,12,14,94.40412203533454
30,pose,POSE_17_19,17,19,14.871158971616605
31,pose,POSE_2_3,2,3,6.904826758101853
32,pose,POSE_11_12,11,12,153.74265960103267
33,pose,POSE_27_29,27,29,18.562137075528792
34,pose,POSE_13_15,13,15,51.62385788491614
35,face,FACE_18_17,18,17,3.653211837307385
36,face,FACE_82_38,82,38,1.0307243469281198
37,face,FACE_8_9,8,9,3.8041212589606888
38,face,FACE_456_248,456,248,3.208387004070951
39,face,FACE_167_2,167,2,4.201889927656843
40,face,FACE_303_271,303,271,1.010310955453217
41,face,FACE_69_104,69,104,4.136192867934982
42,face,FACE_253_450,253,450,2.289200737801277
43,face,FACE_41_42,41,42,1.227880148579136
44,face,FACE_315_16,315,16,3.581788199953487
45,face,FACE_73_74,73,74,1.4270053473063655
46,face,FACE_339_373,339,373,3.813713338716364
47,face,FACE_258_385,258,385,2.5453792673467848
48,face,FACE_105_63,105,63,3.0372620936365706
49,face,FACE_219_48,219,48,1.0516987011675962
50,face,FACE_304_272,304,272,0.8731505275155544
51,face,FACE_236_217,236,217,0.3844894186815176
52,face,FACE_231_22,231,22,1.740198102875036
53,face,FACE_85_84,85,84,1.8500333512685079
54,face,FACE_365_367,365,367,9.359235623112635
55,face,FACE_237_218,237,218,0.6415329210351193
56,face,FACE_243_112,243,112,1.2962835472588528
57,face,FACE_436_427,436,427,5.299240341546573
58,face,FACE_409_410,409,410,3.1244928449127873
59,face,FACE_248_456,248,456,3.208387004070951
60,face,FACE_330_266,330,266,4.349329634967722
61,face,FACE_136_135,136,135,4.691937896993793
62,face,FACE_88_95,88,95,0.5387258751523014
63,face,FACE_394_430,394,430,5.269233553130012
64,face,FACE_107_108,107,108,7.206435139562855
65,face,FACE_118_117,118,117,1.857054500161872
66,face,FACE_439_438,439,438,3.3181774386988137
67,face,FACE_442_443,442,443,4.03747849298719
68,face,FACE_260_466,260,466,2.47233440942835
69,face,FACE_115_48,115,48,1.4794536544587156
70,face,FACE_342_276,342,276,3.507962811992564
71,face,FACE_121_128,121,128,2.3057810057070895
72,face,FACE_200_421,200,421,5.002497502115847
73,face,FACE_113_124,113,124,0.9356923143315136
74,face,FACE_132_137,132,137,9.535980553421144
75,face,FACE_23_230,23,230,2.3576283570305
76,face,FACE_343_357,343,357,1.8157842253586738
77,face,FACE_443_444,443,444,3.951701566770616
78,face,FACE_62_78,62,78,0.5383514177488128
79,face,FACE_26_155,26,155,1.8149763635346534
80,face,FACE_228_110,228,110,2.80393168445517
81,face,FACE_432_434,432,434,5.42953264987903
82,face,FACE_364_379,364,379,9.692508121956667
83,face,FACE_325_308,325,308,2.045674316888586
84,face,FACE_424_430,424,430,7.140325744134956
85,face,FACE_36_205,36,205,5.037906836618179
86,face,FACE_363_420,363,420,3.8651955083761536
87,face,FACE_21_162,21,162,5.793477687115725
88,face,FACE_328_462,328,462,3.497368273397508
89,face,FACE_419_351,419,351,3.102943225301501
90,face,FACE_366_345,366,345,10.751790675021642
91,face,FACE_193_8,193,8,4.430095469325758
92,face,FACE_363_456,363,456,2.5070601916280104
93,face,FACE_183_80,183,80,1.8443923854973678
94,face,FACE_307_375,307,375,1.0350787275809643
95,face,FACE_94_2,94,2,1.5501012266666592
96,face,FACE_333_284,333,284,12.251518021588605
97,face,FACE_17_313,17,313,5.9419128732285
98,face,FACE_185_40,185,40,1.4635812558352763
99,face,FACE_44_1,44,1,1.7972542312156952
100,face,FACE_291_287,291,287,3.092045190017842
101,face,FACE_411_352,411,352,9.893369653693432
102,face,FACE_20_238,20,238,1.0234754994294175
103,face,FACE_59_166,59,166,0.7040784756355539
104,face,FACE_272_310,272,310,0.10472836635856736
105,face,FACE_420_437,420,437,2.4363185142108796
106,face,FACE_387_260,387,260,3.3872048204463705
107,face,FACE_130_226,130,226,1.4152705073125997
108,face,FACE_51_45,51,45,3.5722082541974807
109,face,FACE_175_377,175,377,8.181391663474571
110,face,FACE_202_214,202,214,4.448829621634405
111,face,FACE_353_383,353,383,3.710783346063359
112,face,FACE_339_448,339,448,3.2694884348063673
113,face,FACE_291_408,291,408,2.582213870036497
114,face,FACE_466_260,466,260,2.47233440942835
115,face,FACE_264_454,264,454,9.759290798016009
116,face,FACE_457_440,457,440,2.3498910068092713
117,face,FACE_355_429,355,429,2.100937603743909
118,face,FACE_96_89,96,89,0.7190539729885324
119,face,FACE_128_121,128,121,2.3057810057070895
120,face,FACE_187_207,187,207,2.4460060934465186
121,face,FACE_360_278,360,278,3.72434519836941
122,face,FACE_306_307,306,307,2.1105750775572707
123,face,FACE_446_467,446,467,4.363618021466826
124,face,FACE_165_39,165,39,3.9861058766304174
125,face,FACE_337_151,337,151,7.210504208762391
126,face,FACE_168_193,168,193,2.438876224094686
127,face,FACE_73_41,73,41,1.3940732059543508
128,face,FACE_318_403,318,403,3.065345218268292
129,face,FACE_263_467,263,467,1.828040519142571
130,face,FACE_283_445,283,445,3.5537503853400567
131,face,FACE_74_42,74,42,1.2235941061199749
132,face,FACE_201_83,201,83,3.5391204116758037
133,face,FACE_65_222,65,222,2.7657951103583724
134,face,FACE_37_11,37,11,3.592362945361168
135,face,FACE_429_355,429,355,2.100937603743909
136,face,FACE_272_408,272,408,3.6385576000276987
137,face,FACE_179_180,179,180,1.2886251013555574
138,face,FACE_100_36,100,36,6.399746778842814
139,face,FACE_158_157,158,157,2.0233300222599997
140,face,FACE_438_440,438,440,3.232636287510701
141,face,FACE_358_331,358,331,1.272441773124153
142,face,FACE_281_456,281,456,4.1312224903398125
143,face,FACE_136_138,136,138,8.488469389540647
144,face,FACE_314_404,314,404,4.401672684468431
145,face,FACE_417_8,417,8,5.228115597094231
146,face,FACE_34_127,34,127,2.915806289454981
147,face,FACE_367_416,367,416,7.158646420936916
148,face,FACE_180_181,180,181,1.6666812938524114
149,face,FACE_426_322,426,322,4.8349416479224345
150,face,FACE_419_197,419,197,2.700489485893049
151,face,FACE_457_309,457,309,2.551627015438498
152,face,FACE_215_138,215,138,5.309904488829585
153,face,FACE_242_241,242,241,1.4426213082877408
154,face,FACE_33_247,33,247,1.6196988015876375
155,face,FACE_53_225,53,225,3.4408917061390385
156,face,FACE_126_209,126,209,2.1508673494595
157,face,FACE_467_359,467,359,1.8649736478609804
158,face,FACE_224_223,224,223,2.496697860983568
159,face,FACE_271_304,271,304,3.584068583290926
160,face,FACE_97_2,97,2,3.026207250454262
161,face,FACE_183_191,183,191,1.0209628498035774
162,face,FACE_202_204,202,204,3.6333380933925046
163,face,FACE_95_78,95,78,0.7339950082259319
164,face,FACE_246_247,246,247,1.3626180884258385
165,face,FACE_177_147,177,147,2.9738137729817367
166,face,FACE_357_343,357,343,1.8157842253586738
167,face,FACE_65_55,65,55,5.409718086448571
168,face,FACE_116_137,116,137,7.887552014730816
169,face,FACE_135_150,135,150,8.38903290811139
170,face,FACE_382_256,382,256,1.5657722884436671
171,face,FACE_199_171,199,171,5.480294982507044
172,face,FACE_298_293,298,293,5.996666560189813
173,face,FACE_16_315,16,315,3.581788199953487
174,face,FACE_204_106,204,106,3.0011659354709774
175,face,FACE_149_170,149,170,3.99614701913402
176,face,FACE_150_135,150,135,8.38903290811139
177,face,FACE_403_315,403,315,4.03392335335765
178,face,FACE_61_57,61,57,2.4127244214435177
179,face,FACE_205_187,205,187,4.684004063246596
180,face,FACE_44_4,44,4,3.666639154440151
181,face,FACE_358_429,358,429,4.439877821792865
182,face,FACE_277_355,277,355,2.762594774033657
183,face,FACE_438_309,438,309,0.9347925873840225
184,face,FACE_42_80,42,80,1.0021394517808169
185,face,FACE_236_174,236,174,2.566324749618261
186,face,FACE_128_232,128,232,1.089285973331671
187,face,FACE_302_268,302,268,1.3908220592923954
188,face,FACE_313_314,313,314,3.8957046435742817
189,face,FACE_240_64,240,64,1.9744615597137773
190,face,FACE_291_375,291,375,2.2237766396364895
191,face,FACE_260_387,260,387,3.3872048204463705
192,face,FACE_113_225,113,225,2.3120680360943453
193,face,FACE_107_65,107,65,4.6175278555852985
194,face,FACE_247_225,247,225,2.3899853465181913
195,face,FACE_346_347,346,347,5.05625440301587
196,face,FACE_44_125,44,125,2.3443076714788385
197,face,FACE_378_379,378,379,6.454770686665705
198,face,FACE_466_263,466,263,1.2989273032724045
199,face,FACE_250_459,250,459,1.8428255102019424
200,face,FACE_50_205,50,205,3.876132958759982
201,face,FACE_111_35,111,35,3.942181744384483
202,face,FACE_76_77,76,77,0.7433809556937886
203,face,FACE_122_193,122,193,3.301244386764456
204,face,FACE_209_198,209,198,2.058721808987657
205,face,FACE_201_194,201,194,3.207511527068517
206,face,FACE_408_407,408,407,0.6581866202893139
207,face,FACE_285_336,285,336,3.9471273782636023
208,face,FACE_2_393,2,393,5.081155781748901
209,face,FACE_243_190,243,190,1.8087895019556854
210,face,FACE_336_9,336,9,6.060271979400515
211,face,FACE_234_227,234,227,4.495259145953373
212,face,FACE_293_276,293,276,4.473064772631119
213,face,FACE_221_28,221,28,3.3383312804258813
214,face,FACE_57_185,57,185,2.704184084359603
215,face,FACE_217_174,217,174,2.369725474810204
216,face,FACE_131_134,131,134,2.3299324373425923
217,face,FACE_344_278,344,278,3.372020632681817
218,face,FACE_343_399,343,399,3.820842660182049
219,face,FACE_28_158,28,158,2.2083122512657276
220,face,FACE_128_245,128,245,2.67315794833486
221,face,FACE_463_464,463,464,2.076337047409603
222,face,FACE_443_257,443,257,1.493802332216758
223,face,FACE_394_364,394,364,6.986815728515522
224,face,FACE_164_167,164,167,3.4231603951754637
225,face,FACE_10_109,10,109,7.003011338185924
226,face,FACE_196_236,196,236,4.6190640196250135
227,face,FACE_429_358,429,358,4.439877821792865
228,face,FACE_174_217,174,217,2.369725474810204
229,face,FACE_452_341,452,341,2.3589395884814937
230,face,FACE_2_370,2,370,1.2013724945920279
231,face,FACE_84_180,84,180,3.0326816688629186
232,face,FACE_320_307,320,307,2.6494450384229387
233,face,FACE_0_37,0,37,2.9765525631453227
234,face,FACE_250_328,250,328,2.8670285907424717
235,face,FACE_101_119,101,119,3.2755287945866334
236,face,FACE_41_74,41,74,2.0959896989435918
237,face,FACE_399_456,399,456,2.563885236841554
238,face,FACE_13_12,13,12,0.8280412749569428
239,face,FACE_218_115,218,115,1.3329685372975586
240,face,FACE_343_412,343,412,3.314524064073392
241,face,FACE_16_17,16,17,1.847592595057135
242,face,FACE_55_8,55,8,4.380494240829209
243,face,FACE_107_55,107,55,3.86790906948918
244,face,FACE_153_22,153,22,1.562952103291886
245,face,FACE_440_344,440,344,3.6106921549220186
246,face,FACE_393_269,393,269,6.398849445767501
247,face,FACE_364_434,364,434,7.9092514463092325
248,face,FACE_38_41,38,41,1.6969639514427863
249,face,FACE_296_336,296,336,6.683154878744732
250,face,FACE_68_63,68,63,2.641962063044577
251,face,FACE_402_317,402,317,3.241767752206902
252,face,FACE_456_437,456,437,3.838834469268511
253,face,FACE_253_374,253,374,1.681940238363186
254,face,FACE_254_339,254,339,2.930402781420396
255,face,FACE_67_104,67,104,8.167797581881644
256,face,FACE_392_309,392,309,2.7997567193677955
257,face,FACE_145_23,145,23,1.6355994321082412
258,face,FACE_63_70,63,70,3.20124626205462
259,face,FACE_403_318,403,318,3.065345218268292
260,face,FACE_127_234,127,234,6.618215536072124
261,face,FACE_415_292,415,292,2.245402484977334
262,face,FACE_54_21,54,21,5.719525670425616
263,face,FACE_168_6,168,6,3.2209789490066774
264,face,FACE_72_38,72,38,1.54443120702388
265,face,FACE_204_194,204,194,3.118079884660949
266,face,FACE_83_84,83,84,3.661433806524417
267,face,FACE_282_293,282,293,7.5230141277218525
268,face,FACE_302_271,302,271,4.108635678067817
269,face,FACE_120_231,120,231,2.0385485935992245
270,face,FACE_434_427,434,427,9.977935636319312
271,face,FACE_320_405,320,405,4.035176208707933
272,face,FACE_426_423,426,423,4.272605995153788
273,face,FACE_441_286,441,286,2.757279163015211
274,face,FACE_145_144,145,144,1.9164072563344918
275,face,FACE_341_464,341,464,2.9663066245330167
276,face,FACE_208_200,208,200,6.002397657985529
277,face,FACE_250_462,250,462,0.9086361294784622
278,face,FACE_112_232,112,232,2.5007586200014855
279,face,FACE_258_286,258,286,2.5556244285184517
280,face,FACE_418_424,418,424,5.222461601442296
281,face,FACE_160_159,160,159,2.0225219588009686
282,face,FACE_286_384,286,384,2.352778373886606
283,face,FACE_421_200,421,200,5.002497502115847
284,face,FACE_274_1,274,1,2.521280718728773
285,face,FACE_200_201,200,201,3.72164726667335
286,face,FACE_166_59,166,59,0.7040784756355539
287,face,FACE_111_123,111,123,8.73724208977601
288,face,FACE_211_210,211,210,3.8802639436844397
289,face,FACE_330_347,330,347,6.63269227921371
290,face,FACE_422_430,422,430,4.810258316796257
291,face,FACE_214_135,214,135,5.929689363617719
292,face,FACE_280_346,280,346,7.816879092105679
293,face,FACE_107_9,107,9,5.328411809295912
294,face,FACE_265_446,265,446,3.852646559038867
295,face,FACE_244_243,244,243,0.87768089796317
296,face,FACE_417_351,417,351,4.021856224739064
297,face,FACE_110_163,110,163,1.8057738738982552
298,face,FACE_450_348,450,348,2.5606181021920333
299,face,FACE_396_377,396,377,3.2710478491667114
300,face,FACE_245_244,245,244,0.2919664064058777
301,face,FACE_83_182,83,182,3.0350754184697535
302,face,FACE_8_417,8,417,5.228115597094231
303,face,FACE_451_349,451,349,2.118010669382038
304,face,FACE_203_98,203,98,2.1748162634045847
305,face,FACE_376_435,376,435,10.542022838007345
306,face,FACE_101_50,101,50,6.117398500918666
307,face,FACE_345_447,345,447,7.017784838836865
308,face,FACE_412_357,412,357,3.3786444714691846
309,face,FACE_238_241,238,241,0.17704692729706725
310,face,FACE_90_77,90,77,0.8373283953567159
311,face,FACE_369_395,369,395,6.600369017535493
312,face,FACE_276_353,276,353,4.138749586265578
313,face,FACE_253_449,253,449,5.150974977895134
314,face,FACE_359_467,359,467,1.8649736478609804
315,face,FACE_279_358,279,358,3.0034418485763914
316,face,FACE_315_15,315,15,3.6190899878450926
317,face,FACE_433_416,433,416,5.448459543496587
318,face,FACE_299_336,299,336,12.02548522752421
319,face,FACE_46_156,46,156,3.23542289391982
320,face,FACE_167_37,167,37,3.843041767050696
321,face,FACE_460_290,460,290,3.5625895118699438
322,face,FACE_311_310,311,310,3.0216213187949132
323,face,FACE_410_432,410,432,6.881948571374246
324,face,FACE_357_277,357,277,3.887112688072605
325,face,FACE_35_226,35,226,1.5548922441369826
326,face,FACE_304_271,304,271,3.584068583290926
327,face,FACE_189_55,189,55,4.628642286123631
328,face,FACE_314_315,314,315,1.904498412181284
329,face,FACE_108_67,108,67,5.984683376501797
330,face,FACE_1_4,1,4,3.1072202976747114
331,face,FACE_4_275,4,275,2.8104989052505807
332,face,FACE_205_36,205,36,5.037906836618179
333,face,FACE_156_143,156,143,5.0111125666141625
334,face,FACE_436_426,436,426,5.21387981959367
335,face,FACE_223_53,223,53,3.8540066025113404
336,face,FACE_461_370,461,370,1.0272190655973121
337,face,FACE_23_144,23,144,2.7011499216287396
338,face,FACE_29_224,29,224,1.8110981525496783
339,face,FACE_244_112,244,112,1.607142124742362
340,face,FACE_348_349,348,349,4.164299973616229
341,face,FACE_340_345,340,345,5.436592433077007
342,face,FACE_122_6,122,6,2.1931274229019393
343,face,FACE_401_361,401,361,5.160349080596053
344,face,FACE_228_24,228,24,3.539586391553429
345,face,FACE_252_381,252,381,2.49065740573411
346,face,FACE_37_164,37,164,5.346664875130989
347,face,FACE_192_187,192,187,7.872255416496541
348,face,FACE_177_58,177,58,10.33700020866559
349,face,FACE_410_409,410,409,3.1244928449127873
350,face,FACE_316_402,316,402,3.5644456642081
351,face,FACE_381_382,381,382,1.248817534728764
352,face,FACE_429_279,429,279,1.9198914995548302
353,face,FACE_140_176,140,176,3.400133138111119
354,face,FACE_26_154,26,154,1.2744575785978878
355,face,FACE_434_394,434,394,10.79722575437415
356,face,FACE_52_63,52,63,2.874201903385883
357,face,FACE_79_166,79,166,0.8564542682023037
358,face,FACE_72_41,72,41,1.9835646274239465
359,face,FACE_71_162,71,162,4.771320185537385
360,face,FACE_244_233,244,233,2.037278702536139
361,face,FACE_222_65,222,65,2.7657951103583724
362,face,FACE_214_210,214,210,5.836235258817845
363,face,FACE_354_370,354,370,1.205583764090634
364,face,FACE_140_32,140,32,3.6205196868073535
365,face,FACE_30_160,30,160,2.1649056579626027
366,face,FACE_212_57,212,57,2.0436146619409037
367,face,FACE_444_443,444,443,3.951701566770616
368,face,FACE_7_33,7,33,0.6750817929757754
369,face,FACE_301_251,301,251,6.144781896503959
370,face,FACE_213_138,213,138,8.690958675700177
371,face,FACE_170_176,170,176,6.688349639556552
372,face,FACE_17_83,17,83,4.100703156489469
373,face,FACE_268_302,268,302,1.3908220592923954
374,face,FACE_32_211,32,211,3.3972349411923295
375,face,FACE_331_358,331,358,1.272441773124153
376,face,FACE_186_40,186,40,2.928096470322341
377,face,FACE_105_52,105,52,2.2266561569200185
378,face,FACE_457_354,457,354,3.4654259279393362
379,face,FACE_395_379,395,379,6.854557871975447
380,face,FACE_375_321,375,321,3.0690221922971737
381,face,FACE_325_320,325,320,2.2112223288139226
382,face,FACE_317_316,317,316,0.9403606848982936
383,face,FACE_274_354,274,354,1.8200926846619805
384,face,FACE_96_88,96,88,1.2357221854367286
385,face,FACE_15_14,15,14,1.184261674342628
386,face,FACE_467_260,467,260,2.4973662981163938
387,face,FACE_232_128,232,128,1.089285973331671
388,face,FACE_404_320,404,320,3.5491536401310264
389,face,FACE_350_349,350,349,3.350287387891241
390,face,FACE_342_265,342,265,6.1650670426638
391,face,FACE_74_185,74,185,1.5197806165058017
392,face,FACE_314_17,314,17,3.748679707599954
393,face,FACE_146_61,146,61,1.1763010156594378
394,face,FACE_247_113,247,113,0.7810355001848565
395,face,FACE_405_321,405,321,3.9365778271137755
396,face,FACE_256_341,256,341,1.6579656561081457
397,face,FACE_283_444,283,444,2.783689051371193
398,face,FACE_409_291,409,291,2.0739627262710436
399,face,FACE_74_41,74,41,2.0959896989435918
400,face,FACE_78_191,78,191,1.0641307203417598
401,face,FACE_245_188,245,188,1.9692756489776757
402,face,FACE_103_104,103,104,3.546308275578013
403,face,FACE_19_370,19,370,2.438098885298557
404,face,FACE_19_141,19,141,0.8695708237092424
405,face,FACE_280_411,280,411,8.427513291779073
406,face,FACE_220_131,220,131,0.6486204571770042
407,face,FACE_85_86,85,86,1.5564400676256636
408,face,FACE_372_265,372,265,4.10757218056017
409,face,FACE_237_220,237,220,2.1330297054759564
410,face,FACE_204_43,204,43,4.550084846135433
411,face,FACE_118_119,118,119,4.001940188668305
412,face,FACE_210_202,210,202,2.9705560859777105
413,face,FACE_290_460,290,460,3.5625895118699438
414,face,FACE_450_449,450,449,4.200959407813222
415,face,FACE_83_18,83,18,3.1468004765497883
416,face,FACE_197_3,197,3,4.464737232633175
417,face,FACE_315_404,315,404,3.8484622251738627
418,face,FACE_461_458,461,458,0.9691457424881516
419,face,FACE_169_170,169,170,3.291613489170703
420,face,FACE_246_161,246,161,0.7737199509866328
421,face,FACE_32_201,32,201,4.409723491430219
422,face,FACE_236_196,236,196,4.6190640196250135
423,face,FACE_409_304,409,304,3.914118223334275
424,face,FACE_295_282,295,282,5.979001026598102
425,face,FACE_395_369,395,369,6.600369017535493
426,face,FACE_181_180,181,180,1.6666812938524114
427,face,FACE_353_372,353,372,7.379784828762999
428,face,FACE_139_34,139,34,5.8450295491310555
429,face,FACE_432_436,432,436,6.527230523519687
430,face,FACE_370_461,370,461,1.0272190655973121
431,face,FACE_184_42,184,42,1.7000759054467864
432,face,FACE_96_78,96,78,0.423012807538084
433,face,FACE_113_247,113,247,0.7810355001848565
434,face,FACE_326_391,326,391,8.239816926362158
435,face,FACE_147_123,147,123,6.026789461699974
436,face,FACE_126_100,126,100,1.529538963461292
437,face,FACE_205_101,205,101,7.730515009725719
438,face,FACE_452_350,452,350,1.8575218570527374
439,face,FACE_71_21,71,21,1.6260270294978398
440,face,FACE_16_85,16,85,2.686664051538661
441,face,FACE_297_333,297,333,8.57196660907564
442,face,FACE_136_150,136,150,3.7031481058737348
443,face,FACE_260_445,260,445,2.1462464806909276
444,face,FACE_34_139,34,139,5.8450295491310555
445,face,FACE_46_113,46,113,3.558358579713094
446,face,FACE_17_315,17,315,4.062736493733221
447,face,FACE_104_54,104,54,1.8898654546423455
448,face,FACE_383_372,383,372,5.494242336419208
449,face,FACE_417_285,417,285,4.370233136348099
450,face,FACE_150_170,150,170,1.360910492212871
451,face,FACE_20_60,20,60,0.8588948389537524
452,face,FACE_39_73,39,73,1.6663572766180526
453,face,FACE_45_4,45,4,2.1448742532178313
454,face,FACE_438_344,438,344,1.7526808335355384
455,face,FACE_37_0,37,0,2.9765525631453227
456,face,FACE_177_123,177,123,8.665845914559984
457,face,FACE_336_296,336,296,6.683154878744732
458,face,FACE_102_129,102,129,0.7815354676238617
459,face,FACE_134_198,134,198,0.8140125088125294
460,face,FACE_175_199,175,199,3.8003333195191837
461,face,FACE_302_303,302,303,4.064566184234359
462,face,FACE_293_334,293,334,6.360897040173218
463,face,FACE_87_86,87,86,1.0771751556647466
464,face,FACE_99_240,99,240,2.122186975395988
465,face,FACE_240_99,240,99,2.122186975395988
466,face,FACE_364_394,364,394,6.986815728515522
467,face,FACE_64_102,64,102,1.41561338986062
468,face,FACE_256_452,256,452,1.7740753766647464
469,face,FACE_337_297,337,297,12.54495670842989
470,face,FACE_383_264,383,264,10.069236646340666
471,face,FACE_141_242,141,242,0.6982545912853064
472,face,FACE_188_174,188,174,2.9057773189784006
473,face,FACE_120_119,120,119,3.4237607838744055
474,face,FACE_207_187,207,187,2.4460060934465186
475,face,FACE_467_263,467,263,1.828040519142571
476,face,FACE_30_225,30,225,1.5849655394459792
477,face,FACE_131_48,131,48,3.3354684244430275
478,face,FACE_425_266,425,266,6.28879683262259
479,face,FACE_121_120,121,120,2.750125707078314
480,face,FACE_85_17,85,17,3.4767333673870255
481,face,FACE_28_157,28,157,3.473027778084883
482,face,FACE_337_9,337,9,11.75347535261156
483,face,FACE_342_353,342,353,3.300944166997089
484,face,FACE_154_153,154,153,1.9411209842987602
485,face,FACE_361_366,361,366,10.302529315340108
486,face,FACE_227_137,227,137,6.302949755226289
487,face,FACE_52_105,52,105,2.2266561569200185
488,face,FACE_118_50,118,50,6.434246421759087
489,face,FACE_217_209,217,209,4.678055578813173
490,face,FACE_424_422,424,422,5.0952061199635335
491,face,FACE_249_390,249,390,1.6211757047356166
492,face,FACE_196_6,196,6,4.897897322915331
493,face,FACE_26_232,26,232,1.4380141265391964
494,face,FACE_287_273,287,273,3.9753680071627837
495,face,FACE_210_169,210,169,4.022657711216593
496,face,FACE_350_329,350,329,4.357677902771391
497,face,FACE_62_191,62,191,1.5703503139355424
498,face,FACE_276_300,276,300,3.319041781866131
499,face,FACE_248_281,248,281,2.8890297539927148
500,face,FACE_368_383,368,383,5.713469703528321
501,face,FACE_427_432,427,432,8.637748097039646
502,face,FACE_453_341,453,341,1.9047664023624966
503,face,FACE_372_353,372,353,7.379784828762999
504,face,FACE_357_453,357,453,1.7169102926832647
505,face,FACE_101_118,101,118,3.4106482717276987
506,face,FACE_321_307,321,307,2.7383961033558766
507,face,FACE_407_310,407,310,3.040354546892559
508,face,FACE_266_371,266,371,4.101448566929115
509,face,FACE_420_429,420,429,3.2601744956820164
510,face,FACE_306_407,306,407,2.4238502484939994
511,face,FACE_253_252,253,252,2.7801273849418613
512,face,FACE_224_225,224,225,1.896266788110315
513,face,FACE_112_133,112,133,1.0851904694883512
514,face,FACE_356_264,356,264,5.5217775462085905
515,face,FACE_370_19,370,19,2.438098885298557
516,face,FACE_254_253,254,253,2.98151083627779
517,face,FACE_219_115,219,115,2.330952277436266
518,face,FACE_225_46,225,46,1.5813656317230984
519,face,FACE_124_143,124,143,4.8976593337828
520,face,FACE_289_439,289,439,1.1417399837343731
521,face,FACE_13_312,13,312,3.116231445156377
522,face,FACE_253_373,253,373,2.995981753337487
523,face,FACE_154_22,154,22,2.5529604794372003
524,face,FACE_319_318,319,318,0.4027899708094105
525,face,FACE_363_281,363,281,3.4293797229794767
526,face,FACE_169_150,169,150,4.466680406059374
527,face,FACE_355_277,355,277,2.762594774033657
528,face,FACE_354_461,354,461,1.1445022859637797
529,face,FACE_267_164,267,164,5.430059140202828
530,face,FACE_320_319,320,319,0.9407259423298112
531,face,FACE_39_40,39,40,1.9092218295482484
532,face,FACE_277_357,277,357,3.887112688072605
533,face,FACE_63_105,63,105,3.0372620936365706
534,face,FACE_189_244,189,244,2.8462985986654608
535,face,FACE_34_227,34,227,6.256023245253573
536,face,FACE_120_230,120,230,2.550532091170552
537,face,FACE_293_301,293,301,10.434471828248086
538,face,FACE_60_99,60,99,0.7360297490023521
539,face,FACE_72_73,72,73,2.0859804712227765
540,face,FACE_283_293,283,293,2.982123089181849
541,face,FACE_307_321,307,321,2.7383961033558766
542,face,FACE_321_405,321,405,3.9365778271137755
543,face,FACE_93_132,93,132,7.075754517984278
544,face,FACE_183_62,183,62,0.6058879319126536
545,face,FACE_408_409,408,409,0.9317223158083299
546,face,FACE_151_338,151,338,12.428901519401185
547,face,FACE_186_216,186,216,2.792682961406354
548,face,FACE_151_109,151,109,8.007856195185385
549,face,FACE_245_122,245,122,0.38102733207015427
550,face,FACE_189_221,189,221,2.8942447944684875
551,face,FACE_335_424,335,424,4.21571573430881
552,face,FACE_442_258,442,258,1.5915970510630189
553,face,FACE_441_442,441,442,4.459599826964971
554,face,FACE_114_47,114,47,2.487885295849048
555,face,FACE_173_133,173,133,0.9011956930188064
556,face,FACE_452_451,452,451,2.858125069723867
557,face,FACE_106_43,106,43,2.3096853322873354
558,face,FACE_305_289,305,289,0.7885764330708022
559,face,FACE_362_414,362,414,1.9772579001802995
560,face,FACE_443_259,443,259,3.5728562949778175
561,face,FACE_294_279,294,279,2.887094245433081
562,face,FACE_258_442,258,442,1.5915970510630189
563,face,FACE_57_43,57,43,3.253837304261386
564,face,FACE_256_252,256,252,2.351510312521085
565,face,FACE_259_443,259,443,3.5728562949778175
566,face,FACE_46_70,46,70,0.9703645013663966
567,face,FACE_420_360,420,360,2.13182453157256
568,face,FACE_126_142,126,142,2.9094510294486824
569,face,FACE_371_355,371,355,3.7181749030646323
570,face,FACE_112_244,112,244,1.607142124742362
571,face,FACE_431_369,431,369,7.924177907818749
572,face,FACE_47_114,47,114,2.487885295849048
573,face,FACE_100_126,100,126,1.529538963461292
574,face,FACE_12_13,12,13,0.8280412749569428
575,face,FACE_91_77,91,77,1.6063472469403468
576,face,FACE_23_22,23,22,2.314359063981273
577,face,FACE_51_4,51,4,3.2064483287930776
578,face,FACE_48_115,48,115,1.4794536544587156
579,face,FACE_254_449,254,449,2.8771515887129175
580,face,FACE_160_27,160,27,2.9413845512048153
581,face,FACE_353_342,353,342,3.300944166997089
582,face,FACE_434_416,434,416,6.383616281556333
583,face,FACE_266_423,266,423,4.233395488209599
584,face,FACE_4_274,4,274,4.010216121172529
585,face,FACE_316_15,316,15,3.3463569136695557
586,face,FACE_4_45,4,45,2.1448742532178313
587,face,FACE_24_23,24,23,2.040690590509436
588,face,FACE_80_183,80,183,1.8443923854973678
589,face,FACE_341_453,341,453,1.9047664023624966
590,face,FACE_109_67,109,67,5.2893452559194705
591,face,FACE_174_196,174,196,2.0545391950010927
592,face,FACE_66_105,66,105,3.590873950521944
593,face,FACE_89_88,89,88,0.6312978035707084
594,face,FACE_29_223,29,223,2.3555436985218514
595,face,FACE_164_2,164,2,2.262202385530182
596,face,FACE_462_370,462,370,1.0874355529280193
597,face,FACE_328_290,328,290,0.9066382050415426
598,face,FACE_400_395,400,395,8.085675320428049
599,face,FACE_181_91,181,91,1.7873447694130324
600,face,FACE_252_380,252,380,1.6586480256421
601,face,FACE_24_144,24,144,1.8252143132840226
602,face,FACE_313_18,313,18,3.9738473172300903
603,face,FACE_354_19,354,19,1.470528834011376
604,face,FACE_185_61,185,61,1.3086742540531622
605,face,FACE_90_89,90,89,1.0471056841850663
606,face,FACE_116_227,116,227,1.9535231891581077
607,face,FACE_168_417,168,417,3.974158012755694
608,face,FACE_329_371,329,371,3.3657229064330965
609,face,FACE_156_34,156,34,5.755388314291747
610,face,FACE_450_252,450,252,4.005427409400781
611,face,FACE_8_285,8,285,5.421450712932308
612,face,FACE_164_267,164,267,5.430059140202828
613,face,FACE_168_8,168,8,3.033682005480728
614,face,FACE_153_145,153,145,2.0406826365261566
615,face,FACE_361_323,361,323,7.943281836423607
616,face,FACE_285_413,285,413,4.7556780756376
617,face,FACE_346_280,346,280,7.816879092105679
618,face,FACE_117_228,117,228,3.7399659250632293
619,face,FACE_130_247,130,247,1.7581556506602225
620,face,FACE_140_211,140,211,6.604273074276093
621,face,FACE_426_425,426,425,5.286837291695582
622,face,FACE_53_63,53,63,1.6828774893744702
623,face,FACE_245_233,245,233,1.7453264425412751
624,face,FACE_2_97,2,97,3.026207250454262
625,face,FACE_216_206,216,206,4.434253904282033
626,face,FACE_195_3,195,3,1.9574127122187832
627,face,FACE_459_458,459,458,1.8316763004460461
628,face,FACE_178_179,178,179,0.8861770270132896
629,face,FACE_276_342,276,342,3.507962811992564
630,face,FACE_235_75,235,75,1.640771987170422
631,face,FACE_399_412,399,412,2.8785133395655365
632,face,FACE_185_74,185,74,1.5197806165058017
633,face,FACE_170_211,170,211,3.613943325355228
634,face,FACE_465_357,465,357,2.883258187142914
635,face,FACE_222_221,222,221,3.932526213164292
636,face,FACE_75_59,75,59,0.9496978524724998
637,face,FACE_229_117,229,117,4.528927461756247
638,face,FACE_422_432,422,432,4.8129061307945555
639,face,FACE_327_423,327,423,5.163332643085962
640,face,FACE_275_4,275,4,2.8104989052505807
641,face,FACE_12_268,12,268,3.36669388747134
642,face,FACE_267_0,267,0,3.7950849969621125
643,face,FACE_64_49,64,49,2.899674459046486
644,face,FACE_244_245,244,245,0.2919664064058777
645,face,FACE_115_131,115,131,1.8612829717165533
646,face,FACE_376_401,376,401,7.25832182686025
647,face,FACE_171_32,171,32,6.293167715559486
648,face,FACE_161_247,161,247,1.4966322721061889
649,face,FACE_26_22,26,22,2.037258208528094
650,face,FACE_454_356,454,356,7.311910253701916
651,face,FACE_166_218,166,218,1.4486396275979938
652,face,FACE_420_363,420,363,3.8651955083761536
653,face,FACE_233_128,233,128,0.9494450226064736
654,face,FACE_193_55,193,55,4.510012012655785
655,face,FACE_278_279,278,279,1.6217927271551857
656,face,FACE_405_320,405,320,4.035176208707933
657,face,FACE_334_296,334,296,6.838036509562506
658,face,FACE_279_360,279,360,3.3244422636233537
659,face,FACE_201_32,201,32,4.409723491430219
660,face,FACE_220_45,220,45,1.358300522531724
661,face,FACE_315_17,315,17,4.062736493733221
662,face,FACE_354_274,354,274,1.8200926846619805
663,face,FACE_167_39,167,39,5.537860921299687
664,face,FACE_51_236,51,236,1.1263182155667268
665,face,FACE_3_196,3,196,2.6318431759751384
666,face,FACE_108_69,108,69,4.665042585176663
667,face,FACE_128_47,128,47,4.353284469633369
668,face,FACE_266_426,266,426,7.025102002238761
669,face,FACE_99_20,99,20,1.315454459832529
670,face,FACE_259_387,259,387,2.5138995418097534
671,face,FACE_137_132,137,132,9.535980553421144
672,face,FACE_273_321,273,321,5.245338009301722
673,face,FACE_394_431,394,431,7.502732621451829
674,face,FACE_285_295,285,295,7.100804187421254
675,face,FACE_437_429,437,429,4.566713419489709
676,face,FACE_83_17,83,17,4.100703156489469
677,face,FACE_315_403,315,403,4.03392335335765
678,face,FACE_449_254,449,254,2.8771515887129175
679,face,FACE_461_457,461,457,2.5241121734625245
680,face,FACE_260_467,260,467,2.4973662981163938
681,face,FACE_359_446,359,446,2.9295410549612275
682,face,FACE_184_185,184,185,0.842252336826869
683,face,FACE_411_376,411,376,6.677095083085672
684,face,FACE_263_249,263,249,1.5866025704823454
685,face,FACE_462_458,462,458,1.0112952581705468
686,face,FACE_215_172,215,172,9.913330376213732
687,face,FACE_52_65,52,65,3.6045665430042027
688,face,FACE_247_161,247,161,1.4966322721061889
689,face,FACE_191_80,191,80,0.8237082312799857
690,face,FACE_424_431,424,431,4.051968223933992
691,face,FACE_36_206,36,206,6.92079740358837
692,face,FACE_262_369,262,369,4.160601283562507
693,face,FACE_296_282,296,282,5.9667216592531105
694,face,FACE_396_369,396,369,6.811129082695215
695,face,FACE_134_220,134,220,2.9298494739507484
696,face,FACE_335_273,335,273,3.978358735253988
697,face,FACE_214_212,214,212,2.029443970252148
698,face,FACE_193_189,193,189,0.8102455460337994
699,face,FACE_364_416,364,416,9.952654013679526
700,face,FACE_270_409,270,409,3.2581696108653593
701,face,FACE_444_445,444,445,3.648943559318073
702,face,FACE_229_228,229,228,1.7004951546316587
703,face,FACE_330_280,330,280,8.73344070316906
704,face,FACE_456_419,456,419,4.185947804692464
705,face,FACE_260_444,260,444,2.844934457725817
706,face,FACE_188_196,188,196,0.8536729469476085
707,face,FACE_406_418,406,418,4.16556554437109
708,face,FACE_30_247,30,247,1.4183624911374215
709,face,FACE_398_414,398,414,1.8105983884370254
710,face,FACE_17_314,17,314,3.748679707599954
711,face,FACE_210_214,210,214,5.836235258817845
712,face,FACE_17_85,17,85,3.4767333673870255
713,face,FACE_423_358,423,358,3.682204306046202
714,face,FACE_63_52,63,52,2.874201903385883
715,face,FACE_19_274,19,274,2.467930384099399
716,face,FACE_272_311,272,311,2.994187723400242
717,face,FACE_50_118,50,118,6.434246421759087
718,face,FACE_14_15,14,15,1.184261674342628
719,face,FACE_180_84,180,84,3.0326816688629186
720,face,FACE_5_195,5,195,3.092581887637188
721,face,FACE_240_98,240,98,0.6418415705650878
722,face,FACE_439_344,439,344,3.017513610206367
723,face,FACE_256_451,256,451,3.0597700078262826
724,face,FACE_123_187,123,187,6.939816212314757
725,face,FACE_15_16,15,16,1.5297202749255723
726,face,FACE_96_90,96,90,0.9549115012766829
727,face,FACE_141_241,141,241,2.089008212057707
728,face,FACE_6_196,6,196,4.897897322915331
729,face,FACE_360_279,360,279,3.3244422636233537
730,face,FACE_347_346,347,346,5.05625440301587
731,face,FACE_198_217,198,217,2.630162742616479
732,face,FACE_318_319,318,319,0.4027899708094105
733,face,FACE_358_355,358,355,5.998667830420753
734,face,FACE_418_406,418,406,4.16556554437109
735,face,FACE_115_219,115,219,2.330952277436266
736,face,FACE_190_133,190,133,1.736073192125959
737,face,FACE_77_76,77,76,0.7433809556937886
738,face,FACE_110_24,110,24,1.4298706756764255
739,face,FACE_48_49,48,49,1.500574050966725
740,face,FACE_80_81,80,81,1.0819632802728942
741,face,FACE_333_298,333,298,7.437549056048426
742,face,FACE_353_276,353,276,4.138749586265578
743,face,FACE_141_97,141,97,1.6358699635244784
744,face,FACE_373_254,373,254,1.9177404044440183
745,face,FACE_69_108,69,108,4.665042585176663
746,face,FACE_418_262,418,262,4.047258363863265
747,face,FACE_463_413,463,413,2.776965182360764
748,face,FACE_294_455,294,455,1.5408752558436272
749,face,FACE_21_68,21,68,3.4373101668580763
750,face,FACE_81_82,81,82,1.5592275224414893
751,face,FACE_118_229,118,229,3.693506278072433
752,face,FACE_284_298,284,298,6.411835092929627
753,face,FACE_371_266,371,266,4.101448566929115
754,face,FACE_384_385,384,385,2.3257995305397707
755,face,FACE_231_26,231,26,3.2318550078103763
756,face,FACE_395_394,395,394,6.26189819569351
757,face,FACE_322_410,322,410,4.047990928871441
758,face,FACE_248_195,248,195,2.4710956832725257
759,face,FACE_361_401,361,401,5.160349080596053
760,face,FACE_214_202,214,202,4.448829621634405
761,face,FACE_119_230,119,230,2.6684054607062917
762,face,FACE_111_226,111,226,5.343801428140199
763,face,FACE_43_91,43,91,2.152374766143545
764,face,FACE_383_276,383,276,6.892244329385318
765,face,FACE_168_351,168,351,3.97693470912714
766,face,FACE_449_450,449,450,4.200959407813222
767,face,FACE_314_405,314,405,3.9670777601493428
768,face,FACE_55_65,55,65,5.409718086448571
769,face,FACE_182_106,182,106,2.5477716178780505
770,face,FACE_394_434,394,434,10.79722575437415
771,face,FACE_393_326,393,326,2.5137534582000782
772,face,FACE_210_204,210,204,3.238214727616313
773,face,FACE_211_169,211,169,2.0908199115647372
774,face,FACE_450_451,450,451,3.6795225219684027
775,face,FACE_203_165,203,165,4.753546894828759
776,face,FACE_22_153,22,153,1.562952103291886
777,face,FACE_143_34,143,34,0.920645070040411
778,face,FACE_409_270,409,270,3.2581696108653593
779,face,FACE_7_110,7,110,2.114787614695274
780,face,FACE_448_261,448,261,2.576711045277051
781,face,FACE_213_215,213,215,3.4607501736502426
782,face,FACE_371_423,371,423,6.255479176037009
783,face,FACE_64_235,64,235,0.6339570516607762
784,face,FACE_9_336,9,336,6.060271979400515
785,face,FACE_278_344,278,344,3.372020632681817
786,face,FACE_89_179,89,179,1.073641679221976
787,face,FACE_236_198,236,198,2.440185313858569
788,face,FACE_336_285,336,285,3.9471273782636023
789,face,FACE_181_182,181,182,3.1317372427465404
790,face,FACE_194_201,194,201,3.207511527068517
791,face,FACE_66_52,66,52,3.9337253850338856
792,face,FACE_151_10,151,10,7.143584638370151
793,face,FACE_123_177,123,177,8.665845914559984
794,face,FACE_341_256,341,256,1.6579656561081457
795,face,FACE_455_278,455,278,1.9124894013392228
796,face,FACE_326_393,326,393,2.5137534582000782
797,face,FACE_257_442,257,442,4.077633260095453
798,face,FACE_269_267,269,267,4.873964808629825
799,face,FACE_203_142,203,142,6.33623118483741
800,face,FACE_238_20,238,20,1.0234754994294175
801,face,FACE_268_271,268,271,3.572367505757471
802,face,FACE_254_373,254,373,1.9177404044440183
803,face,FACE_414_362,414,362,1.9772579001802995
804,face,FACE_305_455,305,455,1.9420238613199086
805,face,FACE_357_465,357,465,2.883258187142914
806,face,FACE_189_243,189,243,2.4065020787869646
807,face,FACE_42_81,42,81,2.077287263214919
808,face,FACE_286_441,286,441,2.757279163015211
809,face,FACE_179_86,179,86,1.7021415745688446
810,face,FACE_217_198,217,198,2.630162742616479
811,face,FACE_84_83,84,83,3.661433806524417
812,face,FACE_456_363,456,363,2.5070601916280104
813,face,FACE_214_192,214,192,3.1832165216903436
814,face,FACE_326_370,326,370,4.2030966432158685
815,face,FACE_107_66,107,66,4.651604378525319
816,face,FACE_247_226,247,226,2.9042788395701358
817,face,FACE_88_89,88,89,0.6312978035707084
818,face,FACE_27_222,27,222,2.6043552256220055
819,face,FACE_120_121,120,121,2.750125707078314
820,face,FACE_99_98,99,98,2.3390163339874226
821,face,FACE_279_294,279,294,2.887094245433081
822,face,FACE_151_108,151,108,6.083330204302462
823,face,FACE_75_235,75,235,1.640771987170422
824,face,FACE_150_149,150,149,2.788679773243285
825,face,FACE_388_466,388,466,1.3411701405343373
826,face,FACE_129_126,129,126,6.160652377898038
827,face,FACE_447_372,447,372,9.82834523938976
828,face,FACE_366_447,366,447,6.836549969881224
829,face,FACE_70_156,70,156,4.148807438709883
830,face,FACE_56_221,56,221,1.499947460684262
831,face,FACE_171_208,171,208,3.58514167988858
832,face,FACE_190_221,190,221,2.9397516305767333
833,face,FACE_28_159,28,159,2.812729495031179
834,face,FACE_435_397,435,397,10.382442278715677
835,face,FACE_54_68,54,68,2.3828006763141873
836,face,FACE_368_264,368,264,6.82255571078753
837,face,FACE_214_169,214,169,9.719144453504015
838,face,FACE_294_278,294,278,1.7541555821210566
839,face,FACE_221_65,221,65,6.031211243360239
840,face,FACE_206_165,206,165,3.2451687637595725
841,face,FACE_29_160,29,160,2.2243618940345797
842,face,FACE_281_195,281,195,3.3918908038739537
843,face,FACE_33_130,33,130,0.4569312696622981
844,face,FACE_447_264,447,264,6.622341174560145
845,face,FACE_298_284,298,284,6.411835092929627
846,face,FACE_278_455,278,455,1.9124894013392228
847,face,FACE_201_208,201,208,4.061423207053502
848,face,FACE_427_434,427,434,9.977935636319312
849,face,FACE_360_344,360,344,1.9933172902217893
850,face,FACE_321_273,321,273,5.245338009301722
851,face,FACE_379_394,379,394,4.8115613071154
852,face,FACE_265_372,265,372,4.10757218056017
853,face,FACE_274_457,274,457,2.740585017092255
854,face,FACE_101_120,101,120,6.249204017097086
855,face,FACE_182_194,182,194,3.338805924686957
856,face,FACE_227_116,227,116,1.9535231891581077
857,face,FACE_253_254,253,254,2.98151083627779
858,face,FACE_352_376,352,376,6.594997816050778
859,face,FACE_4_44,4,44,3.666639154440151
860,face,FACE_351_417,351,417,4.021856224739064
861,face,FACE_350_452,350,452,1.8575218570527374
862,face,FACE_283_282,283,282,5.226863980617957
863,face,FACE_194_204,194,204,3.118079884660949
864,face,FACE_55_9,55,9,5.566115263971961
865,face,FACE_106_91,106,91,2.676051851254394
866,face,FACE_410_322,410,322,4.047990928871441
867,face,FACE_48_235,48,235,2.1429984525086443
868,face,FACE_316_315,316,315,1.555049454784303
869,face,FACE_367_397,367,397,5.29002017641288
870,face,FACE_427_411,427,411,5.923742345519112
871,face,FACE_319_320,319,320,0.9407259423298112
872,face,FACE_193_244,193,244,3.296500586377492
873,face,FACE_398_384,398,384,1.8041320361147815
874,face,FACE_331_294,331,294,1.7105877440284605
875,face,FACE_313_17,313,17,5.9419128732285
876,face,FACE_297_338,297,338,8.368232899883676
877,face,FACE_164_37,164,37,5.346664875130989
878,face,FACE_403_319,403,319,3.2235929277923865
879,face,FACE_349_348,349,348,4.164299973616229
880,face,FACE_47_126,47,126,2.768467564374557
881,face,FACE_8_55,8,55,4.380494240829209
882,face,FACE_147_213,147,213,5.356315734061083
883,face,FACE_320_321,320,321,1.2455549660268594
884,face,FACE_227_93,227,93,8.725803457119532
885,face,FACE_134_131,134,131,2.3299324373425923
886,face,FACE_44_237,44,237,1.0753387586861545
887,face,FACE_393_391,393,391,7.142368559477348
888,face,FACE_439_278,439,278,1.4265242932482485
889,face,FACE_451_252,451,252,1.842009883460815
890,face,FACE_120_232,120,232,4.122971656317771
891,face,FACE_287_409,287,409,4.96051075072336
892,face,FACE_221_55,221,55,2.257405579971596
893,face,FACE_385_386,385,386,2.2465973281662057
894,face,FACE_347_280,347,280,6.552286973645987
895,face,FACE_57_212,57,212,2.0436146619409037
896,face,FACE_58_177,58,177,10.33700020866559
897,face,FACE_257_386,257,386,2.513858419567332
898,face,FACE_216_205,216,205,7.4616972617772115
899,face,FACE_208_201,208,201,4.061423207053502
900,face,FACE_386_387,386,387,2.627661839884222
901,face,FACE_459_457,459,457,1.0318943251452062
902,face,FACE_137_177,137,177,6.534132022696297
903,face,FACE_391_322,391,322,3.8006590783352228
904,face,FACE_49_64,49,64,2.899674459046486
905,face,FACE_55_107,55,107,3.86790906948918
906,face,FACE_308_324,308,324,2.3922380439452957
907,face,FACE_372_345,372,345,5.462070706354908
908,face,FACE_11_37,11,37,3.592362945361168
909,face,FACE_431_394,431,394,7.502732621451829
910,face,FACE_171_175,171,175,5.12109451001514
911,face,FACE_330_348,330,348,3.063908104337536
912,face,FACE_156_46,156,46,3.23542289391982
913,face,FACE_11_302,11,302,3.616995554422709
914,face,FACE_280_347,280,347,6.552286973645987
915,face,FACE_452_453,452,453,2.204779153361893
916,face,FACE_352_366,352,366,7.751619236984168
917,face,FACE_12_38,12,38,2.3803378858911124
918,face,FACE_64_48,64,48,1.5837855902027955
919,face,FACE_22_231,22,231,1.740198102875036
920,face,FACE_414_463,414,463,1.9265812706288177
921,face,FACE_448_339,448,339,3.2694884348063673
922,face,FACE_422_287,422,287,5.218737336420314
923,face,FACE_59_235,59,235,0.8354578598217018
924,face,FACE_13_268,13,268,2.8323713491727496
925,face,FACE_298_251,298,251,11.678706868650584
926,face,FACE_237_241,237,241,2.7955498098624263
927,face,FACE_68_54,68,54,2.3828006763141873
928,face,FACE_120_101,120,101,6.249204017097086
929,face,FACE_92_39,92,39,3.3793930380498187
930,face,FACE_43_146,43,146,2.2061752884679757
931,face,FACE_377_400,377,400,6.154439459444758
932,face,FACE_238_242,238,242,1.5914947406460178
933,face,FACE_91_43,91,43,2.152374766143545
934,face,FACE_369_396,369,396,6.811129082695215
935,face,FACE_301_298,301,298,7.261715988127992
936,face,FACE_286_398,286,398,3.319525586461839
937,face,FACE_346_449,346,449,6.9709141721563945
938,face,FACE_220_44,220,44,2.723113338249568
939,face,FACE_299_337,299,337,7.201086786146406
940,face,FACE_358_423,358,423,3.682204306046202
941,face,FACE_131_115,131,115,1.8612829717165533
942,face,FACE_3_195,3,195,1.9574127122187832
943,face,FACE_23_24,23,24,2.040690590509436
944,face,FACE_416_364,416,364,9.952654013679526
945,face,FACE_123_111,123,111,8.73724208977601
946,face,FACE_160_29,160,29,2.2243618940345797
947,face,FACE_326_327,326,327,6.104051011638607
948,face,FACE_266_425,266,425,6.28879683262259
949,face,FACE_345_340,345,340,5.436592433077007
950,face,FACE_53_52,53,52,2.7154461709435314
951,face,FACE_98_203,98,203,2.1748162634045847
952,face,FACE_411_434,411,434,11.906163851283727
953,face,FACE_358_279,358,279,3.0034418485763914
954,face,FACE_3_51,3,51,3.085466426961866
955,face,FACE_261_346,261,346,3.959647368888096
956,face,FACE_367_364,367,364,6.998542835311461
957,face,FACE_66_107,66,107,4.651604378525319
958,face,FACE_86_85,86,85,1.5564400676256636
959,face,FACE_445_283,445,283,3.5537503853400567
960,face,FACE_24_110,24,110,1.4298706756764255
961,face,FACE_23_145,23,145,1.6355994321082412
962,face,FACE_89_90,89,90,1.0471056841850663
963,face,FACE_449_253,449,253,5.150974977895134
964,face,FACE_340_346,340,346,3.7965167095460086
965,face,FACE_235_64,235,64,0.6339570516607762
966,face,FACE_67_108,67,108,5.984683376501797
967,face,FACE_228_25,228,25,3.354319113788844
968,face,FACE_119_118,119,118,4.001940188668305
969,face,FACE_250_309,250,309,3.112533877497638
970,face,FACE_90_91,90,91,1.1601568199373795
971,face,FACE_269_322,269,322,6.312864635585232
972,face,FACE_264_356,264,356,5.5217775462085905
973,face,FACE_84_17,84,17,2.9025079164780268
974,face,FACE_316_403,316,403,3.595588304087449
975,face,FACE_407_292,407,292,1.9003711841279742
976,face,FACE_426_391,426,391,6.753282165849042
977,face,FACE_399_437,399,437,3.391777715783493
978,face,FACE_212_202,212,202,4.083884366074094
979,face,FACE_175_171,175,171,5.12109451001514
980,face,FACE_117_50,117,50,6.686023438535341
981,face,FACE_374_380,374,380,2.161962713989859
982,face,FACE_165_206,165,206,3.2451687637595725
983,face,FACE_205_50,205,50,3.876132958759982
984,face,FACE_185_184,185,184,0.842252336826869
985,face,FACE_30_161,30,161,1.9339057930219279
986,face,FACE_445_260,445,260,2.1462464806909276
987,face,FACE_184_76,184,76,0.8578000384446802
988,face,FACE_195_5,195,5,3.092581887637188
989,face,FACE_186_185,186,185,3.0071334040650166
990,face,FACE_446_261,446,261,2.733912028810966
991,face,FACE_357_412,357,412,3.3786444714691846
992,face,FACE_392_290,392,290,2.6486077228534604
993,face,FACE_225_113,225,113,2.3120680360943453
994,face,FACE_17_84,17,84,2.9025079164780268
995,face,FACE_189_190,189,190,1.1124293250768924
996,face,FACE_384_286,384,286,2.352778373886606
997,face,FACE_329_350,329,350,4.357677902771391
998,face,FACE_429_437,429,437,4.566713419489709
999,face,FACE_241_237,241,237,2.7955498098624263
1000,face,FACE_19_44,19,44,3.2655352591932094
1001,face,FACE_165_98,165,98,4.551129881695739
1002,face,FACE_219_218,219,218,1.1731504667315402
1003,face,FACE_4_1,4,1,3.1072202976747114
1004,face,FACE_50_117,50,117,6.686023438535341
1005,face,FACE_222_223,222,223,3.1902084483006052
1006,face,FACE_422_434,422,434,8.197353230999736
1007,face,FACE_175_148,175,148,4.3607071766768915
1008,face,FACE_198_131,198,131,2.8875633645024186
1009,face,FACE_204_211,204,211,3.0267007178010785
1010,face,FACE_68_21,68,21,3.4373101668580763
1011,face,FACE_381_252,381,252,2.49065740573411
1012,face,FACE_462_326,462,326,3.228995228844533
1013,face,FACE_60_166,60,166,2.722143188068572
1014,face,FACE_174_188,174,188,2.9057773189784006
1015,face,FACE_414_286,414,286,3.059342782042368
1016,face,FACE_339_255,339,255,2.0655182235491227
1017,face,FACE_115_218,115,218,1.3329685372975586
1018,face,FACE_411_280,411,280,8.427513291779073
1019,face,FACE_181_83,181,83,5.22283975784534
1020,face,FACE_401_352,401,352,11.535049116932177
1021,face,FACE_333_297,333,297,8.57196660907564
1022,face,FACE_46_124,46,124,3.3782220210790994
1023,face,FACE_373_253,373,253,2.995981753337487
1024,face,FACE_71_68,71,68,4.750174716099482
1025,face,FACE_424_335,424,335,4.21571573430881
1026,face,FACE_76_146,76,146,1.1008135622869162
1027,face,FACE_49_129,49,129,2.086925515106073
1028,face,FACE_69_107,69,107,7.68400045793954
1029,face,FACE_335_406,335,406,4.289210321462918
1030,face,FACE_148_171,148,171,3.1298369222429674
1031,face,FACE_460_294,460,294,2.3346276030964286
1032,face,FACE_192_214,192,214,3.1832165216903436
1033,face,FACE_446_359,446,359,2.9295410549612275
1034,face,FACE_391_423,391,423,6.1005934067748635
1035,face,FACE_105_66,105,66,3.590873950521944
1036,face,FACE_410_436,410,436,3.7914114132506858
1037,face,FACE_110_144,110,144,2.040782622259135
1038,face,FACE_249_339,249,339,2.0438097856116673
1039,face,FACE_163_7,163,7,0.6954163295113147
1040,face,FACE_273_287,273,287,3.9753680071627837
1041,face,FACE_45_51,45,51,3.5722082541974807
1042,face,FACE_225_247,225,247,2.3899853465181913
1043,face,FACE_373_374,373,374,2.576077066775229
1044,face,FACE_38_12,38,12,2.3803378858911124
1045,face,FACE_263_359,263,359,1.586262565155173
1046,face,FACE_173_56,173,56,3.0188817769836214
1047,face,FACE_159_158,159,158,2.145310209807999
1048,face,FACE_461_459,461,459,2.723127152057592
1049,face,FACE_111_117,111,117,1.6454832076134078
1050,face,FACE_211_204,211,204,3.0267007178010785
1051,face,FACE_225_224,225,224,1.896266788110315
1052,face,FACE_151_9,151,9,7.936439765397686
1053,face,FACE_370_462,370,462,1.0874355529280193
1054,face,FACE_55_221,55,221,2.257405579971596
1055,face,FACE_156_124,156,124,0.3575793413939192
1056,face,FACE_196_197,196,197,2.185357639666025
1057,face,FACE_47_217,47,217,0.41349860729219
1058,face,FACE_285_9,285,9,6.277919479545727
1059,face,FACE_208_171,208,171,3.58514167988858
1060,face,FACE_280_425,280,425,6.4500507019048055
1061,face,FACE_164_393,164,393,4.186490900505713
1062,face,FACE_258_257,258,257,3.0148605615436836
1063,face,FACE_229_230,229,230,2.7399094653891813
1064,face,FACE_389_368,389,368,6.056746186970139
1065,face,FACE_139_156,139,156,0.5104181107752493
1066,face,FACE_353_265,353,265,4.24249859957761
1067,face,FACE_412_351,412,351,3.002941893548531
1068,face,FACE_218_220,218,220,2.301625787844476
1069,face,FACE_304_409,304,409,3.914118223334275
1070,face,FACE_311_268,311,268,3.6251510634284316
1071,face,FACE_370_354,370,354,1.205583764090634
1072,face,FACE_288_401,288,401,10.632389902685393
1073,face,FACE_179_85,179,85,2.197245354932308
1074,face,FACE_159_27,159,27,2.262819230643062
1075,face,FACE_190_243,190,243,1.8087895019556854
1076,face,FACE_196_174,196,174,2.0545391950010927
1077,face,FACE_295_296,295,296,2.54508142585491
1078,face,FACE_142_203,142,203,6.33623118483741
1079,face,FACE_173_190,173,190,1.3461012045284277
1080,face,FACE_193_168,193,168,2.438876224094686
1081,face,FACE_325_324,325,324,0.3761939807917784
1082,face,FACE_425_411,425,411,10.113633023095145
1083,face,FACE_391_269,391,269,4.6462954229306614
1084,face,FACE_99_97,99,97,0.6819945837634327
1085,face,FACE_347_348,347,348,6.0761645816729954
1086,face,FACE_366_361,366,361,10.302529315340108
1087,face,FACE_2_164,2,164,2.262202385530182
1088,face,FACE_131_49,131,49,1.8366443889199404
1089,face,FACE_26_112,26,112,1.4563012959754653
1090,face,FACE_380_381,380,381,1.9439080184032513
1091,face,FACE_211_194,211,194,3.2189158903552078
1092,face,FACE_104_68,104,68,4.119484532858512
1093,face,FACE_124_46,124,46,3.3782220210790994
1094,face,FACE_234_34,234,34,8.052775049838873
1095,face,FACE_413_414,413,414,2.2031884606425765
1096,face,FACE_432_427,432,427,8.637748097039646
1097,face,FACE_452_256,452,256,1.7740753766647464
1098,face,FACE_177_137,177,137,6.534132022696297
1099,face,FACE_43_57,43,57,3.253837304261386
1100,face,FACE_276_445,276,445,3.279831218582168
1101,face,FACE_248_197,248,197,3.320288201078971
1102,face,FACE_209_126,209,126,2.1508673494595
1103,face,FACE_142_36,142,36,3.7178361620790996
1104,face,FACE_226_35,226,35,1.5548922441369826
1105,face,FACE_2_141,2,141,2.380645499475757
1106,face,FACE_237_44,237,44,1.0753387586861545
1107,face,FACE_435_288,435,288,5.138037833450126
1108,face,FACE_129_102,129,102,0.7815354676238617
1109,face,FACE_273_375,273,375,3.1799743979318023
1110,face,FACE_166_20,166,20,2.984245278501952
1111,face,FACE_425_280,425,280,6.4500507019048055
1112,face,FACE_77_91,77,91,1.6063472469403468
1113,face,FACE_461_462,461,462,1.184081355613019
1114,face,FACE_306_408,306,408,1.9157950794341454
1115,face,FACE_247_130,247,130,1.7581556506602225
1116,face,FACE_206_92,206,92,3.8612441271550977
1117,face,FACE_193_122,193,122,3.301244386764456
1118,face,FACE_200_18,200,18,3.6044516975177427
1119,face,FACE_157_56,157,56,1.9373389246075738
1120,face,FACE_352_411,352,411,9.893369653693432
1121,face,FACE_46_225,46,225,1.5813656317230984
1122,face,FACE_345_372,345,372,5.462070706354908
1123,face,FACE_264_447,264,447,6.622341174560145
1124,face,FACE_436_410,436,410,3.7914114132506858
1125,face,FACE_17_18,17,18,3.653211837307385
1126,face,FACE_28_27,28,27,2.5600345305892698
1127,face,FACE_235_240,235,240,1.3457400728975815
1128,face,FACE_128_114,128,114,1.865401775778887
1129,face,FACE_134_45,134,45,1.999681595740394
1130,face,FACE_198_209,198,209,2.058721808987657
1131,face,FACE_64_129,64,129,1.1764288004298844
1132,face,FACE_459_250,459,250,1.8428255102019424
1133,face,FACE_192_135,192,135,8.97421459882768
1134,face,FACE_112_26,112,26,1.4563012959754653
1135,face,FACE_404_314,404,314,4.401672684468431
1136,face,FACE_297_337,297,337,12.54495670842989
1137,face,FACE_428_262,428,262,6.59820714908602
1138,face,FACE_81_38,81,38,0.9159986398586819
1139,face,FACE_51_195,51,195,4.689461736913931
1140,face,FACE_311_271,311,271,0.2058086961197661
1141,face,FACE_442_282,442,282,5.578775060527165
1142,face,FACE_179_88,179,88,0.8114427351809909
1143,face,FACE_252_450,252,450,4.005427409400781
1144,face,FACE_191_62,191,62,1.5703503139355424
1145,face,FACE_84_85,84,85,1.8500333512685079
1146,face,FACE_203_36,203,36,3.8295858217181626
1147,face,FACE_443_283,443,283,6.121549870925752
1148,face,FACE_121_232,121,232,1.590143336163129
1149,face,FACE_321_406,321,406,5.309498037356085
1150,face,FACE_226_25,226,25,1.3852900214822985
1151,face,FACE_323_366,323,366,5.47064190586728
1152,face,FACE_117_118,117,118,1.857054500161872
1153,face,FACE_122_196,122,196,3.0013038642827996
1154,face,FACE_191_183,191,183,1.0209628498035774
1155,face,FACE_397_288,397,288,8.366217179563362
1156,face,FACE_383_353,383,353,3.710783346063359
1157,face,FACE_161_160,161,160,1.2936449921504298
1158,face,FACE_25_7,25,7,1.267573953525116
1159,face,FACE_11_72,11,72,2.7000971778407856
1160,face,FACE_239_79,239,79,0.41568047495658766
1161,face,FACE_305_290,305,290,2.1049312871769246
1162,face,FACE_464_463,464,463,2.076337047409603
1163,face,FACE_22_230,22,230,3.9079547804655848
1164,face,FACE_183_184,183,184,0.959202571346429
1165,face,FACE_143_111,143,111,2.923929780893661
1166,face,FACE_442_295,442,295,2.750046105692244
1167,face,FACE_241_125,241,125,0.524775057932553
1168,face,FACE_12_302,12,302,3.4648123930475836
1169,face,FACE_426_436,426,436,5.21387981959367
1170,face,FACE_13_38,13,38,2.999848063439805
1171,face,FACE_428_396,428,396,3.8762219349865386
1172,face,FACE_127_139,127,139,7.075508832450713
1173,face,FACE_120_100,120,100,2.3684560227814693
1174,face,FACE_259_444,259,444,1.6849490065656239
1175,face,FACE_378_395,378,395,4.123011350241281
1176,face,FACE_183_76,183,76,1.2713480144456981
1177,face,FACE_260_259,260,259,2.5931253319485044
1178,face,FACE_427_436,427,436,5.299240341546573
1179,face,FACE_346_448,346,448,4.060034063966798
1180,face,FACE_306_375,306,375,1.7916692736334092
1181,face,FACE_255_446,255,446,4.013711299404889
1182,face,FACE_36_142,36,142,3.7178361620790996
1183,face,FACE_369_431,369,431,7.924177907818749
1184,face,FACE_51_5,51,5,2.060765574811842
1185,face,FACE_435_376,435,376,10.542022838007345
1186,face,FACE_282_283,282,283,5.226863980617957
1187,face,FACE_462_250,462,250,0.9086361294784622
1188,face,FACE_347_449,347,449,3.4335250864764286
1189,face,FACE_205_216,205,216,7.4616972617772115
1190,face,FACE_64_240,64,240,1.9744615597137773
1191,face,FACE_267_11,267,11,4.103647369947959
1192,face,FACE_351_419,351,419,3.102943225301501
1193,face,FACE_431_262,431,262,6.000902500129449
1194,face,FACE_411_433,411,433,8.170069219615325
1195,face,FACE_143_124,143,124,4.8976593337828
1196,face,FACE_190_56,190,56,2.5775060309951208
1197,face,FACE_315_316,315,316,1.555049454784303
1198,face,FACE_346_340,346,340,3.7965167095460086
1199,face,FACE_116_143,116,143,5.590088844234379
1200,face,FACE_316_317,316,317,0.9403606848982936
1201,face,FACE_327_326,327,326,6.104051011638607
1202,face,FACE_206_36,206,36,6.92079740358837
1203,face,FACE_192_138,192,138,5.188083865143523
1204,face,FACE_464_417,464,417,4.386639682037515
1205,face,FACE_149_176,149,176,2.7889093582310216
1206,face,FACE_356_389,356,389,8.169811753728698
1207,face,FACE_349_350,349,350,3.350287387891241
1208,face,FACE_102_64,102,64,1.41561338986062
1209,face,FACE_47_128,47,128,4.353284469633369
1210,face,FACE_81_41,81,41,1.0044480279870682
1211,face,FACE_147_215,147,215,8.744304738931108
1212,face,FACE_450_253,450,253,2.289200737801277
1213,face,FACE_25_226,25,226,1.3852900214822985
1214,face,FACE_467_342,467,342,2.193844694133305
1215,face,FACE_332_297,332,297,9.640738876508703
1216,face,FACE_464_453,464,453,2.2453038182390492
1217,face,FACE_270_322,270,322,4.0356987682708985
1218,face,FACE_117_229,117,229,4.528927461756247
1219,face,FACE_282_296,282,296,5.9667216592531105
1220,face,FACE_129_203,129,203,3.019460895678154
1221,face,FACE_155_112,155,112,0.7941696193374606
1222,face,FACE_434_430,434,430,7.396364392774676
1223,face,FACE_345_352,345,352,6.418926974523264
1224,face,FACE_465_417,465,417,3.6826133721589334
1225,face,FACE_248_419,248,419,2.8396952980384413
1226,face,FACE_61_184,61,184,1.1859923535212276
1227,face,FACE_216_207,216,207,3.308413694397008
1228,face,FACE_307_325,307,325,0.7514213833173625
1229,face,FACE_202_43,202,43,2.366515972059715
1230,face,FACE_313_405,313,405,5.501114399739569
1231,face,FACE_79_238,79,238,2.005844453111435
1232,face,FACE_39_165,39,165,3.9861058766304174
1233,face,FACE_177_215,177,215,6.054501320300213
1234,face,FACE_392_289,392,289,0.7195771266201837
1235,face,FACE_329_349,329,349,2.381602026874078
1236,face,FACE_201_200,201,200,3.72164726667335
1237,face,FACE_87_178,87,178,1.6558996301541924
1238,face,FACE_448_449,448,449,3.805632877930593
1239,face,FACE_172_136,172,136,3.90441941590533
1240,face,FACE_266_329,266,329,5.952126941099434
1241,face,FACE_274_4,274,4,4.010216121172529
1242,face,FACE_165_97,165,97,5.578048949943971
1243,face,FACE_226_113,226,113,2.8254275257425947
1244,face,FACE_56_190,56,190,2.5775060309951208
1245,face,FACE_323_454,323,454,7.2745873258097475
1246,face,FACE_264_368,264,368,6.82255571078753
1247,face,FACE_229_118,229,118,3.693506278072433
1248,face,FACE_75_60,75,60,1.1568674579745348
1249,face,FACE_88_179,88,179,0.8114427351809909
1250,face,FACE_415_308,415,308,2.104131786888069
1251,face,FACE_293_282,293,282,7.5230141277218525
1252,face,FACE_212_214,212,214,2.029443970252148
1253,face,FACE_204_210,204,210,3.238214727616313
1254,face,FACE_230_119,230,119,2.6684054607062917
1255,face,FACE_176_148,176,148,3.480929440526845
1256,face,FACE_188_122,188,122,2.1476315893693316
1257,face,FACE_339_254,339,254,2.930402781420396
1258,face,FACE_42_184,42,184,1.7000759054467864
1259,face,FACE_342_445,342,445,3.3475434226164045
1260,face,FACE_199_396,199,396,7.796128806217525
1261,face,FACE_166_219,166,219,0.993709161870463
1262,face,FACE_419_399,419,399,3.056590571752355
1263,face,FACE_30_29,30,29,1.6310980635112615
1264,face,FACE_15_315,15,315,3.6190899878450926
1265,face,FACE_236_134,236,134,2.922254625667905
1266,face,FACE_301_300,301,300,5.6155353768720255
1267,face,FACE_333_332,333,332,6.667631577127037
1268,face,FACE_352_345,352,345,6.418926974523264
1269,face,FACE_52_53,52,53,2.7154461709435314
1270,face,FACE_166_75,166,75,1.6412630370242993
1271,face,FACE_192_213,192,213,3.51837013068595
1272,face,FACE_3_197,3,197,4.464737232633175
1273,face,FACE_77_146,77,146,0.8287265266833477
1274,face,FACE_363_360,363,360,4.092070574186735
1275,face,FACE_334_333,334,333,6.6813793994195425
1276,face,FACE_6_351,6,351,2.9258736031828563
1277,face,FACE_6_122,6,122,2.1931274229019393
1278,face,FACE_406_321,406,321,5.309498037356085
1279,face,FACE_284_332,284,332,8.634318381699199
1280,face,FACE_350_277,350,277,2.1321180246634373
1281,face,FACE_8_168,8,168,3.033682005480728
1282,face,FACE_129_49,129,49,2.086925515106073
1283,face,FACE_0_164,0,164,4.561236776447398
1284,face,FACE_300_276,300,276,3.319041781866131
1285,face,FACE_86_87,86,87,1.0771751556647466
1286,face,FACE_226_247,226,247,2.9042788395701358
1287,face,FACE_119_120,119,120,3.4237607838744055
1288,face,FACE_37_167,37,167,3.843041767050696
1289,face,FACE_111_116,111,116,2.793871048465154
1290,face,FACE_451_450,451,450,3.6795225219684027
1291,face,FACE_335_418,335,418,5.925506917089782
1292,face,FACE_40_92,40,92,3.763231223639053
1293,face,FACE_52_66,52,66,3.9337253850338856
1294,face,FACE_285_417,285,417,4.370233136348099
1295,face,FACE_224_29,224,29,1.8110981525496783
1296,face,FACE_330_425,330,425,7.852721743140024
1297,face,FACE_285_8,285,8,5.421450712932308
1298,face,FACE_236_3,236,3,2.014916129080666
1299,face,FACE_307_292,307,292,1.689341600763488
1300,face,FACE_187_147,187,147,1.2280873024695658
1301,face,FACE_139_70,139,70,4.108399145765293
1302,face,FACE_185_186,185,186,3.0071334040650166
1303,face,FACE_270_410,270,410,5.720365436604356
1304,face,FACE_456_420,456,420,3.7592829226263293
1305,face,FACE_407_415,407,415,0.43204547911478014
1306,face,FACE_294_358,294,358,2.3502243180686264
1307,face,FACE_78_96,78,96,0.423012807538084
1308,face,FACE_259_257,259,257,3.133942452096721
1309,face,FACE_218_219,218,219,1.1731504667315402
1310,face,FACE_417_465,417,465,3.6826133721589334
1311,face,FACE_304_408,304,408,3.191159725960118
1312,face,FACE_56_157,56,157,1.9373389246075738
1313,face,FACE_63_53,63,53,1.6828774893744702
1314,face,FACE_349_330,349,330,5.765854554674245
1315,face,FACE_241_239,241,239,1.8124991470539382
1316,face,FACE_261_446,261,446,2.733912028810966
1317,face,FACE_281_275,281,275,3.4610337989973345
1318,face,FACE_396_262,396,262,7.766609526611156
1319,face,FACE_441_413,441,413,2.9256350645105402
1320,face,FACE_327_391,327,391,4.557986057817647
1321,face,FACE_100_120,100,120,2.3684560227814693
1322,face,FACE_346_261,346,261,3.959647368888096
1323,face,FACE_348_450,348,450,2.5606181021920333
1324,face,FACE_340_446,340,446,5.563059336817837
1325,face,FACE_180_85,180,85,1.9715230031519173
1326,face,FACE_252_253,252,253,2.7801273849418613
1327,face,FACE_137_123,137,123,2.6107947391570105
1328,face,FACE_349_451,349,451,2.118010669382038
1329,face,FACE_462_328,462,328,3.497368273397508
1330,face,FACE_455_289,455,289,1.3764119717070125
1331,face,FACE_6_197,6,197,3.0793892115670514
1332,face,FACE_377_369,377,369,7.10602586757799
1333,face,FACE_115_220,115,220,1.2715760532731852
1334,face,FACE_35_111,35,111,3.942181744384483
1335,face,FACE_383_300,383,300,5.113273343989127
1336,face,FACE_110_25,110,25,1.0472494587005534
1337,face,FACE_437_420,437,420,2.4363185142108796
1338,face,FACE_333_299,333,299,8.407783343131413
1339,face,FACE_252_374,252,374,2.944238882568207
1340,face,FACE_31_226,31,226,2.5926198725965004
1341,face,FACE_71_70,71,70,1.164909851806549
1342,face,FACE_104_67,104,67,8.167797581881644
1343,face,FACE_49_131,49,131,1.8366443889199404
1344,face,FACE_463_414,463,414,1.9265812706288177
1345,face,FACE_118_230,118,230,5.81293441955324
1346,face,FACE_104_103,104,103,3.546308275578013
1347,face,FACE_155_154,155,154,1.2447208157189087
1348,face,FACE_220_134,220,134,2.9298494739507484
1349,face,FACE_262_396,262,396,7.766609526611156
1350,face,FACE_70_46,70,46,0.9703645013663966
1351,face,FACE_436_432,436,432,6.527230523519687
1352,face,FACE_167_164,167,164,3.4231603951754637
1353,face,FACE_170_169,170,169,3.291613489170703
1354,face,FACE_211_170,211,170,3.613943325355228
1355,face,FACE_77_90,77,90,0.8373283953567159
1356,face,FACE_22_154,22,154,2.5529604794372003
1357,face,FACE_237_79,237,79,0.7911200252578078
1358,face,FACE_197_6,197,6,3.0793892115670514
1359,face,FACE_143_35,143,35,1.135460500710586
1360,face,FACE_146_77,146,77,0.8287265266833477
1361,face,FACE_434_364,434,364,7.9092514463092325
1362,face,FACE_72_11,72,11,2.7000971778407856
1363,face,FACE_9_337,9,337,11.75347535261156
1364,face,FACE_465_351,465,351,3.9298527528470175
1365,face,FACE_89_180,89,180,1.5199405204776821
1366,face,FACE_255_249,255,249,2.1897584396098084
1367,face,FACE_295_285,295,285,7.100804187421254
1368,face,FACE_90_181,90,181,2.432930776602961
1369,face,FACE_91_146,91,146,1.187031663184493
1370,face,FACE_143_156,143,156,5.0111125666141625
1371,face,FACE_18_421,18,421,5.982943985051894
1372,face,FACE_232_121,232,121,1.590143336163129
1373,face,FACE_425_436,425,436,7.489068232847888
1374,face,FACE_257_443,257,443,1.493802332216758
1375,face,FACE_29_27,29,27,2.2103900029788766
1376,face,FACE_327_358,327,358,3.927058565704329
1377,face,FACE_433_376,433,376,5.782006486360357
1378,face,FACE_299_296,299,296,7.329379976865114
1379,face,FACE_259_260,259,260,2.5931253319485044
1380,face,FACE_405_314,405,314,3.9670777601493428
1381,face,FACE_158_28,158,28,2.2083122512657276
1382,face,FACE_217_114,217,114,2.678201684900312
1383,face,FACE_197_248,197,248,3.320288201078971
1384,face,FACE_124_35,124,35,3.945218560780514
1385,face,FACE_375_291,375,291,2.2237766396364895
1386,face,FACE_321_320,321,320,1.2455549660268594
1387,face,FACE_324_325,324,325,0.3761939807917784
1388,face,FACE_336_299,336,299,12.02548522752421
1389,face,FACE_62_96,62,96,0.5684430094145829
1390,face,FACE_22_23,22,23,2.314359063981273
1391,face,FACE_281_363,281,363,3.4293797229794767
1392,face,FACE_443_282,443,282,2.51260010604516
1393,face,FACE_20_99,20,99,1.315454459832529
1394,face,FACE_124_156,124,156,0.3575793413939192
1395,face,FACE_464_341,464,341,2.9663066245330167
1396,face,FACE_27_223,27,223,1.8443060175701533
1397,face,FACE_125_237,125,237,3.2543205858648445
1398,face,FACE_148_140,148,140,6.50186411536063
1399,face,FACE_279_331,279,331,1.8443010880903326
1400,face,FACE_32_194,32,194,3.597453774059663
1401,face,FACE_44_19,44,19,3.2655352591932094
1402,face,FACE_244_193,244,193,3.296500586377492
1403,face,FACE_439_289,439,289,1.1417399837343731
1404,face,FACE_453_452,453,452,2.204779153361893
1405,face,FACE_12_72,12,72,3.3551382070849063
1406,face,FACE_343_437,343,437,2.6918714105481008
1407,face,FACE_94_370,94,370,1.178401352796004
1408,face,FACE_94_141,94,141,0.9817909561864406
1409,face,FACE_429_360,429,360,2.957328435092766
1410,face,FACE_444_259,444,259,1.6849490065656239
1411,face,FACE_322_270,322,270,4.0356987682708985
1412,face,FACE_121_100,121,100,4.8661389528730705
1413,face,FACE_199_428,199,428,5.989799484330859
1414,face,FACE_379_395,379,395,6.854557871975447
1415,face,FACE_32_171,32,171,6.293167715559486
1416,face,FACE_322_391,322,391,3.8006590783352228
1417,face,FACE_389_301,389,301,10.393473503136473
1418,face,FACE_279_429,279,429,1.9198914995548302
1419,face,FACE_394_379,394,379,4.8115613071154
1420,face,FACE_453_465,453,465,3.4660237095686797
1421,face,FACE_380_252,380,252,1.6586480256421
1422,face,FACE_416_434,416,434,6.383616281556333
1423,face,FACE_362_463,362,463,1.3246201085820215
1424,face,FACE_309_457,309,457,2.551627015438498
1425,face,FACE_6_419,6,419,3.69239186986845
1426,face,FACE_193_245,193,245,3.565913508343946
1427,face,FACE_413_285,413,285,4.7556780756376
1428,face,FACE_310_272,310,272,0.10472836635856736
1429,face,FACE_163_110,163,110,1.8057738738982552
1430,face,FACE_29_30,29,30,1.6310980635112615
1431,face,FACE_69_66,69,66,6.027549128334928
1432,face,FACE_114_217,114,217,2.678201684900312
1433,face,FACE_328_326,328,326,0.7835981725723113
1434,face,FACE_431_418,431,418,6.90281818779636
1435,face,FACE_98_129,98,129,2.902464747265794
1436,face,FACE_171_199,171,199,5.480294982507044
1437,face,FACE_303_269,303,269,1.6340974057321516
1438,face,FACE_91_90,91,90,1.1601568199373795
1439,face,FACE_156_70,156,70,4.148807438709883
1440,face,FACE_282_295,282,295,5.979001026598102
1441,face,FACE_287_410,287,410,3.7984387450139026
1442,face,FACE_73_72,73,72,2.0859804712227765
1443,face,FACE_194_182,194,182,3.338805924686957
1444,face,FACE_408_291,408,291,2.582213870036497
1445,face,FACE_221_56,221,56,1.499947460684262
1446,face,FACE_126_47,126,47,2.768467564374557
1447,face,FACE_137_93,137,93,4.678924148521164
1448,face,FACE_49_209,49,209,2.6971039144789035
1449,face,FACE_257_387,257,387,3.7314335980321007
1450,face,FACE_416_411,416,411,8.84649373781499
1451,face,FACE_176_170,176,170,6.688349639556552
1452,face,FACE_95_96,95,96,0.7030162820833956
1453,face,FACE_235_219,235,219,1.0916273876578464
1454,face,FACE_401_288,401,288,10.632389902685393
1455,face,FACE_346_352,346,352,10.254256894102562
1456,face,FACE_79_237,79,237,0.7911200252578078
1457,face,FACE_218_166,218,166,1.4486396275979938
1458,face,FACE_430_431,430,431,6.058999005164315
1459,face,FACE_289_455,289,455,1.3764119717070125
1460,face,FACE_82_13,82,13,2.074677735535294
1461,face,FACE_108_151,108,151,6.083330204302462
1462,face,FACE_355_437,355,437,3.398972554299992
1463,face,FACE_342_467,342,467,2.193844694133305
1464,face,FACE_276_293,276,293,4.473064772631119
1465,face,FACE_308_325,308,325,2.045674316888586
1466,face,FACE_427_425,427,425,6.604158939136314
1467,face,FACE_97_141,97,141,1.6358699635244784
1468,face,FACE_431_395,431,395,4.570947721679448
1469,face,FACE_423_391,423,391,6.1005934067748635
1470,face,FACE_190_189,190,189,1.1124293250768924
1471,face,FACE_330_349,330,349,5.765854554674245
1472,face,FACE_162_127,162,127,7.1728616640090985
1473,face,FACE_359_263,359,263,1.586262565155173
1474,face,FACE_464_465,464,465,1.6738320503955233
1475,face,FACE_376_352,376,352,6.594997816050778
1476,face,FACE_223_222,223,222,3.1902084483006052
1477,face,FACE_435_401,435,401,7.045968153072262
1478,face,FACE_230_118,230,118,5.81293441955324
1479,face,FACE_222_28,222,28,1.6231429222617393
1480,face,FACE_408_304,408,304,3.191159725960118
1481,face,FACE_50_187,50,187,6.997184819092523
1482,face,FACE_42_183,42,183,0.9194972643916609
1483,face,FACE_183_42,183,42,0.9194972643916609
1484,face,FACE_187_192,187,192,7.872255416496541
1485,face,FACE_25_130,25,130,1.55091716885412
1486,face,FACE_265_340,265,340,3.890809443748805
1487,face,FACE_92_40,92,40,3.763231223639053
1488,face,FACE_371_358,371,358,3.7401141280737855
1489,face,FACE_211_140,211,140,6.604273074276093
1490,face,FACE_35_143,35,143,1.135460500710586
1491,face,FACE_15_85,15,85,3.1222127905377244
1492,face,FACE_142_126,142,126,2.9094510294486824
1493,face,FACE_195_281,195,281,3.3918908038739537
1494,face,FACE_440_457,440,457,2.3498910068092713
1495,face,FACE_221_190,221,190,2.9397516305767333
1496,face,FACE_386_257,386,257,2.513858419567332
1497,face,FACE_277_350,277,350,2.1321180246634373
1498,face,FACE_251_298,251,298,11.678706868650584
1499,face,FACE_383_368,383,368,5.713469703528321
1500,face,FACE_255_448,255,448,3.0969187826899423
1501,face,FACE_290_289,290,289,2.7573546735604806
1502,face,FACE_317_14,317,14,3.1538809009820064
1503,face,FACE_103_54,103,54,5.110803407284678
1504,face,FACE_414_441,414,441,2.7687609736673147
1505,face,FACE_160_30,160,30,2.1649056579626027
1506,face,FACE_174_114,174,114,0.3700617740792603
1507,face,FACE_326_328,326,328,0.7835981725723113
1508,face,FACE_460_328,460,328,4.202393477401638
1509,face,FACE_152_175,152,175,3.246845664149185
1510,face,FACE_124_113,124,113,0.9356923143315136
1511,face,FACE_367_365,367,365,9.359235623112635
1512,face,FACE_98_240,98,240,0.6418415705650878
1513,face,FACE_64_98,64,98,2.2434908016405983
1514,face,FACE_262_428,262,428,6.59820714908602
1515,face,FACE_396_428,396,428,3.8762219349865386
1516,face,FACE_122_188,122,188,2.1476315893693316
1517,face,FACE_327_328,327,328,5.575673881589414
1518,face,FACE_80_42,80,42,1.0021394517808169
1519,face,FACE_265_353,265,353,4.24249859957761
1520,face,FACE_38_82,38,82,1.0307243469281198
1521,face,FACE_282_442,282,442,5.578775060527165
1522,face,FACE_209_49,209,49,2.6971039144789035
1523,face,FACE_73_39,73,39,1.6663572766180526
1524,face,FACE_25_228,25,228,3.354319113788844
1525,face,FACE_302_11,302,11,3.616995554422709
1526,face,FACE_100_142,100,142,3.1363013519012815
1527,face,FACE_447_366,447,366,6.836549969881224
1528,face,FACE_460_305,460,305,1.573076066510508
1529,face,FACE_451_256,451,256,3.0597700078262826
1530,face,FACE_1_19,1,19,2.109148981840844
1531,face,FACE_421_313,421,313,3.7955558941148992
1532,face,FACE_370_2,370,2,1.2013724945920279
1533,face,FACE_434_432,434,432,5.42953264987903
1534,face,FACE_321_375,321,375,3.0690221922971737
1535,face,FACE_308_292,308,292,0.14127854209412635
1536,face,FACE_179_178,179,178,0.8861770270132896
1537,face,FACE_39_167,39,167,5.537860921299687
1538,face,FACE_459_461,459,461,2.723127152057592
1539,face,FACE_46_63,46,63,4.025764153173722
1540,face,FACE_391_326,391,326,8.239816926362158
1541,face,FACE_417_464,417,464,4.386639682037515
1542,face,FACE_197_195,197,195,2.9097892585622596
1543,face,FACE_230_229,230,229,2.7399094653891813
1544,face,FACE_356_368,356,368,10.654056391427803
1545,face,FACE_349_329,349,329,2.381602026874078
1546,face,FACE_241_238,241,238,0.17704692729706725
1547,face,FACE_326_462,326,462,3.228995228844533
1548,face,FACE_52_222,52,222,5.169755879643676
1549,face,FACE_401_376,401,376,7.25832182686025
1550,face,FACE_172_138,172,138,4.963034317293537
1551,face,FACE_245_128,245,128,2.67315794833486
1552,face,FACE_288_435,288,435,5.138037833450126
1553,face,FACE_382_362,382,362,0.6492259639769633
1554,face,FACE_407_306,407,306,2.4238502484939994
1555,face,FACE_187_123,187,123,6.939816212314757
1556,face,FACE_292_325,292,325,2.1641001910318733
1557,face,FACE_212_216,212,216,5.77977831997769
1558,face,FACE_411_425,411,425,10.113633023095145
1559,face,FACE_143_116,143,116,5.590088844234379
1560,face,FACE_349_450,349,450,4.46454655312393
1561,face,FACE_216_186,216,186,2.792682961406354
1562,face,FACE_296_295,296,295,2.54508142585491
1563,face,FACE_18_201,18,201,5.146684741853663
1564,face,FACE_247_30,247,30,1.4183624911374215
1565,face,FACE_262_418,262,418,4.047258363863265
1566,face,FACE_14_316,14,316,3.1181471165694834
1567,face,FACE_14_87,14,87,2.256205178314041
1568,face,FACE_114_174,114,174,0.3700617740792603
1569,face,FACE_195_248,195,248,2.4710956832725257
1570,face,FACE_300_301,300,301,5.6155353768720255
1571,face,FACE_162_71,162,71,4.771320185537385
1572,face,FACE_181_84,181,84,2.3032783667251477
1573,face,FACE_423_371,423,371,6.255479176037009
1574,face,FACE_369_400,369,400,3.4070939637348707
1575,face,FACE_330_329,330,329,4.997805397457
1576,face,FACE_142_129,142,129,3.525793946201009
1577,face,FACE_188_245,188,245,1.9692756489776757
1578,face,FACE_333_334,333,334,6.6813793994195425
1579,face,FACE_334_299,334,299,7.8352296095164276
1580,face,FACE_274_19,274,19,2.467930384099399
1581,face,FACE_251_301,251,301,6.144781896503959
1582,face,FACE_264_383,264,383,10.069236646340666
1583,face,FACE_76_183,76,183,1.2713480144456981
1584,face,FACE_355_358,355,358,5.998667830420753
1585,face,FACE_434_422,434,422,8.197353230999736
1586,face,FACE_286_258,286,258,2.5556244285184517
1587,face,FACE_372_447,372,447,9.82834523938976
1588,face,FACE_31_117,31,117,4.350510791953362
1589,face,FACE_438_392,438,392,2.2848769008205174
1590,face,FACE_38_13,38,13,2.999848063439805
1591,face,FACE_1_274,1,274,2.521280718728773
1592,face,FACE_168_122,168,122,5.073369342832173
1593,face,FACE_121_47,121,47,2.1029793766767053
1594,face,FACE_7_25,7,25,1.267573953525116
1595,face,FACE_138_136,138,136,8.488469389540647
1596,face,FACE_262_431,262,431,6.000902500129449
1597,face,FACE_97_98,97,98,2.7519926612884267
1598,face,FACE_369_377,369,377,7.10602586757799
1599,face,FACE_463_341,463,341,1.3230408791998474
1600,face,FACE_401_366,401,366,7.265763450229647
1601,face,FACE_146_76,146,76,1.1008135622869162
1602,face,FACE_9_107,9,107,5.328411809295912
1603,face,FACE_451_452,451,452,2.858125069723867
1604,face,FACE_238_79,238,79,2.005844453111435
1605,face,FACE_462_461,462,461,1.184081355613019
1606,face,FACE_132_177,132,177,4.500771830411185
1607,face,FACE_441_258,441,258,5.090579289349113
1608,face,FACE_339_390,339,390,2.3291111323856217
1609,face,FACE_204_202,204,202,3.6333380933925046
1610,face,FACE_90_180,90,180,1.3499251555326872
1611,face,FACE_410_270,410,270,5.720365436604356
1612,face,FACE_355_371,355,371,3.7181749030646323
1613,face,FACE_176_140,176,140,3.400133138111119
1614,face,FACE_27_160,27,160,2.9413845512048153
1615,face,FACE_447_454,447,454,5.486171988658008
1616,face,FACE_114_128,114,128,1.865401775778887
1617,face,FACE_466_467,466,467,2.437372643113636
1618,face,FACE_188_114,188,114,2.5800089383254456
1619,face,FACE_141_2,141,2,2.380645499475757
1620,face,FACE_91_181,91,181,1.7873447694130324
1621,face,FACE_78_62,78,62,0.5383514177488128
1622,face,FACE_232_120,232,120,4.122971656317771
1623,face,FACE_48_219,48,219,1.0516987011675962
1624,face,FACE_400_378,400,378,6.406552667109101
1625,face,FACE_207_212,207,212,8.320168997489041
1626,face,FACE_406_421,406,421,6.260524743574763
1627,face,FACE_199_208,199,208,4.569477822872973
1628,face,FACE_439_455,439,455,1.0872349952869567
1629,face,FACE_250_290,250,290,3.2438989861204797
1630,face,FACE_405_313,405,313,5.501114399739569
1631,face,FACE_269_303,269,303,1.6340974057321516
1632,face,FACE_295_441,295,441,5.1067366099712626
1633,face,FACE_36_101,36,101,3.4668010968852596
1634,face,FACE_261_448,261,448,2.576711045277051
1635,face,FACE_388_260,388,260,2.3399790260462385
1636,face,FACE_20_242,20,242,0.5696540318736215
1637,face,FACE_414_398,414,398,1.8105983884370254
1638,face,FACE_273_422,273,422,3.8127161054154657
1639,face,FACE_433_411,433,411,8.170069219615325
1640,face,FACE_4_5,4,5,3.757297014175641
1641,face,FACE_159_28,159,28,2.812729495031179
1642,face,FACE_255_261,255,261,3.5863652290148895
1643,face,FACE_175_152,175,152,3.246845664149185
1644,face,FACE_117_31,117,31,4.350510791953362
1645,face,FACE_99_242,99,242,1.096470529793345
1646,face,FACE_133_155,133,155,0.6721626201018671
1647,face,FACE_53_46,53,46,2.5924957613882307
1648,face,FACE_66_65,66,65,2.4086526339207825
1649,face,FACE_406_313,406,313,4.667928934146005
1650,face,FACE_322_436,322,436,6.435485593593778
1651,face,FACE_337_299,337,299,7.201086786146406
1652,face,FACE_134_236,134,236,2.922254625667905
1653,face,FACE_456_399,456,399,2.563885236841554
1654,face,FACE_328_250,328,250,2.8670285907424717
1655,face,FACE_247_33,247,33,1.6196988015876375
1656,face,FACE_365_397,365,397,7.66323198201069
1657,face,FACE_70_71,70,71,1.164909851806549
1658,face,FACE_338_151,338,151,12.428901519401185
1659,face,FACE_35_113,35,113,4.028630862227744
1660,face,FACE_94_19,94,19,1.4548397191560354
1661,face,FACE_194_106,194,106,5.062116344517805
1662,face,FACE_447_323,447,323,9.875606894283914
1663,face,FACE_31_228,31,228,1.0814736690603095
1664,face,FACE_185_57,185,57,2.704184084359603
1665,face,FACE_63_68,63,68,2.641962063044577
1666,face,FACE_104_69,104,69,4.136192867934982
1667,face,FACE_43_202,43,202,2.366515972059715
1668,face,FACE_217_126,217,126,2.528566690804149
1669,face,FACE_21_71,21,71,1.6260270294978398
1670,face,FACE_454_447,454,447,5.486171988658008
1671,face,FACE_140_171,140,171,3.66571329738196
1672,face,FACE_398_286,398,286,3.319525586461839
1673,face,FACE_245_193,245,193,3.565913508343946
1674,face,FACE_56_28,56,28,2.4064026287629035
1675,face,FACE_196_188,196,188,0.8536729469476085
1676,face,FACE_435_433,435,433,6.04335339091897
1677,face,FACE_54_104,54,104,1.8898654546423455
1678,face,FACE_368_300,368,300,9.48719877411695
1679,face,FACE_273_291,273,291,3.4147966056805767
1680,face,FACE_92_216,92,216,2.85766264368593
1681,face,FACE_255_359,255,359,1.9273584309065277
1682,face,FACE_437_399,437,399,3.391777715783493
1683,face,FACE_309_250,309,250,3.112533877497638
1684,face,FACE_322_269,322,269,6.312864635585232
1685,face,FACE_113_46,113,46,3.558358579713094
1686,face,FACE_59_75,59,75,0.9496978524724998
1687,face,FACE_146_43,146,43,2.2061752884679757
1688,face,FACE_358_371,358,371,3.7401141280737855
1689,face,FACE_362_341,362,341,1.0249634888900718
1690,face,FACE_148_152,148,152,5.213684005144944
1691,face,FACE_200_428,200,428,7.071638823969828
1692,face,FACE_140_148,140,148,6.50186411536063
1693,face,FACE_221_222,221,222,3.932526213164292
1694,face,FACE_200_199,200,199,4.262277084760467
1695,face,FACE_240_235,240,235,1.3457400728975815
1696,face,FACE_272_304,272,304,0.8731505275155544
1697,face,FACE_232_231,232,231,2.4431546153817507
1698,face,FACE_421_18,421,18,5.982943985051894
1699,face,FACE_446_340,446,340,5.563059336817837
1700,face,FACE_55_189,55,189,4.628642286123631
1701,face,FACE_169_211,169,211,2.0908199115647372
1702,face,FACE_287_432,287,432,3.489674370865336
1703,face,FACE_228_117,228,117,3.7399659250632293
1704,face,FACE_233_232,233,232,1.7555842010181475
1705,face,FACE_125_141,125,141,1.599641774138427
1706,face,FACE_453_464,453,464,2.2453038182390492
1707,face,FACE_310_415,310,415,2.7367888130792615
1708,face,FACE_289_392,289,392,0.7195771266201837
1709,face,FACE_416_433,416,433,5.448459543496587
1710,face,FACE_322_426,322,426,4.8349416479224345
1711,face,FACE_294_327,294,327,2.011182003096741
1712,face,FACE_118_101,118,101,3.4106482717276987
1713,face,FACE_199_175,199,175,3.8003333195191837
1714,face,FACE_438_457,438,457,3.2451030804338887
1715,face,FACE_366_352,366,352,7.751619236984168
1716,face,FACE_404_315,404,315,3.8484622251738627
1717,face,FACE_269_270,269,270,3.7476187368514013
1718,face,FACE_367_433,367,433,9.470231516482206
1719,face,FACE_298_333,298,333,7.437549056048426
1720,face,FACE_311_272,311,272,2.994187723400242
1721,face,FACE_0_267,0,267,3.7950849969621125
1722,face,FACE_252_451,252,451,1.842009883460815
1723,face,FACE_179_89,179,89,1.073641679221976
1724,face,FACE_25_31,25,31,2.6804403138636292
1725,face,FACE_278_360,278,360,3.72434519836941
1726,face,FACE_269_391,269,391,4.6462954229306614
1727,face,FACE_325_292,325,292,2.1641001910318733
1728,face,FACE_413_441,413,441,2.9256350645105402
1729,face,FACE_107_69,107,69,7.68400045793954
1730,face,FACE_92_206,92,206,3.8612441271550977
1731,face,FACE_365_364,365,364,5.407663363550398
1732,face,FACE_363_440,363,440,2.8385087006572487
1733,face,FACE_62_183,62,183,0.6058879319126536
1734,face,FACE_187_214,187,214,10.89922414030429
1735,face,FACE_455_294,455,294,1.5408752558436272
1736,face,FACE_133_243,133,243,0.5526313927033077
1737,face,FACE_387_388,387,388,1.9329455180754982
1738,face,FACE_219_166,219,166,0.993709161870463
1739,face,FACE_350_357,350,357,2.907546723432378
1740,face,FACE_109_151,109,151,8.007856195185385
1741,face,FACE_448_254,448,254,5.649326113213011
1742,face,FACE_419_456,419,456,4.185947804692464
1743,face,FACE_431_430,431,430,6.058999005164315
1744,face,FACE_50_101,50,101,6.117398500918666
1745,face,FACE_423_426,423,426,4.272605995153788
1746,face,FACE_222_27,222,27,2.6043552256220055
1747,face,FACE_287_422,287,422,5.218737336420314
1748,face,FACE_321_335,321,335,3.618154121086991
1749,face,FACE_152_377,152,377,6.3466343968364605
1750,face,FACE_165_167,165,167,4.023733307252047
1751,face,FACE_167_97,167,97,2.526533925039748
1752,face,FACE_43_61,43,61,2.857254463928195
1753,face,FACE_306_291,306,291,0.6814994819384432
1754,face,FACE_79_20,79,20,3.0172248707637968
1755,face,FACE_465_464,465,464,1.6738320503955233
1756,face,FACE_432_287,432,287,3.489674370865336
1757,face,FACE_195_51,195,51,4.689461736913931
1758,face,FACE_221_189,221,189,2.8942447944684875
1759,face,FACE_239_237,239,237,0.9889122583708199
1760,face,FACE_85_179,85,179,2.197245354932308
1761,face,FACE_272_271,272,271,3.045986200960547
1762,face,FACE_445_342,445,342,3.3475434226164045
1763,face,FACE_344_439,344,439,3.017513610206367
1764,face,FACE_42_74,42,74,1.2235941061199749
1765,face,FACE_162_139,162,139,1.5628073944966663
1766,face,FACE_347_450,347,450,6.572517009858379
1767,face,FACE_133_112,133,112,1.0851904694883512
1768,face,FACE_387_257,387,257,3.7314335980321007
1769,face,FACE_460_327,460,327,1.5206105096344156
1770,face,FACE_57_202,57,202,4.280603909342063
1771,face,FACE_271_311,271,311,0.2058086961197661
1772,face,FACE_123_147,123,147,6.026789461699974
1773,face,FACE_437_343,437,343,2.6918714105481008
1774,face,FACE_275_281,275,281,3.4610337989973345
1775,face,FACE_340_261,340,261,4.465070672150628
1776,face,FACE_161_30,161,30,1.9339057930219279
1777,face,FACE_338_337,338,337,7.359510824000876
1778,face,FACE_357_350,357,350,2.907546723432378
1779,face,FACE_217_47,217,47,0.41349860729219
1780,face,FACE_309_459,309,459,1.7239205686512633
1781,face,FACE_255_339,255,339,2.0655182235491227
1782,face,FACE_287_291,287,291,3.092045190017842
1783,face,FACE_139_127,139,127,7.075508832450713
1784,face,FACE_268_12,268,12,3.36669388747134
1785,face,FACE_38_81,38,81,0.9159986398586819
1786,face,FACE_230_22,230,22,3.9079547804655848
1787,face,FACE_101_100,101,100,4.263345687996073
1788,face,FACE_81_42,81,42,2.077287263214919
1789,face,FACE_220_237,220,237,2.1330297054759564
1790,face,FACE_404_403,404,403,1.2334866245766656
1791,face,FACE_351_168,351,168,3.97693470912714
1792,face,FACE_405_404,405,404,1.7330917967759536
1793,face,FACE_61_185,61,185,1.3086742540531622
1794,face,FACE_396_175,396,175,6.444900360685612
1795,face,FACE_93_137,93,137,4.678924148521164
1796,face,FACE_79_239,79,239,0.41568047495658766
1797,face,FACE_313_406,313,406,4.667928934146005
1798,face,FACE_424_273,424,273,5.542535705435431
1799,face,FACE_266_330,266,330,4.349329634967722
1800,face,FACE_196_122,196,122,3.0013038642827996
1801,face,FACE_435_367,435,367,7.574786185051697
1802,face,FACE_108_9,108,9,9.013367852937069
1803,face,FACE_242_238,242,238,1.5914947406460178
1804,face,FACE_375_273,375,273,3.1799743979318023
1805,face,FACE_293_283,293,283,2.982123089181849
1806,face,FACE_205_207,205,207,5.344751751454535
1807,face,FACE_123_137,123,137,2.6107947391570105
1808,face,FACE_130_33,130,33,0.4569312696622981
1809,face,FACE_223_224,223,224,2.496697860983568
1810,face,FACE_230_120,230,120,2.550532091170552
1811,face,FACE_408_306,408,306,1.9157950794341454
1812,face,FACE_92_186,92,186,2.873106720014037
1813,face,FACE_345_366,345,366,10.751790675021642
1814,face,FACE_18_200,18,200,3.6044516975177427
1815,face,FACE_65_52,65,52,3.6045665430042027
1816,face,FACE_76_61,76,61,0.5926943108593309
1817,face,FACE_9_8,9,8,3.8041212589606888
1818,face,FACE_342_446,342,446,2.9616545299353776
1819,face,FACE_14_86,14,86,2.931932126641397
1820,face,FACE_202_57,202,57,4.280603909342063
1821,face,FACE_335_321,335,321,3.618154121086991
1822,face,FACE_20_166,20,166,2.984245278501952
1823,face,FACE_379_364,379,364,9.692508121956667
1824,face,FACE_265_342,265,342,6.1650670426638
1825,face,FACE_32_140,32,140,3.6205196868073535
1826,face,FACE_385_258,385,258,2.5453792673467848
1827,face,FACE_390_373,390,373,1.9781869514343178
1828,face,FACE_231_120,231,120,2.0385485935992245
1829,face,FACE_77_62,77,62,0.6791363755781825
1830,face,FACE_257_258,257,258,3.0148605615436836
1831,face,FACE_15_316,15,316,3.3463569136695557
1832,face,FACE_42_41,42,41,1.227880148579136
1833,face,FACE_289_290,289,290,2.7573546735604806
1834,face,FACE_340_372,340,372,5.738450725280953
1835,face,FACE_187_50,187,50,6.997184819092523
1836,face,FACE_352_346,352,346,10.254256894102562
1837,face,FACE_70_139,70,139,4.108399145765293
1838,face,FACE_416_367,416,367,7.158646420936916
1839,face,FACE_41_81,41,81,1.0044480279870682
1840,face,FACE_285_441,285,441,4.181500700840631
1841,face,FACE_277_437,277,437,3.59453466105947
1842,face,FACE_178_86,178,86,1.4775074734829627
1843,face,FACE_224_53,224,53,2.3346599387423095
1844,face,FACE_284_333,284,333,12.251518021588605
1845,face,FACE_116_111,116,111,2.793871048465154
1846,face,FACE_108_107,108,107,7.206435139562855
1847,face,FACE_415_407,415,407,0.43204547911478014
1848,face,FACE_1_44,1,44,1.7972542312156952
1849,face,FACE_327_294,327,294,2.011182003096741
1850,face,FACE_439_392,439,392,1.2563830547440258
1851,face,FACE_57_61,57,61,2.4127244214435177
1852,face,FACE_138_135,138,135,3.810418994310916
1853,face,FACE_109_108,109,108,6.357030766807935
1854,face,FACE_229_24,229,24,2.849928275143486
1855,face,FACE_106_182,106,182,2.5477716178780505
1856,face,FACE_277_329,277,329,3.648796607870539
1857,face,FACE_278_294,278,294,1.7541555821210566
1858,face,FACE_274_440,274,440,4.325590946663187
1859,face,FACE_436_322,436,322,6.435485593593778
1860,face,FACE_422_424,422,424,5.0952061199635335
1861,face,FACE_286_414,286,414,3.059342782042368
1862,face,FACE_360_363,360,363,4.092070574186735
1863,face,FACE_359_255,359,255,1.9273584309065277
1864,face,FACE_85_15,85,15,3.1222127905377244
1865,face,FACE_397_367,397,367,5.29002017641288
1866,face,FACE_224_30,224,30,2.4549355636966754
1867,face,FACE_27_159,27,159,2.262819230643062
1868,face,FACE_139_71,139,71,5.028619555053468
1869,face,FACE_406_335,406,335,4.289210321462918
1870,face,FACE_344_360,344,360,1.9933172902217893
1871,face,FACE_348_330,348,330,3.063908104337536
1872,face,FACE_418_431,418,431,6.90281818779636
1873,face,FACE_269_302,269,302,4.7801766939059975
1874,face,FACE_189_193,189,193,0.8102455460337994
1875,face,FACE_36_100,36,100,6.399746778842814
1876,face,FACE_230_231,230,231,2.9604905562921653
1877,face,FACE_169_135,169,135,3.9336219513464648
1878,face,FACE_441_414,441,414,2.7687609736673147
1879,face,FACE_447_345,447,345,7.017784838836865
1880,face,FACE_407_272,407,272,3.0572301525035077
1881,face,FACE_44_220,44,220,2.723113338249568
1882,face,FACE_100_121,100,121,4.8661389528730705
1883,face,FACE_200_208,200,208,6.002397657985529
1884,face,FACE_264_372,264,372,6.366110792267932
1885,face,FACE_270_303,270,303,4.181950858815582
1886,face,FACE_271_268,271,268,3.572367505757471
1887,face,FACE_276_383,276,383,6.892244329385318
1888,face,FACE_434_411,434,411,11.906163851283727
1889,face,FACE_198_134,198,134,0.8140125088125294
1890,face,FACE_144_163,144,163,1.1024752052886135
1891,face,FACE_411_427,411,427,5.923742345519112
1892,face,FACE_349_452,349,452,3.6139152828439887
1893,face,FACE_275_274,275,274,2.994760950474671
1894,face,FACE_242_97,242,97,1.4866603706338561
1895,face,FACE_307_306,307,306,2.1105750775572707
1896,face,FACE_133_190,133,190,1.736073192125959
1897,face,FACE_234_93,234,93,6.61661728693805
1898,face,FACE_5_4,5,4,3.757297014175641
1899,face,FACE_445_276,445,276,3.279831218582168
1900,face,FACE_329_330,329,330,4.997805397457
1901,face,FACE_374_252,374,252,2.944238882568207
1902,face,FACE_27_28,27,28,2.5600345305892698
1903,face,FACE_0_11,0,11,1.5175224192106418
1904,face,FACE_437_277,437,277,3.59453466105947
1905,face,FACE_382_341,382,341,1.2125979956919772
1906,face,FACE_140_170,140,170,3.326311712068589
1907,face,FACE_280_330,280,330,8.73344070316906
1908,face,FACE_166_79,166,79,0.8564542682023037
1909,face,FACE_111_143,111,143,2.923929780893661
1910,face,FACE_226_130,226,130,1.4152705073125997
1911,face,FACE_186_57,186,57,3.1120024339179615
1912,face,FACE_391_426,391,426,6.753282165849042
1913,face,FACE_105_69,105,69,7.363397229943882
1914,face,FACE_123_117,123,117,7.235401260177785
1915,face,FACE_256_381,256,381,1.4787051438668966
1916,face,FACE_301_389,301,389,10.393473503136473
1917,face,FACE_428_200,428,200,7.071638823969828
1918,face,FACE_167_165,167,165,4.023733307252047
1919,face,FACE_132_58,132,58,7.408302597780442
1920,face,FACE_19_1,19,1,2.109148981840844
1921,face,FACE_125_19,125,19,1.17283298468144
1922,face,FACE_89_96,89,96,0.7190539729885324
1923,face,FACE_418_421,418,421,5.765692134987972
1924,face,FACE_340_352,340,352,9.682979482364903
1925,face,FACE_48_64,48,64,1.5837855902027955
1926,face,FACE_228_31,228,31,1.0814736690603095
1927,face,FACE_459_309,459,309,1.7239205686512633
1928,face,FACE_72_12,72,12,3.3551382070849063
1929,face,FACE_169_210,169,210,4.022657711216593
1930,face,FACE_215_177,215,177,6.054501320300213
1931,face,FACE_172_215,172,215,9.913330376213732
1932,face,FACE_215_213,215,213,3.4607501736502426
1933,face,FACE_455_460,455,460,1.0747791936694429
1934,face,FACE_417_168,417,168,3.974158012755694
1935,face,FACE_461_354,461,354,1.1445022859637797
1936,face,FACE_413_463,413,463,2.776965182360764
1937,face,FACE_290_392,290,392,2.6486077228534604
1938,face,FACE_43_106,43,106,2.3096853322873354
1939,face,FACE_423_327,423,327,5.163332643085962
1940,face,FACE_300_293,300,293,5.804252585063879
1941,face,FACE_34_143,34,143,0.920645070040411
1942,face,FACE_207_214,207,214,8.980915897405872
1943,face,FACE_119_101,119,101,3.2755287945866334
1944,face,FACE_299_297,299,297,7.125836487113343
1945,face,FACE_377_396,377,396,3.2710478491667114
1946,face,FACE_171_148,171,148,3.1298369222429674
1947,face,FACE_40_73,40,73,1.9420760679926052
1948,face,FACE_41_38,41,38,1.6969639514427863
1949,face,FACE_273_424,273,424,5.542535705435431
1950,face,FACE_146_91,146,91,1.187031663184493
1951,face,FACE_141_125,141,125,1.599641774138427
1952,face,FACE_299_333,299,333,8.407783343131413
1953,face,FACE_12_11,12,11,1.3340647932896634
1954,face,FACE_218_79,218,79,1.0239800000425645
1955,face,FACE_50_123,50,123,2.235209527432204
1956,face,FACE_255_263,255,263,1.7082889545653155
1957,face,FACE_180_89,180,89,1.5199405204776821
1958,face,FACE_233_244,233,244,2.037278702536139
1959,face,FACE_45_44,45,44,3.001037617093896
1960,face,FACE_217_236,217,236,0.3844894186815176
1961,face,FACE_351_465,351,465,3.9298527528470175
1962,face,FACE_96_95,96,95,0.7030162820833956
1963,face,FACE_187_213,187,213,4.46884782838914
1964,face,FACE_113_35,113,35,4.028630862227744
1965,face,FACE_352_280,352,280,10.656822789898
1966,face,FACE_426_266,426,266,7.025102002238761
1967,face,FACE_292_415,292,415,2.245402484977334
1968,face,FACE_65_107,65,107,4.6175278555852985
1969,face,FACE_164_0,164,0,4.561236776447398
1970,face,FACE_2_167,2,167,4.201889927656843
1971,face,FACE_22_145,22,145,2.7300178744001764
1972,face,FACE_444_283,444,283,2.783689051371193
1973,face,FACE_429_420,429,420,3.2601744956820164
1974,face,FACE_34_156,34,156,5.755388314291747
1975,face,FACE_100_101,100,101,4.263345687996073
1976,face,FACE_291_306,291,306,0.6814994819384432
1977,face,FACE_138_213,138,213,8.690958675700177
1978,face,FACE_391_393,391,393,7.142368559477348
1979,face,FACE_43_204,43,204,4.550084846135433
1980,face,FACE_294_460,294,460,2.3346276030964286
1981,face,FACE_414_413,414,413,2.2031884606425765
1982,face,FACE_319_404,319,404,3.382736075216547
1983,face,FACE_420_456,420,456,3.7592829226263293
1984,face,FACE_352_401,352,401,11.535049116932177
1985,face,FACE_413_417,413,417,3.478961679330519
1986,face,FACE_292_307,292,307,1.689341600763488
1987,face,FACE_175_396,175,396,6.444900360685612
1988,face,FACE_223_27,223,27,1.8443060175701533
1989,face,FACE_209_129,209,129,4.023109084789666
1990,face,FACE_422_273,422,273,3.8127161054154657
1991,face,FACE_214_207,214,207,8.980915897405872
1992,face,FACE_206_203,206,203,3.7437577945069433
1993,face,FACE_131_209,131,209,1.2088165165247142
1994,face,FACE_232_112,232,112,2.5007586200014855
1995,face,FACE_425_427,425,427,6.604158939136314
1996,face,FACE_392_250,392,250,5.430894328227268
1997,face,FACE_457_459,457,459,1.0318943251452062
1998,face,FACE_444_260,444,260,2.844934457725817
1999,face,FACE_281_4,281,4,4.985621770808461
2000,face,FACE_433_367,433,367,9.470231516482206
2001,face,FACE_199_200,199,200,4.262277084760467
2002,face,FACE_197_419,197,419,2.700489485893049
2003,face,FACE_11_0,11,0,1.5175224192106418
2004,face,FACE_344_438,344,438,1.7526808335355384
2005,face,FACE_122_245,122,245,0.38102733207015427
2006,face,FACE_300_368,300,368,9.48719877411695
2007,face,FACE_86_179,86,179,1.7021415745688446
2008,face,FACE_32_208,32,208,3.5579884807689006
2009,face,FACE_232_233,232,233,1.7555842010181475
2010,face,FACE_446_342,446,342,2.9616545299353776
2011,face,FACE_203_206,203,206,3.7437577945069433
2012,face,FACE_449_347,449,347,3.4335250864764286
2013,face,FACE_202_210,202,210,2.9705560859777105
2014,face,FACE_19_354,19,354,1.470528834011376
2015,face,FACE_19_125,19,125,1.17283298468144
2016,face,FACE_220_115,220,115,1.2715760532731852
2017,face,FACE_412_465,412,465,2.2646018940583916
2018,face,FACE_206_216,206,216,4.434253904282033
2019,face,FACE_154_26,154,26,1.2744575785978878
2020,face,FACE_452_357,452,357,3.4012816436494844
2021,face,FACE_70_63,70,63,3.20124626205462
2022,face,FACE_170_150,170,150,1.360910492212871
2023,face,FACE_135_192,135,192,8.97421459882768
2024,face,FACE_69_67,69,67,5.122779886690211
2025,face,FACE_421_406,421,406,6.260524743574763
2026,face,FACE_367_435,367,435,7.574786185051697
2027,face,FACE_328_327,328,327,5.575673881589414
2028,face,FACE_333_293,333,293,7.123718166146566
2029,face,FACE_139_162,139,162,1.5628073944966663
2030,face,FACE_305_460,305,460,1.573076066510508
2031,face,FACE_97_165,97,165,5.578048949943971
2032,face,FACE_393_164,393,164,4.186490900505713
2033,face,FACE_303_270,303,270,4.181950858815582
2034,face,FACE_268_312,268,312,0.5994204722997039
2035,face,FACE_341_382,341,382,1.2125979956919772
2036,face,FACE_421_262,421,262,7.481672438047327
2037,face,FACE_440_275,440,275,3.44942332803571
2038,face,FACE_25_33,25,33,1.7421432972434396
2039,face,FACE_258_384,258,384,3.5467671918446677
2040,face,FACE_332_333,332,333,6.667631577127037
2041,face,FACE_364_365,364,365,5.407663363550398
2042,face,FACE_269_393,269,393,6.398849445767501
2043,face,FACE_222_52,222,52,5.169755879643676
2044,face,FACE_437_355,437,355,3.398972554299992
2045,face,FACE_96_62,96,62,0.5684430094145829
2046,face,FACE_6_168,6,168,3.2209789490066774
2047,face,FACE_440_360,440,360,4.531372042851275
2048,face,FACE_58_215,58,215,5.031230577626372
2049,face,FACE_397_435,397,435,10.382442278715677
2050,face,FACE_465_453,465,453,3.4660237095686797
2051,face,FACE_358_327,358,327,3.927058565704329
2052,face,FACE_417_413,417,413,3.478961679330519
2053,face,FACE_135_169,135,169,3.9336219513464648
2054,face,FACE_125_241,125,241,0.524775057932553
2055,face,FACE_326_2,326,2,4.0593534075480235
2056,face,FACE_291_273,291,273,3.4147966056805767
2057,face,FACE_49_102,49,102,1.4896787671237341
2058,face,FACE_75_240,75,240,0.7908650318287626
2059,face,FACE_61_76,61,76,0.5926943108593309
2060,face,FACE_372_383,372,383,5.494242336419208
2061,face,FACE_205_206,205,206,4.003373141449199
2062,face,FACE_184_183,184,183,0.959202571346429
2063,face,FACE_144_110,144,110,2.040782622259135
2064,face,FACE_23_229,23,229,4.216023320469435
2065,face,FACE_412_419,412,419,3.9973748218460123
2066,face,FACE_9_151,9,151,7.936439765397686
2067,face,FACE_62_77,62,77,0.6791363755781825
2068,face,FACE_327_460,327,460,1.5206105096344156
2069,face,FACE_325_307,325,307,0.7514213833173625
2070,face,FACE_310_407,310,407,3.040354546892559
2071,face,FACE_329_277,329,277,3.648796607870539
2072,face,FACE_195_197,195,197,2.9097892585622596
2073,face,FACE_267_302,267,302,1.8723654255607283
2074,face,FACE_10_151,10,151,7.143584638370151
2075,face,FACE_170_140,170,140,3.326311712068589
2076,face,FACE_28_56,28,56,2.4064026287629035
2077,face,FACE_288_361,288,361,8.88652573843136
2078,face,FACE_363_275,363,275,4.689676886920971
2079,face,FACE_15_86,15,86,2.4718348797983203
2080,face,FACE_463_362,463,362,1.3246201085820215
2081,face,FACE_209_217,209,217,4.678055578813173
2082,face,FACE_106_204,106,204,3.0011659354709774
2083,face,FACE_213_187,213,187,4.46884782838914
2084,face,FACE_386_258,386,258,3.6388978321332015
2085,face,FACE_215_147,215,147,8.744304738931108
2086,face,FACE_127_34,127,34,2.915806289454981
2087,face,FACE_387_259,387,259,2.5138995418097534
2088,face,FACE_71_139,71,139,5.028619555053468
2089,face,FACE_240_60,240,60,1.735349278405621
2090,face,FACE_432_410,432,410,6.881948571374246
2091,face,FACE_241_141,241,141,2.089008212057707
2092,face,FACE_214_187,214,187,10.89922414030429
2093,face,FACE_225_53,225,53,3.4408917061390385
2094,face,FACE_111_31,111,31,3.0097061645045975
2095,face,FACE_430_422,430,422,4.810258316796257
2096,face,FACE_117_111,117,111,1.6454832076134078
2097,face,FACE_182_91,182,91,4.561183594738302
2098,face,FACE_229_23,229,23,4.216023320469435
2099,face,FACE_134_51,134,51,1.8963290425881802
2100,face,FACE_174_236,174,236,2.566324749618261
2101,face,FACE_319_325,319,325,2.413395608451672
2102,face,FACE_419_412,419,412,3.9973748218460123
2103,face,FACE_9_285,9,285,6.277919479545727
2104,face,FACE_98_97,98,97,2.7519926612884267
2105,face,FACE_282_443,282,443,2.51260010604516
2106,face,FACE_73_40,73,40,1.9420760679926052
2107,face,FACE_302_12,302,12,3.4648123930475836
2108,face,FACE_318_402,318,402,3.139670865623847
2109,face,FACE_404_405,404,405,1.7330917967759536
2110,face,FACE_275_440,275,440,3.44942332803571
2111,face,FACE_34_234,34,234,8.052775049838873
2112,face,FACE_65_221,65,221,6.031211243360239
2113,face,FACE_86_15,86,15,2.4718348797983203
2114,face,FACE_405_406,405,406,3.82976454732969
2115,face,FACE_358_294,358,294,2.3502243180686264
2116,face,FACE_225_30,225,30,1.5849655394459792
2117,face,FACE_116_123,116,123,6.049095919460645
2118,face,FACE_309_438,309,438,0.9347925873840225
2119,face,FACE_135_136,135,136,4.691937896993793
2120,face,FACE_196_3,196,3,2.6318431759751384
2121,face,FACE_440_363,440,363,2.8385087006572487
2122,face,FACE_272_407,272,407,3.0572301525035077
2123,face,FACE_467_466,467,466,2.437372643113636
2124,face,FACE_273_335,273,335,3.978358735253988
2125,face,FACE_438_439,438,439,3.3181774386988137
2126,face,FACE_226_31,226,31,2.5926198725965004
2127,face,FACE_110_228,110,228,2.80393168445517
2128,face,FACE_391_327,391,327,4.557986057817647
2129,face,FACE_449_448,449,448,3.805632877930593
2130,face,FACE_197_196,197,196,2.185357639666025
2131,face,FACE_129_98,129,98,2.902464747265794
2132,face,FACE_61_43,61,43,2.857254463928195
2133,face,FACE_106_194,106,194,5.062116344517805
2134,face,FACE_52_223,52,223,2.804877680531189
2135,face,FACE_237_125,237,125,3.2543205858648445
2136,face,FACE_33_246,33,246,0.5516448810660938
2137,face,FACE_341_362,341,362,1.0249634888900718
2138,face,FACE_53_224,53,224,2.3346599387423095
2139,face,FACE_408_272,408,272,3.6385576000276987
2140,face,FACE_45_220,45,220,1.358300522531724
2141,face,FACE_280_352,280,352,10.656822789898
2142,face,FACE_351_412,351,412,3.002941893548531
2143,face,FACE_271_303,271,303,1.010310955453217
2144,face,FACE_231_230,231,230,2.9604905562921653
2145,face,FACE_267_269,267,269,4.873964808629825
2146,face,FACE_79_218,79,218,1.0239800000425645
2147,face,FACE_37_72,37,72,1.860512331306488
2148,face,FACE_390_339,390,339,2.3291111323856217
2149,face,FACE_313_421,313,421,3.7955558941148992
2150,face,FACE_157_173,157,173,1.4875070398086012
2151,face,FACE_437_456,437,456,3.838834469268511
2152,face,FACE_458_250,458,250,0.8489994904673391
2153,face,FACE_47_121,47,121,2.1029793766767053
2154,face,FACE_60_240,60,240,1.735349278405621
2155,face,FACE_412_399,412,399,2.8785133395655365
2156,face,FACE_39_37,39,37,2.714935362892585
2157,face,FACE_76_184,76,184,0.8578000384446802
2158,face,FACE_123_116,123,116,6.049095919460645
2159,face,FACE_362_398,362,398,0.9075640727177926
2160,face,FACE_309_392,309,392,2.7997567193677955
2161,face,FACE_302_267,302,267,1.8723654255607283
2162,face,FACE_293_298,293,298,5.996666560189813
2163,face,FACE_92_165,92,165,2.533483614086668
2164,face,FACE_4_281,4,281,4.985621770808461
2165,face,FACE_186_92,186,92,2.873106720014037
2166,face,FACE_58_172,58,172,5.72878493152745
2167,face,FACE_3_236,3,236,2.014916129080666
2168,face,FACE_105_104,105,104,4.239647052193769
2169,face,FACE_178_88,178,88,1.0577503687898822
2170,face,FACE_418_335,418,335,5.925506917089782
2171,face,FACE_395_431,395,431,4.570947721679448
2172,face,FACE_108_109,108,109,6.357030766807935
2173,face,FACE_428_199,428,199,5.989799484330859
2174,face,FACE_194_32,194,32,3.597453774059663
2175,face,FACE_99_60,99,60,0.7360297490023521
2176,face,FACE_250_458,250,458,0.8489994904673391
2177,face,FACE_97_99,97,99,0.6819945837634327
2178,face,FACE_83_201,83,201,3.5391204116758037
2179,face,FACE_98_64,98,64,2.2434908016405983
2180,face,FACE_343_277,343,277,3.11134269598113
2181,face,FACE_35_124,35,124,3.945218560780514
2182,face,FACE_114_188,114,188,2.5800089383254456
2183,face,FACE_5_281,5,281,2.6863242762779493
2184,face,FACE_440_438,440,438,3.232636287510701
2185,face,FACE_372_340,372,340,5.738450725280953
2186,face,FACE_243_189,243,189,2.4065020787869646
2187,face,FACE_90_96,90,96,0.9549115012766829
2188,face,FACE_419_6,419,6,3.69239186986845
2189,face,FACE_323_447,323,447,9.875606894283914
2190,face,FACE_9_108,9,108,9.013367852937069
2191,face,FACE_289_305,289,305,0.7885764330708022
2192,face,FACE_216_92,216,92,2.85766264368593
2193,face,FACE_433_435,433,435,6.04335339091897
2194,face,FACE_212_207,212,207,8.320168997489041
2195,face,FACE_411_416,411,416,8.84649373781499
2196,face,FACE_130_25,130,25,1.55091716885412
2197,face,FACE_129_209,129,209,4.023109084789666
2198,face,FACE_441_295,441,295,5.1067366099712626
2199,face,FACE_392_439,392,439,1.2563830547440258
2200,face,FACE_91_182,91,182,4.561183594738302
2201,face,FACE_331_279,331,279,1.8443010880903326
2202,face,FACE_270_269,270,269,3.7476187368514013
2203,face,FACE_329_355,329,355,4.232210391582284
2204,face,FACE_295_442,295,442,2.750046105692244
2205,face,FACE_241_242,241,242,1.4426213082877408
2206,face,FACE_301_293,301,293,10.434471828248086
2207,face,FACE_18_313,18,313,3.9738473172300903
2208,face,FACE_93_227,93,227,8.725803457119532
2209,face,FACE_399_419,399,419,3.056590571752355
2210,face,FACE_419_248,419,248,2.8396952980384413
2211,face,FACE_303_302,303,302,4.064566184234359
2212,face,FACE_274_275,274,275,2.994760950474671
2213,face,FACE_41_73,41,73,1.3940732059543508
2214,face,FACE_252_256,252,256,2.351510312521085
2215,face,FACE_37_39,37,39,2.714935362892585
2216,face,FACE_304_303,304,303,3.401823000303791
2217,face,FACE_156_139,156,139,0.5104181107752493
2218,face,FACE_296_299,296,299,7.329379976865114
2219,face,FACE_351_6,351,6,2.9258736031828563
2220,face,FACE_242_99,242,99,1.096470529793345
2221,face,FACE_188_128,188,128,0.7626660540724224
2222,face,FACE_467_446,467,446,4.363618021466826
2223,face,FACE_371_329,371,329,3.3657229064330965
2224,face,FACE_337_336,337,336,8.003511648740403
2225,face,FACE_402_316,402,316,3.5644456642081
2226,face,FACE_235_59,235,59,0.8354578598217018
2227,face,FACE_67_103,67,103,5.077194826008873
2228,face,FACE_125_44,125,44,2.3443076714788385
2229,face,FACE_56_173,56,173,3.0188817769836214
2230,face,FACE_145_22,145,22,2.7300178744001764
2231,face,FACE_464_413,464,413,2.8489376086006137
2232,face,FACE_190_173,190,173,1.3461012045284277
2233,face,FACE_267_393,267,393,3.7956070377905187
2234,face,FACE_319_403,319,403,3.2235929277923865
2235,face,FACE_72_37,72,37,1.860512331306488
2236,face,FACE_232_26,232,26,1.4380141265391964
2237,face,FACE_292_306,292,306,0.5234856875946
2238,face,FACE_403_402,403,402,0.6993781990194321
2239,face,FACE_320_404,320,404,3.5491536401310264
2240,face,FACE_360_440,360,440,4.531372042851275
2241,face,FACE_441_285,441,285,4.181500700840631
2242,face,FACE_368_301,368,301,6.269333728347902
2243,face,FACE_425_426,425,426,5.286837291695582
2244,face,FACE_2_94,2,94,1.5501012266666592
2245,face,FACE_341_463,341,463,1.3230408791998474
2246,face,FACE_208_199,208,199,4.569477822872973
2247,face,FACE_215_58,215,58,5.031230577626372
2248,face,FACE_407_408,407,408,0.6581866202893139
2249,face,FACE_101_36,101,36,3.4668010968852596
2250,face,FACE_455_305,455,305,1.9420238613199086
2251,face,FACE_400_369,400,369,3.4070939637348707
2252,face,FACE_126_129,126,129,6.160652377898038
2253,face,FACE_233_112,233,112,1.2739987437944986
2254,face,FACE_412_343,412,343,3.314524064073392
2255,face,FACE_458_459,458,459,1.8316763004460461
2256,face,FACE_63_46,63,46,4.025764153173722
2257,face,FACE_135_214,135,214,5.929689363617719
2258,face,FACE_421_428,421,428,4.189033396437639
2259,face,FACE_86_178,86,178,1.4775074734829627
2260,face,FACE_449_346,449,346,6.9709141721563945
2261,face,FACE_301_368,301,368,6.269333728347902
2262,face,FACE_137_116,137,116,7.887552014730816
2263,face,FACE_450_347,450,347,6.572517009858379
2264,face,FACE_237_239,237,239,0.9889122583708199
2265,face,FACE_83_181,83,181,5.22283975784534
2266,face,FACE_170_149,170,149,3.99614701913402
2267,face,FACE_243_133,243,133,0.5526313927033077
2268,face,FACE_384_258,384,258,3.5467671918446677
2269,face,FACE_370_94,370,94,1.178401352796004
2270,face,FACE_208_32,208,32,3.5579884807689006
2271,face,FACE_40_39,40,39,1.9092218295482484
2272,face,FACE_155_26,155,26,1.8149763635346534
2273,face,FACE_207_216,207,216,3.308413694397008
2274,face,FACE_213_147,213,147,5.356315734061083
2275,face,FACE_453_357,453,357,1.7169102926832647
2276,face,FACE_11_12,11,12,1.3340647932896634
2277,face,FACE_71_63,71,63,2.1119446943575757
2278,face,FACE_290_250,290,250,3.2438989861204797
2279,face,FACE_128_188,128,188,0.7626660540724224
2280,face,FACE_409_287,409,287,4.96051075072336
2281,face,FACE_268_311,268,311,3.6251510634284316
2282,face,FACE_334_293,334,293,6.360897040173218
2283,face,FACE_440_274,440,274,4.325590946663187
2284,face,FACE_44_45,44,45,3.001037617093896
2285,face,FACE_98_165,98,165,4.551129881695739
2286,face,FACE_304_270,304,270,1.161201451171347
2287,face,FACE_22_26,22,26,2.037258208528094
2288,face,FACE_455_439,455,439,1.0872349952869567
2289,face,FACE_74_73,74,73,1.4270053473063655
2290,face,FACE_66_69,66,69,6.027549128334928
2291,face,FACE_31_111,31,111,3.0097061645045975
2292,face,FACE_131_198,131,198,2.8875633645024186
2293,face,FACE_184_61,184,61,1.1859923535212276
2294,face,FACE_28_222,28,222,1.6231429222617393
2295,face,FACE_410_287,410,287,3.7984387450139026
2296,face,FACE_436_425,436,425,7.489068232847888
2297,face,FACE_409_408,409,408,0.9317223158083299
2298,face,FACE_223_52,223,52,2.804877680531189
2299,face,FACE_428_421,428,421,4.189033396437639
2300,face,FACE_376_411,376,411,6.677095083085672
2301,face,FACE_141_19,141,19,0.8695708237092424
2302,face,FACE_144_24,144,24,1.8252143132840226
2303,face,FACE_123_50,123,50,2.235209527432204
2304,face,FACE_142_100,142,100,3.1363013519012815
2305,face,FACE_442_441,442,441,4.459599826964971
2306,face,FACE_421_418,421,418,5.765692134987972
2307,face,FACE_448_255,448,255,3.0969187826899423
2308,face,FACE_138_215,138,215,5.309904488829585
2309,face,FACE_443_442,443,442,4.03747849298719
2310,face,FACE_62_76,62,76,0.740911732698107
2311,face,FACE_355_329,355,329,4.232210391582284
2312,face,FACE_375_307,375,307,1.0350787275809643
2313,face,FACE_227_143,227,143,6.932276286923815
2314,face,FACE_20_79,20,79,3.0172248707637968
2315,face,FACE_39_92,39,92,3.3793930380498187
2316,face,FACE_24_229,24,229,2.849928275143486
2317,face,FACE_250_392,250,392,5.430894328227268
2318,face,FACE_219_59,219,59,1.6104073487461255
2319,face,FACE_36_203,36,203,3.8295858217181626
2320,face,FACE_223_29,223,29,2.3555436985218514
2321,face,FACE_209_131,209,131,1.2088165165247142
2322,face,FACE_328_460,328,460,4.202393477401638
2323,face,FACE_206_205,206,205,4.003373141449199
2324,face,FACE_347_330,347,330,6.63269227921371
2325,face,FACE_306_292,306,292,0.5234856875946
2326,face,FACE_2_326,2,326,4.0593534075480235
2327,face,FACE_184_74,184,74,1.2068167095543374
2328,face,FACE_457_461,457,461,2.5241121734625245
2329,face,FACE_228_229,228,229,1.7004951546316587
2330,face,FACE_368_389,368,389,6.056746186970139
2331,face,FACE_239_238,239,238,1.666662874050407
2332,face,FACE_85_180,85,180,1.9715230031519173
2333,face,FACE_137_227,137,227,6.302949755226289
2334,face,FACE_171_140,171,140,3.66571329738196
2335,face,FACE_210_211,210,211,3.8802639436844397
2336,face,FACE_138_192,138,192,5.188083865143523
2337,face,FACE_77_96,77,96,0.7641187811704788
2338,face,FACE_458_462,458,462,1.0112952581705468
2339,face,FACE_344_440,344,440,3.6106921549220186
2340,face,FACE_11_267,11,267,4.103647369947959
2341,face,FACE_242_20,242,20,0.5696540318736215
2342,face,FACE_126_217,126,217,2.528566690804149
2343,face,FACE_243_244,243,244,0.87768089796317
2344,face,FACE_324_318,324,318,2.2492289230217124
2345,face,FACE_211_32,211,32,3.3972349411923295
2346,face,FACE_55_193,55,193,4.510012012655785
2347,face,FACE_395_378,395,378,4.123011350241281
2348,face,FACE_202_212,202,212,4.083884366074094
2349,face,FACE_360_420,360,420,2.13182453157256
2350,face,FACE_325_319,325,319,2.413395608451672
2351,face,FACE_457_438,457,438,3.2451030804338887
2352,face,FACE_40_186,40,186,2.928096470322341
2353,face,FACE_276_283,276,283,4.876771958810443
2354,face,FACE_294_331,294,331,1.7105877440284605
2355,face,FACE_242_141,242,141,0.6982545912853064
2356,face,FACE_187_205,187,205,4.684004063246596
2357,face,FACE_396_199,396,199,7.796128806217525
2358,face,FACE_268_13,268,13,2.8323713491727496
2359,face,FACE_292_407,292,407,1.9003711841279742
2360,face,FACE_298_301,298,301,7.261715988127992
2361,face,FACE_404_319,404,319,3.382736075216547
2362,face,FACE_9_55,9,55,5.566115263971961
2363,face,FACE_370_326,370,326,4.2030966432158685
2364,face,FACE_68_104,68,104,4.119484532858512
2365,face,FACE_281_248,281,248,2.8890297539927148
2366,face,FACE_230_23,230,23,2.3576283570305
2367,face,FACE_74_184,74,184,1.2068167095543374
2368,face,FACE_320_325,320,325,2.2112223288139226
2369,face,FACE_141_94,141,94,0.9817909561864406
2370,face,FACE_60_20,60,20,0.8588948389537524
2371,face,FACE_97_167,97,167,2.526533925039748
2372,face,FACE_104_63,104,63,6.666605367616053
2373,face,FACE_283_443,283,443,6.121549870925752
2374,face,FACE_69_105,69,105,7.363397229943882
2375,face,FACE_300_383,300,383,5.113273343989127
2376,face,FACE_48_131,48,131,3.3354684244430275
2377,face,FACE_401_435,401,435,7.045968153072262
2378,face,FACE_74_40,74,40,1.105171203472133
2379,face,FACE_258_386,258,386,3.6388978321332015
2380,face,FACE_86_14,86,14,2.931932126641397
2381,face,FACE_364_367,364,367,6.998542835311461
2382,face,FACE_432_422,432,422,4.8129061307945555
2383,face,FACE_424_418,424,418,5.222461601442296
2384,face,FACE_177_132,177,132,4.500771830411185
2385,face,FACE_282_334,282,334,2.7695236610404343
2386,face,FACE_329_266,329,266,5.952126941099434
2387,face,FACE_394_395,394,395,6.26189819569351
2388,face,FACE_372_264,372,264,6.366110792267932
2389,face,FACE_430_434,430,434,7.396364392774676
2390,face,FACE_117_123,117,123,7.235401260177785
2391,face,FACE_88_96,88,96,1.2357221854367286
2392,face,FACE_180_179,180,179,1.2886251013555574
2393,face,FACE_406_405,406,405,3.82976454732969
2394,face,FACE_45_134,45,134,1.999681595740394
2395,face,FACE_53_223,53,223,3.8540066025113404
2396,face,FACE_91_106,91,106,2.676051851254394
2397,face,FACE_271_302,271,302,4.108635678067817
2398,face,FACE_283_276,283,276,4.876771958810443
2399,face,FACE_76_62,76,62,0.740911732698107
2400,face,FACE_236_51,236,51,1.1263182155667268
2401,face,FACE_96_77,96,77,0.7641187811704788
2402,face,FACE_8_193,8,193,4.430095469325758
2403,face,FACE_247_246,247,246,1.3626180884258385
2404,face,FACE_368_356,368,356,10.654056391427803
2405,face,FACE_100_47,100,47,2.879763177603815
2406,face,FACE_279_278,279,278,1.6217927271551857
2407,face,FACE_452_349,452,349,3.6139152828439887
2408,face,FACE_379_365,379,365,8.069700586829812
2409,face,FACE_38_72,38,72,1.54443120702388
2410,face,FACE_399_343,399,343,3.820842660182049
2411,face,FACE_257_259,257,259,3.133942452096721
2412,face,FACE_377_175,377,175,8.181391663474571
2413,face,FACE_249_255,249,255,2.1897584396098084
2414,face,FACE_354_457,354,457,3.4654259279393362
2415,face,FACE_239_241,239,241,1.8124991470539382
2416,face,FACE_312_311,312,311,3.2468196487130654
2417,face,FACE_150_169,150,169,4.466680406059374
2418,face,FACE_157_28,157,28,3.473027778084883
2419,face,FACE_182_201,182,201,5.1271599477619185
2420,face,FACE_19_94,19,94,1.4548397191560354
2421,face,FACE_39_72,39,72,2.8968482128727326
2422,face,FACE_4_51,4,51,3.2064483287930776
2423,face,FACE_97_242,97,242,1.4866603706338561
2424,face,FACE_290_328,290,328,0.9066382050415426
2425,face,FACE_336_295,336,295,6.4217744599598525
2426,face,FACE_194_211,194,211,3.2189158903552078
2427,face,FACE_293_333,293,333,7.123718166146566
2428,face,FACE_340_265,340,265,3.890809443748805
2429,face,FACE_25_110,25,110,1.0472494587005534
2430,face,FACE_291_409,291,409,2.0739627262710436
2431,face,FACE_445_467,445,467,2.3223572441053006
2432,face,FACE_366_323,366,323,5.47064190586728
2433,face,FACE_46_53,46,53,2.5924957613882307
2434,face,FACE_278_439,278,439,1.4265242932482485
2435,face,FACE_65_66,65,66,2.4086526339207825
2436,face,FACE_430_424,430,424,7.140325744134956
2437,face,FACE_68_71,68,71,4.750174716099482
2438,face,FACE_5_51,5,51,2.060765574811842
2439,face,FACE_30_224,30,224,2.4549355636966754
2440,face,FACE_186_212,186,212,4.19774986226476
2441,face,FACE_138_172,138,172,4.963034317293537
2442,face,FACE_98_99,98,99,2.3390163339874226
2443,face,FACE_85_16,85,16,2.686664051538661
2444,face,FACE_431_424,431,424,4.051968223933992
2445,face,FACE_244_189,244,189,2.8462985986654608
2446,face,FACE_290_305,290,305,2.1049312871769246
2447,face,FACE_454_264,454,264,9.759290798016009
2448,face,FACE_373_339,373,339,3.813713338716364
2449,face,FACE_240_75,240,75,0.7908650318287626
2450,face,FACE_445_444,445,444,3.648943559318073
2451,face,FACE_112_155,112,155,0.7941696193374606
2452,face,FACE_392_438,392,438,2.2848769008205174
2453,face,FACE_135_138,135,138,3.810418994310916
2454,face,FACE_216_212,216,212,5.77977831997769
2455,face,FACE_122_168,122,168,5.073369342832173
2456,face,FACE_26_231,26,231,3.2318550078103763
2457,face,FACE_129_64,129,64,1.1764288004298844
2458,face,FACE_446_265,446,265,3.852646559038867
2459,face,FACE_203_129,203,129,3.019460895678154
2460,face,FACE_143_227,143,227,6.932276286923815
2461,face,FACE_457_274,457,274,2.740585017092255
2462,face,FACE_220_218,220,218,2.301625787844476
2463,face,FACE_18_83,18,83,3.1468004765497883
2464,face,FACE_357_452,357,452,3.4012816436494844
2465,face,FACE_277_343,277,343,3.11134269598113
2466,face,FACE_270_304,270,304,1.161201451171347
2467,face,FACE_261_255,261,255,3.5863652290148895
2468,face,FACE_41_72,41,72,1.9835646274239465
2469,face,FACE_393_2,393,2,5.081155781748901
2470,face,FACE_231_232,231,232,2.4431546153817507
2471,face,FACE_16_15,16,15,1.5297202749255723
2472,face,FACE_261_340,261,340,4.465070672150628
2473,face,FACE_448_346,448,346,4.060034063966798
2474,face,FACE_381_256,381,256,1.4787051438668966
2475,face,FACE_467_445,467,445,2.3223572441053006
2476,face,FACE_393_267,393,267,3.7956070377905187
2477,face,FACE_17_16,17,16,1.847592595057135
2478,face,FACE_262_421,262,421,7.481672438047327
2479,face,FACE_296_334,296,334,6.838036509562506
2480,face,FACE_49_48,49,48,1.500574050966725
2481,face,FACE_297_299,297,299,7.125836487113343
2482,face,FACE_182_83,182,83,3.0350754184697535
2483,face,FACE_227_234,227,234,4.495259145953373
2484,face,FACE_201_182,201,182,5.1271599477619185
2485,face,FACE_374_253,374,253,1.681940238363186
2486,face,FACE_27_29,27,29,2.2103900029788766
2487,face,FACE_403_316,403,316,3.595588304087449
2488,face,FACE_148_175,148,175,4.3607071766768915
2489,face,FACE_213_192,213,192,3.51837013068595
2490,face,FACE_219_235,219,235,1.0916273876578464
2491,face,FACE_63_104,63,104,6.666605367616053
2492,face,FACE_104_105,104,105,4.239647052193769
2493,face,FACE_256_382,256,382,1.5657722884436671
2494,face,FACE_128_233,128,233,0.9494450226064736
2495,face,FACE_302_269,302,269,4.7801766939059975
2496,face,FACE_293_300,293,300,5.804252585063879
2497,face,FACE_59_219,59,219,1.6104073487461255
2498,face,FACE_465_412,465,412,2.2646018940583916
2499,face,FACE_423_266,423,266,4.233395488209599
2500,face,FACE_260_388,260,388,2.3399790260462385
2501,face,FACE_307_320,307,320,2.6494450384229387
2502,face,FACE_113_226,113,226,2.8254275257425947
2503,face,FACE_51_134,51,134,1.8963290425881802
2504,face,FACE_446_255,446,255,4.013711299404889
2505,face,FACE_47_100,47,100,2.879763177603815
2506,face,FACE_147_187,147,187,1.2280873024695658
2507,face,FACE_460_455,460,455,1.0747791936694429
2508,face,FACE_151_337,151,337,7.210504208762391
2509,face,FACE_165_92,165,92,2.533483614086668
2510,face,FACE_263_255,263,255,1.7082889545653155
2511,face,FACE_182_181,182,181,3.1317372427465404
2512,face,FACE_442_257,442,257,4.077633260095453
2513,face,FACE_389_251,389,251,7.2327233655553504
2514,face,FACE_60_75,60,75,1.1568674579745348
2515,face,FACE_57_186,57,186,3.1120024339179615
2516,face,FACE_258_441,258,441,5.090579289349113
2517,face,FACE_413_464,413,464,2.8489376086006137
2518,face,FACE_339_249,339,249,2.0438097856116673
2519,face,FACE_131_220,131,220,0.6486204571770042
2520,face,FACE_376_433,376,433,5.782006486360357
2521,face,FACE_235_48,235,48,2.1429984525086443
2522,face,FACE_112_243,112,243,1.2962835472588528
2523,face,FACE_312_268,312,268,0.5994204722997039
2524,face,FACE_84_181,84,181,2.3032783667251477
2525,face,FACE_238_239,238,239,1.666662874050407
2526,face,FACE_102_49,102,49,1.4896787671237341
2527,face,FACE_456_281,456,281,4.1312224903398125
2528,face,FACE_40_74,40,74,1.105171203472133
2529,face,FACE_352_340,352,340,9.682979482364903
2530,face,FACE_299_334,299,334,7.8352296095164276
2531,face,FACE_31_25,31,25,2.6804403138636292
2532,face,FACE_212_186,212,186,4.19774986226476
2533,face,FACE_271_272,271,272,3.045986200960547
2534,face,FACE_425_330,425,330,7.852721743140024
2535,face,FACE_51_3,51,3,3.085466426961866
2536,face,FACE_303_304,303,304,3.401823000303791
2537,face,FACE_314_313,314,313,3.8957046435742817
2538,face,FACE_254_448,254,448,5.649326113213011
2539,face,FACE_360_429,360,429,2.957328435092766
2540,face,FACE_316_14,316,14,3.1181471165694834
2541,face,FACE_180_90,180,90,1.3499251555326872
2542,face,FACE_233_245,233,245,1.7453264425412751
2543,face,FACE_295_336,295,336,6.4217744599598525
2544,face,FACE_336_337,336,337,8.003511648740403
2545,face,FACE_101_205,101,205,7.730515009725719
2546,face,FACE_28_221,28,221,3.3383312804258813
2547,face,FACE_315_314,315,314,1.904498412181284
2548,face,FACE_341_452,341,452,2.3589395884814937
2549,face,FACE_67_69,67,69,5.122779886690211
2550,face,FACE_318_325,318,325,2.6170801989312733
2551,face,FACE_144_23,144,23,2.7011499216287396
2552,face,FACE_337_338,337,338,7.359510824000876
2553,face,FACE_348_347,348,347,6.0761645816729954
2554,face,FACE_275_363,275,363,4.689676886920971
2555,face,FACE_147_177,147,177,2.9738137729817367
2556,face,FACE_181_90,181,90,2.432930776602961
2557,face,FACE_366_401,366,401,7.265763450229647
2558,face,FACE_218_237,218,237,0.6415329210351193
2559,face,FACE_63_71,63,71,2.1119446943575757
2560,face,FACE_338_10,338,10,8.522606760580368
2561,face,FACE_402_403,402,403,0.6993781990194321
2562,face,FACE_375_306,375,306,1.7916692736334092
2563,face,FACE_72_39,72,39,2.8968482128727326
2564,face,FACE_24_228,24,228,3.539586391553429
2565,face,FACE_292_308,292,308,0.14127854209412635
2566,face,FACE_403_404,403,404,1.2334866245766656
2567,face,FACE_61_146,61,146,1.1763010156594378
2568,face,FACE_369_262,369,262,4.160601283562507
2569,face,FACE_395_400,395,400,8.085675320428049
2570,face,FACE_165_203,165,203,4.753546894828759
2571,face,FACE_430_394,430,394,5.269233553130012
2572,face,FACE_75_166,75,166,1.6412630370242993
2573,face,FACE_110_7,110,7,2.114787614695274
2574,face,FACE_281_5,281,5,2.6863242762779493
2575,face,FACE_207_205,207,205,5.344751751454535
2576,face,FACE_112_233,112,233,1.2739987437944986
2577,face,FACE_198_236,198,236,2.440185313858569
2578,face,FACE_227_34,227,34,6.256023245253573
2579,face,FACE_458_461,458,461,0.9691457424881516
2580,face,FACE_129_142,129,142,3.525793946201009
2581,face,FACE_334_282,334,282,2.7695236610404343
2582,face,FACE_201_18,201,18,5.146684741853663
2583,face,FACE_33_25,33,25,1.7421432972434396
2584,face,FACE_166_60,166,60,2.722143188068572
2585,face,FACE_251_284,251,284,8.196654010878138
2586,face,FACE_226_111,226,111,5.343801428140199
2587,face,FACE_169_214,169,214,9.719144453504015
2588,face,FACE_325_318,325,318,2.6170801989312733
2589,face,FACE_450_349,450,349,4.46454655312393
2590,face,FACE_40_185,40,185,1.4635812558352763
2591,right_hand,RIGHT_HAND_3_4,3,4,11.851801563670692
2592,right_hand,RIGHT_HAND_0_5,0,5,45.57140490826687
2593,right_hand,RIGHT_HAND_17_18,17,18,5.325130328693254
2594,right_hand,RIGHT_HAND_0_17,0,17,37.480912270489334
2595,right_hand,RIGHT_HAND_13_14,13,14,5.612006971991459
2596,right_hand,RIGHT_HAND_13_17,13,17,11.975784591517467
2597,right_hand,RIGHT_HAND_18_19,18,19,11.720701384838328
2598,right_hand,RIGHT_HAND_5_6,5,6,11.962681171550393
2599,right_hand,RIGHT_HAND_5_9,5,9,12.116570273505602
2600,right_hand,RIGHT_HAND_14_15,14,15,14.293291962620023
2601,right_hand,RIGHT_HAND_0_1,0,1,15.249123189072842
2602,right_hand,RIGHT_HAND_9_10,9,10,4.727137616709266
2603,right_hand,RIGHT_HAND_1_2,1,2,15.828940245689946
2604,right_hand,RIGHT_HAND_9_13,9,13,11.843034311442377
2605,right_hand,RIGHT_HAND_10_11,10,11,9.560278376015875
2606,right_hand,RIGHT_HAND_19_20,19,20,9.93818159449947
2607,right_hand,RIGHT_HAND_6_7,6,7,3.473623316143859
2608,right_hand,RIGHT_HAND_15_16,15,16,11.921637230424352
2609,right_hand,RIGHT_HAND_2_3,2,3,12.946459368244051
2610,right_hand,RIGHT_HAND_11_12,11,12,10.727935413086778
2611,right_hand,RIGHT_HAND_7_8,7,8,2.9213525643122917
